INFOCODE,MARKETDATE,ADV20,ADV63,ADV20_ADJ,ADV63_ADJ
6347,2026-08-04,1158565.35,1307168.0,1172471.3645462159,1324293.7253768241
36100,2026-08-04,20956909.55,25510788.15873016,20956909.55,25510788.15873016
39985,2026-08-04,39102865.35,31391218.174603175,39102865.35,31391218.174603175
39988,2026-08-04,38930942.55,41110624.93650793,38930942.55,41110624.93650793
40142,2026-08-04,12611516.1,12517294.42857143,12611516.099999975,12517294.428571595
42241,2026-08-04,282431.5,451688.0,282431.5,451688.0
45293,2026-08-04,49549248.25,50447488.79365079,49549248.25,50447488.79365079
46092,2026-08-04,3147263.5,3237332.1904761903,3147263.5,3237332.1904761903
46113,2026-08-04,39442096.7,41935544.85714286,39442096.700000264,41935544.85714307
46120,2026-08-04,17514785.3,17829712.936507937,17514785.3,17829712.936507937
46150,2026-08-04,2772629.5,2784430.365079365,2772629.5,2784430.365079365
46157,2026-08-04,6076015.2,6543372.206349206,6076015.2,6543372.206349206
46169,2026-08-04,8740392.55,10121016.015873017,8740392.549999917,10121016.015872993
46171,2026-08-04,14599018.7,16665631.761904761,14599018.699999988,16665631.761904769
46182,2026-08-04,15108786.95,18827353.34920635,15108786.950000197,18827353.349206403
46238,2026-08-04,3924294.05,4758608.746031746,3924294.0500000594,4758608.74603166
46243,2026-08-04,961855.5,904476.6666666666,961855.5000000041,904476.6666666586
46244,2026-08-04,14319456.5,11309704.333333334,14319456.499999981,11309704.333333299
46415,2026-08-04,13048100.65,14206729.761904761,13048100.65,14206729.761904761
46418,2026-08-04,7063022.4,7899236.873015873,7063022.4,7899236.873015873
46422,2026-08-04,8628326.9,8849935.61904762,8628326.9,8849935.619047616
46588,2026-08-04,21320883.85,23270494.396825396,21320883.85,23270494.396825343
46668,2026-08-04,4613337.25,4671544.349206349,4613337.25,4671544.349206349
46669,2026-08-04,11204215.2,10690044.603174603,11204215.2,10690044.603174599
46712,2026-08-04,116441677.8,128854138.04761904,116441677.8,128854138.04761904
49155,2026-08-04,2030763.35,2232658.26984127,2030763.35,2232658.26984127
49161,2026-08-04,266537.85,271847.85714285716,266537.8499999996,271847.8571428575
49167,2026-08-04,39410096.25,28932590.698412698,39410096.25,28932590.698412698
49187,2026-08-04,305024.55,245029.66666666666,305024.55,245029.66666666666
49211,2026-08-04,47360346.0,65569533.50793651,47360346.0,65569533.50793651
49234,2026-08-04,2846396.45,3038098.888888889,2846396.449999994,3038098.8888889304
49256,2026-08-04,4223399.5,4503725.507936508,4223399.5,4503725.507936508
49272,2026-08-04,346892.0,643255.1746031746,346892.0,643255.1746031746
49310,2026-08-04,100780.1,99267.19047619047,100780.1,99267.19047619047
49350,2026-08-04,5174205.9,5494313.095238095,5174205.900000009,5494313.095238086
49353,2026-08-04,2455792.65,2693788.73015873,2455792.65,2693788.730158735
49359,2026-08-04,304961.7,389705.74603174604,304961.7000000002,389705.74603174673
49381,2026-08-04,9018502.05,8923275.603174603,9018502.049999967,8923275.603174595
49385,2026-08-04,171806.5,166695.12698412698,171806.5,166695.12698412698
49395,2026-08-04,122844.35,159254.90476190476,122844.35,159254.90476190476
49441,2026-08-04,171178.6,237253.3650793651,171178.6,237253.3650793651
49443,2026-08-04,3743534.0,4291762.063492063,3743533.9999996545,4291762.063492226
49445,2026-08-04,359950.15,492784.8095238095,359950.15,492784.8095238095
49459,2026-08-04,1238338.0,1054805.380952381,1238337.9999999949,1054805.3809523925
49461,2026-08-04,72307.5,74871.68253968254,72307.4999999999,74871.6825396824
49480,2026-08-04,8971932.35,9982687.047619049,8971932.35,9982687.047619049
49497,2026-08-04,107254.2,127921.95238095238,107254.2,127921.95238095238
49524,2026-08-04,776471.1,834849.3015873015,776471.1,834849.3015873015
49529,2026-08-04,94936.45,100488.55555555556,94936.45,100488.55555555556
49537,2026-08-04,821070.45,847438.2380952381,821070.4499999986,847438.2380952386
49550,2026-08-04,399634.35,335535.1904761905,399634.35,335535.1904761905
49560,2026-08-04,167560.75,165927.44444444444,167560.75,165927.44444444444
49562,2026-08-04,189037.65,246438.44444444444,189037.65,246438.44444444444
49563,2026-08-04,279390.05,220751.2380952381,279390.05,220751.2380952381
49564,2026-08-04,336265.45,451740.65079365077,336265.45,451740.65079365077
49574,2026-08-04,9154295.25,7803887.158730159,9154295.25,7803887.158730159
49584,2026-08-04,176600.85,280529.6349206349,176600.85,280529.6349206349
49588,2026-08-04,241237.55,224628.61904761905,241237.55,224628.61904761905
49596,2026-08-04,6773145.15,5235694.984126984,6773145.1499999715,5235694.984127006
49608,2026-08-04,528748.3,610220.2698412698,528748.3000000067,610220.2698412735
49633,2026-08-04,528810.7,424413.74603174604,528810.7000000015,424413.746031746
49670,2026-08-04,523396.15,678277.8571428572,523396.15,678277.8571428572
49673,2026-08-04,457607.5,913800.380952381,457607.5,913800.3809523814
49708,2026-08-04,202116.45,254608.50793650793,202116.45,254608.50793650793
49725,2026-08-04,1086471.7,968975.253968254,1086471.7,968975.253968254
49733,2026-08-04,171506.1,330328.4761904762,171506.10000000018,330328.4761904761
49734,2026-08-04,653316.55,613406.2222222222,653316.55,613406.2222222222
49754,2026-08-04,123503.85,180876.79365079364,123503.85,180876.79365079364
49764,2026-08-04,1098048.9,1413322.492063492,1098048.9,1413322.492063492
49784,2026-08-04,300460.4,293573.3968253968,300460.4,293573.3968253969
49787,2026-08-04,818385.9,1002196.7142857143,818385.8999999994,1002196.714285715
49792,2026-08-04,517019.9,597881.4603174604,517019.90000000095,597881.4603174573
49830,2026-08-04,617957.9,831837.7619047619,617957.9,831837.7619047619
49847,2026-08-04,349462.15,315065.84126984124,349462.15,315065.84126984124
49856,2026-08-04,197522.5,251274.95238095237,197522.5,251274.95238095237
49860,2026-08-04,33522.55,36420.63492063492,33522.55,36420.63492063492
49895,2026-08-04,1388168.0,1711153.873015873,1388168.0,1711153.873015873
49903,2026-08-04,1431867.45,1377525.253968254,1431867.45,1377525.253968254
49918,2026-08-04,1117104.1,1754952.7936507936,1117104.1,1754952.7936507936
49934,2026-08-04,182116.95,261494.50793650793,182116.95,261494.50793650793
49941,2026-08-04,2197524.0,2325619.5396825396,2197524.0,2325619.5396825396
49944,2026-08-04,35252.7,47451.619047619046,35252.7,47451.619047619046
49961,2026-08-04,325144.35,339945.7619047619,325144.3500000009,339945.7619047625
49964,2026-08-04,3963337.15,4481604.126984127,3963337.1499999985,4481604.126984128
49972,2026-08-04,295305.6,356705.65079365077,295305.5999999993,356705.65079365176
49991,2026-08-04,2687154.75,3383599.1904761903,2687154.749999994,3383599.1904761866
50018,2026-08-04,3511700.3,4228752.904761905,3511700.3,4228752.904761905
50035,2026-08-04,298189.05,242104.3492063492,298189.05,242104.3492063492
50049,2026-08-04,786870.75,1011540.2698412698,786870.75,1011540.2698412698
50057,2026-08-04,320205.85,354026.7619047619,320205.849999999,354026.7619047585
50058,2026-08-04,8455661.9,8169446.682539683,8455661.9,8169446.682539685
50080,2026-08-04,871942.45,1024419.0634920635,871942.45,1024419.0634920635
50097,2026-08-04,1034092.05,1460099.2222222222,1034092.0500000004,1460099.2222222225
50104,2026-08-04,1385100.95,1957819.3333333333,1385100.95,1957819.3333333342
50106,2026-08-04,2569296.35,3258755.015873016,2569296.35,3258755.015873016
50108,2026-08-04,1834354.0,2768763.3174603176,1834353.9999999986,2768763.3174603176
50111,2026-08-04,7264871.9,6568227.031746032,7264871.900000003,6568227.031746032
50159,2026-08-04,345301.0,336812.01587301586,345301.0,336812.01587301586
50161,2026-08-04,451633.15,363827.20634920633,451633.15,363827.20634920633
50201,2026-08-04,350583.9,336222.77777777775,350583.9000000004,336222.77777777775
50209,2026-08-04,280789.1,201218.22222222222,280789.1,201218.22222222222
50218,2026-08-04,56390.55,75339.03174603175,56390.55,75339.03174603175
50219,2026-08-04,714844.45,686814.0634920635,714844.45,686814.0634920635
50225,2026-08-04,1913788.55,1364993.8412698412,1913788.55,1364993.8412698412
50252,2026-08-04,547375.2,512523.3333333333,547375.2,512523.3333333333
50258,2026-08-04,307858.2,325813.74603174604,307858.2000000002,325813.74603174545
50301,2026-08-04,854652.9,1040143.873015873,854652.9,1040143.8730158726
50309,2026-08-04,5376489.3,5432807.650793651,5376489.3,5432807.650793651
50310,2026-08-04,554011.65,582654.6031746032,554011.65,582654.6031746032
50311,2026-08-04,348417.75,328618.09523809527,348417.75,328618.09523809527
50334,2026-08-04,415522.6,611524.2698412698,415522.6,611524.2698412698
50336,2026-08-04,140090.3,135737.95238095237,140090.2999999999,135737.95238095228
50338,2026-08-04,1690037.9,1142689.746031746,1690037.9,1142689.746031746
50346,2026-08-04,5036286.85,4051859.3333333335,5036286.85,4051859.3333333335
50356,2026-08-04,2969430.5,3302174.0793650793,2969430.5,3302174.07936508
50364,2026-08-04,170207.0,235549.04761904763,170207.0,235549.04761904763
50381,2026-08-04,1832561.15,2407756.1904761903,1832561.15,2407756.1904761903
50395,2026-08-04,602076.8,666735.2698412698,602076.8,666735.2698412698
50396,2026-08-04,65792.7,55341.5873015873,65792.7,55341.5873015873
50417,2026-08-04,674843.9,629230.9682539683,674843.9,629230.9682539683
50421,2026-08-04,779452.0,1126400.238095238,779452.0,1126400.238095238
50425,2026-08-04,1367478.25,1290585.1904761905,1367478.25,1290585.1904761905
50426,2026-08-04,153046.65,158717.90476190476,153046.65,158717.90476190476
50434,2026-08-04,786289.5,880661.9841269841,786289.4999999985,880661.9841269823
50444,2026-08-04,269235.1,183631.11111111112,269235.1,183631.11111111112
50511,2026-08-04,544884.3,602452.9206349206,544884.3,602452.9206349206
50523,2026-08-04,274889.5,267029.44444444444,274889.5,267029.44444444444
50554,2026-08-04,583809.85,732368.6349206349,583809.8500000008,732368.6349206342
50569,2026-08-04,954738.55,1252417.142857143,954738.55,1252417.142857143
50576,2026-08-04,41777.25,68610.87301587302,41777.24999999977,68610.87301587343
50586,2026-08-04,2361493.1,2677562.904761905,2361493.1,2677562.904761905
50598,2026-08-04,25387.1,24074.873015873014,25387.1,24074.873015873014
50614,2026-08-04,880071.4,836908.1904761905,880071.4,836908.1904761905
50617,2026-08-04,1366067.75,1788839.349206349,1366067.7500000012,1788839.3492063496
50638,2026-08-04,3898011.7,3879193.4444444445,3898011.6999999895,3879193.444444429
50659,2026-08-04,1187541.35,1035492.2857142857,1187541.35,1035492.2857142857
50679,2026-08-04,219626.35,256333.0158730159,439252.7,512666.0317460318
50684,2026-08-04,605779.8,761182.7777777778,605779.8,761182.7777777778
50706,2026-08-04,62688.75,63238.444444444445,62688.75,63238.444444444445
50717,2026-08-04,6192195.85,7605086.53968254,6192195.85,7605086.53968254
50731,2026-08-04,38546.45,48597.5873015873,38546.45,48597.5873015873
50750,2026-08-04,17577.75,20777.06349206349,17577.75,20777.06349206349
50771,2026-08-04,783346.45,809895.4603174604,783346.45,809895.4603174604
50784,2026-08-04,181475.55,228865.77777777778,181475.55,228865.77777777778
50787,2026-08-04,843146.9,849982.5873015873,843146.9,849982.5873015873
50791,2026-08-04,2298911.25,2215713.8412698414,2298911.25,2215713.8412698414
50805,2026-08-04,808729.75,908588.4761904762,808729.7500000044,908588.4761904766
50831,2026-08-04,101111.35,104573.04761904762,101111.35,104573.04761904762
50835,2026-08-04,692339.15,618446.8253968254,692339.15,618446.8253968254
50864,2026-08-04,498314.85,510940.01587301586,498314.85,510940.01587301586
50872,2026-08-04,2436043.3,2717357.0476190476,2436043.3,2717357.0476190476
50893,2026-08-04,2032118.2,2002505.9841269841,2032118.2000000118,2002505.984126997
50917,2026-08-04,95574.35,119485.66666666667,95574.35,119485.6666666667
50932,2026-08-04,307257.7,337346.6349206349,307257.70000000077,337346.6349206345
50947,2026-08-04,5280079.45,6547192.650793651,5280079.45,6547192.650793651
50961,2026-08-04,22368.55,36697.12698412698,22368.55000000001,36697.12698412699
50964,2026-08-04,227035.2,271960.4285714286,227035.20000000036,271960.42857142875
50990,2026-08-04,3224027.2,2976255.9365079366,3224027.2,2976255.9365079366
50995,2026-08-04,177424.95,166140.7142857143,177424.9499999999,166140.7142857143
51004,2026-08-04,2850179.6,3095136.6825396824,2850179.6,3095136.6825396824
51032,2026-08-04,3523944.55,4241513.80952381,3523944.5500000715,4241513.809523792
51066,2026-08-04,239483.5,244974.6507936508,239483.5,244974.6507936508
51076,2026-08-04,175339.6,139326.47619047618,175339.6,139326.47619047618
51077,2026-08-04,7922730.3,8677332.492063493,7922730.3,8677332.492063493
51105,2026-08-04,927240.85,1016157.8571428572,927240.85,1016157.8571428572
51134,2026-08-04,381699.55,398433.4603174603,381699.55,398433.4603174603
51155,2026-08-04,277852.1,356987.25396825396,277852.1,356987.25396825396
51173,2026-08-04,438698.95,487767.5873015873,438698.95,487767.5873015873
51185,2026-08-04,889173.05,1188109.5873015872,889173.05,1188109.5873015872
51193,2026-08-04,51173.25,50148.619047619046,51173.25000000019,50148.619047619075
51199,2026-08-04,119547.75,120821.71428571429,119547.75,120821.71428571429
51202,2026-08-04,87691.9,79110.46031746031,87691.9,79110.46031746031
51205,2026-08-04,825859.0,704873.0793650794,825859.0,704873.0793650794
51207,2026-08-04,2161899.6,2559839.8412698414,2161899.6,2559839.8412698414
51211,2026-08-04,3155727.1,3162303.6666666665,3155727.1000000117,3162303.6666666744
51249,2026-08-04,99841.4,64469.84444444445,99841.4,64469.84444444445
51295,2026-08-04,358784.3,390913.9365079365,358784.3,390913.9365079365
51296,2026-08-04,764673.15,808853.4920634921,764673.15,808853.4920634921
51303,2026-08-04,752794.45,845431.2222222222,752794.4499999993,845431.222222222
51342,2026-08-04,1484767.3,1787398.126984127,1484767.2999999926,1787398.126984128
51345,2026-08-04,404686.45,477186.5873015873,404686.4499999996,477186.5873015873
51352,2026-08-04,192741.6,247462.84126984127,192741.6000000001,247462.8412698412
51379,2026-08-04,534513.3,417081.5238095238,534513.3,417081.5238095238
51388,2026-08-04,199642.2,372817.44444444444,199642.2,372817.44444444444
51392,2026-08-04,2183891.65,2929638.412698413,2183891.65,2929638.412698413
51400,2026-08-04,1209018.0,1189608.111111111,1209018.0,1189608.111111111
51425,2026-08-04,9135250.0,10861472.07936508,9135249.999999994,10861472.079365084
51429,2026-08-04,66112.15,105474.80952380953,66112.15,105474.80952380953
51451,2026-08-04,167353.9,157335.9365079365,167353.9,157335.9365079365
51528,2026-08-04,1807912.15,2119222.5714285714,1807912.15,2119222.5714285714
51547,2026-08-04,291301.4,384124.5396825397,291301.4000000002,384124.5396825398
51572,2026-08-04,1402726.8,1502708.603174603,1402726.8,1502708.603174603
51592,2026-08-04,459609.2,442943.1904761905,459609.2,442943.1904761903
51603,2026-08-04,521286.05,431690.6666666667,521286.05,431690.6666666667
51609,2026-08-04,403781.6,367160.8888888889,403781.6,367160.8888888889
51612,2026-08-04,865667.6,767642.5555555555,865667.6,767642.5555555555
51627,2026-08-04,1792997.45,2257630.3333333335,1792997.45,2257630.3333333335
51637,2026-08-04,66758.7,74323.12698412698,66758.7,74323.12698412698
51650,2026-08-04,4071001.15,4066912.587301587,4071001.150000046,4066912.5873015644
51657,2026-08-04,500864.2,443656.126984127,500864.2,443656.126984127
51672,2026-08-04,1453241.6,1630428.492063492,1453241.6,1630428.492063492
51679,2026-08-04,179748.25,466771.4126984127,179748.25,466771.4126984127
51683,2026-08-04,216288.5,221688.55555555556,216288.5000000003,221688.55555555562
51697,2026-08-04,975444.0,1264095.4761904762,975444.0,1264095.476190478
51700,2026-08-04,846648.0,916218.619047619,846648.0,916218.619047619
51726,2026-08-04,37188.35,36247.04761904762,37188.35,36247.04761904762
51754,2026-08-04,694109.85,772263.4126984127,694109.85,772263.4126984127
51778,2026-08-04,6110638.6,8173553.444444444,6110638.599999994,8173553.444444418
51781,2026-08-04,3308217.6,3187674.111111111,3308217.6,3187674.111111111
51789,2026-08-04,1586145.05,1765219.9365079366,1586145.05,1765219.9365079366
51793,2026-08-04,395729.55,410240.77777777775,395729.55,410240.77777777775
51823,2026-08-04,93571.6,115144.84126984127,93571.6,115144.84126984127
51828,2026-08-04,116940.45,128587.92063492064,116940.45,128587.92063492064
51843,2026-08-04,836300.1,814630.9523809524,836300.0999999985,814630.9523809531
51846,2026-08-04,9969662.4,14044841.095238095,9969662.4,14044841.095238095
51868,2026-08-04,47360.7,37988.079365079364,47360.7,37988.079365079364
51889,2026-08-04,909947.4,1159659.0317460317,909947.4000000015,1159659.0317460336
51906,2026-08-04,2141042.55,2332400.9365079366,2141042.55,2332400.9365079366
51922,2026-08-04,15676947.25,17955895.634920634,15676947.25,17955895.63492065
51936,2026-08-04,6295310.05,4803672.603174604,6295310.05,4803672.603174604
51939,2026-08-04,884331.2,691654.2698412698,884331.2,691654.2698412698
51949,2026-08-04,502807.15,675617.1904761905,502807.15,675617.1904761905
51959,2026-08-04,8159864.65,8887191.650793651,8159864.65,8887191.650793651
51979,2026-08-04,290416.75,131657.15873015873,290416.75,131657.15873015873
51982,2026-08-04,412930.25,516047.1111111111,412930.25,516047.1111111111
52036,2026-08-04,626720.95,711438.3650793651,626720.95,711438.3650793651
52038,2026-08-04,56692.7,93440.42857142857,56692.70000000009,93440.42857142857
52050,2026-08-04,394490.5,362646.98412698414,394490.5,362646.98412698414
52070,2026-08-04,1492002.0,1558395.5238095238,1492002.0000000023,1558395.5238095238
52105,2026-08-04,511030.5,532568.3492063492,511030.5,532568.3492063492
52107,2026-08-04,65337.25,73599.01587301587,65337.250000000095,73599.01587301627
52146,2026-08-04,8088318.55,8254893.047619048,8088318.55,8254893.047619048
52164,2026-08-04,443568.75,678115.5079365079,443568.75,678115.5079365079
52166,2026-08-04,86482.9,122968.14285714286,86482.8999999999,122968.1428571428
52167,2026-08-04,700816.3,806579.5238095238,700816.3,806579.5238095238
52175,2026-08-04,2639252.3,2737380.8571428573,2639252.3,2737380.8571428573
52202,2026-08-04,745192.7,1361061.2222222222,745192.7000000004,1361061.2222222222
52236,2026-08-04,733748.0,1000356.4761904762,733748.0,1000356.476190476
52243,2026-08-04,1775315.85,2514852.492063492,1775315.85,2514852.492063491
52254,2026-08-04,125451.05,135397.74603174604,125451.05,135397.74603174604
52266,2026-08-04,113681.2,105426.68253968254,113681.19999999995,105426.68253968257
52268,2026-08-04,520417.85,645744.5079365079,520417.85,645744.5079365079
52286,2026-08-04,307366.0,413606.14285714284,307366.0000000002,413606.1428571431
52298,2026-08-04,154833.15,209876.52380952382,154833.15,209876.52380952382
52311,2026-08-04,214118.7,215717.2857142857,214118.7,215717.2857142857
52315,2026-08-04,38862.75,33191.09523809524,38862.75,33191.09523809524
52318,2026-08-04,1398457.05,3097233.0317460317,1398457.05,3097233.0317460317
52337,2026-08-04,118415.95,115028.07936507936,118415.95,115028.07936507936
52343,2026-08-04,195915.6,291158.20634920633,195915.6,291158.20634920633
52360,2026-08-04,575856.2,422342.71428571426,575856.2,422342.71428571426
52363,2026-08-04,919807.8,911987.7301587302,1082652.708617966,1273676.884393995
52364,2026-08-04,1314045.05,1133954.650793651,1314045.05,1133954.650793651
52370,2026-08-04,546266.25,499302.5238095238,546266.25,499302.5238095238
52373,2026-08-04,1953175.9,2772358.1746031744,1953175.8999999552,2772358.174603131
52381,2026-08-04,108225.65,71041.68253968254,108225.65000000029,71041.68253968243
52386,2026-08-04,3761456.05,4393927.238095238,3761456.05,4393927.238095256
52399,2026-08-04,112280.35,119678.88888888889,112280.35,119678.88888888889
52400,2026-08-04,230269.95,303092.50793650793,230269.95,303092.50793650793
52411,2026-08-04,629500.45,1039918.6507936508,629500.45,1039918.6507936508
52420,2026-08-04,730692.85,788855.2698412698,730692.85,788855.2698412698
52427,2026-08-04,31020.6,32595.126984126986,31020.600000000024,32595.126984126993
52508,2026-08-04,1076034.65,1203003.111111111,1076034.649999999,1203003.1111111126
52516,2026-08-04,497953.15,506862.1904761905,497953.1500000001,506862.1904761905
52577,2026-08-04,7869797.25,11204334.92063492,7869797.25,11204334.92063492
52582,2026-08-04,26038.9,22011.52380952381,26038.9,22011.52380952381
52586,2026-08-04,719581.1,693682.9365079365,719581.1000000054,693682.9365079346
52590,2026-08-04,3965469.85,5100757.587301588,3965469.85,5100757.587301588
52596,2026-08-04,136300.0,135717.9365079365,136300.0,135717.9365079365
52603,2026-08-04,758521.1,1067649.7142857143,758521.1,1067649.7142857143
52604,2026-08-04,3268867.45,3911255.26984127,3268867.45,3911255.269841285
52605,2026-08-04,226710.75,243535.87301587302,226710.75,243535.87301587302
52608,2026-08-04,272782.65,265937.9682539682,272782.6499999998,265937.9682539684
52611,2026-08-04,1423249.9,1788677.1746031747,1423249.9,1788677.1746031742
52759,2026-08-04,332587.85,399496.38095238095,332587.85000000073,399496.38095238165
52764,2026-08-04,40558.0,43205.88888888889,40558.0,43205.88888888886
52798,2026-08-04,3130592.85,2726374.396825397,3130592.85,2726374.396825397
52825,2026-08-04,202204.15,251336.9365079365,202204.15,251336.9365079365
52838,2026-08-04,8336808.35,8342312.507936508,8336808.349999899,8342312.5079365
52840,2026-08-04,7250263.6,8919713.38095238,7250263.6,8919713.38095238
52841,2026-08-04,875062.65,1129578.1746031747,875062.6499999836,1129578.174603167
52853,2026-08-04,6121354.55,6027782.365079365,6121354.55,6027782.36507935
52854,2026-08-04,278576.4,327518.55555555556,278576.4000000002,327518.55555555556
52862,2026-08-04,169467.7,216667.3650793651,169467.7,216667.3650793651
52864,2026-08-04,931587.65,933663.746031746,931587.65,933663.746031746
52869,2026-08-04,220302.95,262813.85714285716,220302.95,262813.85714286234
52870,2026-08-04,260661.85,259181.85714285713,260661.85,259181.85714285713
52871,2026-08-04,46145557.0,53378090.047619045,46145557.0,53378090.047619045
52895,2026-08-04,125961.9,138768.53968253967,125961.9,138768.53968253967
52896,2026-08-04,268669.75,288217.04761904763,268669.75000000105,288217.04761904693
52905,2026-08-04,123173.65,110077.58730158731,123173.65,110077.58730158731
52918,2026-08-04,123109.65,128102.61904761905,123109.65,128102.61904761905
52920,2026-08-04,394536.3,625289.0317460317,394536.3,625289.0317460317
52928,2026-08-04,28812.7,63008.52380952381,28812.70000000009,63008.52380952369
52935,2026-08-04,98449.65,132131.7619047619,98449.65,132131.7619047619
52936,2026-08-04,1495901.7,1758844.7301587302,1495901.7,1758844.7301587302
52940,2026-08-04,930675.55,971897.1904761905,930675.549999994,971897.1904761947
52942,2026-08-04,3574806.95,4073593.1428571427,3574806.949999982,4073593.1428571483
52945,2026-08-04,245363.1,262262.3650793651,245363.1,262262.3650793651
52964,2026-08-04,14318.85,13318.968253968254,14318.849999999988,13318.968253968247
52987,2026-08-04,867506.65,942082.126984127,867506.6499999997,942082.1269841274
53017,2026-08-04,90264.25,89587.74603174604,90264.24999999997,89587.74603174604
53026,2026-08-04,11279213.65,12443587.158730159,11279213.65,12443587.158730155
53027,2026-08-04,478740.3,456274.65079365077,478740.3000000004,456274.650793651
53031,2026-08-04,83835.1,79331.47619047618,83835.1,79331.47619047618
53042,2026-08-04,129049.1,118386.52380952382,129049.1,118386.52380952382
53092,2026-08-04,6014027.05,5766580.825396826,6014027.05,5766580.825396826
53105,2026-08-04,1914350.0,1914350.0,1914350.0,1914350.0
53106,2026-08-04,203766.1,200399.03174603175,203766.10000000024,200399.03174603175
53117,2026-08-04,3930235.15,6847176.825396826,3930235.1499999105,6847176.825396742
53152,2026-08-04,45929.85,81001.44444444444,45929.85,81001.44444444444
53154,2026-08-04,475999.25,453265.68253968254,475999.25,453265.68253968254
53161,2026-08-04,514819.2,513811.4603174603,514819.2,513811.4603174603
53162,2026-08-04,605519.1,293718.07936507935,605519.1000000001,293718.07936507935
53172,2026-08-04,228833.4,300071.126984127,228833.4,300071.126984127
53177,2026-08-04,851160.7,1029352.9206349206,851160.7,1029352.9206349206
53195,2026-08-04,293510.75,311286.6031746032,293510.75,311286.6031746032
53390,2026-08-04,1392589.0,1023276.7301587302,1392589.0,1023276.7301587302
53406,2026-08-04,1654946.45,2064264.365079365,1654946.45,2064264.365079365
53427,2026-08-04,68990.55,68873.60317460318,68990.55,68873.60317460318
53434,2026-08-04,873159.0,808441.9523809524,873159.0,808441.9523809514
53569,2026-08-04,972123.85,1126714.1587301588,972123.85,1126714.1587301588
53577,2026-08-04,13280930.4,21432442.365079366,13280930.4,21432442.365079366
53582,2026-08-04,2895016.05,2573576.888888889,2895016.049999996,2573576.8888888797
53620,2026-08-04,208921.1,232747.31746031746,208921.1,232747.31746031746
53637,2026-08-04,8092.85,7684.6984126984125,8092.85,7684.6984126984125
53665,2026-08-04,914981.05,1526582.0952380951,914981.05,1526582.0952380951
53686,2026-08-04,884182.05,905383.8412698413,884182.05,905383.8412698413
53726,2026-08-04,174402.6,215460.33333333334,174402.6,215460.33333333334
53744,2026-08-04,1439494.7,1563089.0,1439494.7,1563089.0
53748,2026-08-04,421173.9,475983.8888888889,421173.9,475983.8888888889
53753,2026-08-04,3160737.0,3416563.3333333335,3160737.0,3416563.3333333335
53811,2026-08-04,463660.7,319017.9682539682,463660.7,319017.9682539681
53845,2026-08-04,49973.8,72746.57142857143,49973.8,72746.57142857143
53849,2026-08-04,3349610.4,4910229.714285715,3349610.4,4910229.714285715
53876,2026-08-04,703745.9,681848.6825396825,703745.9,681848.6825396825
53910,2026-08-04,1730216.4,2581221.0634920634,1730216.4,2581221.063492063
53954,2026-08-04,2352158.7,2304612.301587302,2352158.699999979,2304612.3015873083
53970,2026-08-04,130058.6,138870.90476190476,130058.59999999995,138870.90476190476
53975,2026-08-04,73542.35,95576.06349206349,73542.35,95576.06349206349
54005,2026-08-04,2765355.4,3593150.8571428573,2765355.4,3593150.8571428573
54007,2026-08-04,195591.7,195122.07936507938,195591.7,195122.07936507938
54008,2026-08-04,11586383.8,11871366.047619049,11586383.800000083,11871366.047618989
54017,2026-08-04,1801230.1,2137783.5396825396,1801230.1,2137783.5396825396
54027,2026-08-04,764695.6,1269558.9523809524,764695.6,1269558.9523809524
54049,2026-08-04,233283.55,407987.61904761905,233283.55,407987.61904761894
54068,2026-08-04,253747.2,299906.0634920635,253747.2,299906.0634920635
54159,2026-08-04,1072349.7,919056.6031746032,1072349.7,919056.6031746032
54171,2026-08-04,1062235.9,1008500.5238095238,1062235.9,1008500.5238095238
54172,2026-08-04,2594182.1,2802090.9206349207,2594182.1,2802090.9206349207
54173,2026-08-04,842935.7,901167.5873015873,842935.7,901167.5873015873
54176,2026-08-04,545356.25,817854.8412698413,545356.25,817854.8412698413
54178,2026-08-04,14066797.55,13118478.523809524,14066797.549999844,13118478.523809565
54181,2026-08-04,10700603.3,13928110.317460317,10700603.3,13928110.317460317
54183,2026-08-04,236330.55,317037.20634920633,236330.55,317037.20634920633
54192,2026-08-04,7686544.9,8310730.317460317,7686544.9,8310730.317460317
54195,2026-08-04,489402.85,532894.4126984127,489402.85000000056,532894.4126984128
54197,2026-08-04,118206.25,198751.09523809524,118206.25,198751.09523809524
54202,2026-08-04,115749.3,99840.73015873016,115749.3,99840.73015873016
54215,2026-08-04,7302.15,7840.619047619048,7302.15,7840.619047619048
54221,2026-08-04,1125886.45,936427.5238095238,1125886.45,936427.5238095238
54223,2026-08-04,2639140.1,3222097.412698413,2639140.1,3222097.412698413
54228,2026-08-04,1226687.05,1212035.1587301588,1226687.05,1212035.1587301588
54231,2026-08-04,1186012.35,1223219.9206349207,1186012.35,1223219.9206349207
54233,2026-08-04,945045.1,937973.9523809524,945045.1,937973.9523809524
54235,2026-08-04,349312.2,460682.0634920635,349312.19999999943,460682.0634920636
54245,2026-08-04,1042674.05,935525.2698412698,1042674.05,935525.2698412698
54253,2026-08-04,2631264.05,2301132.396825397,2631264.05,2301132.396825397
54254,2026-08-04,1420936.85,1322413.6984126985,1420936.849999994,1322413.6984126966
54255,2026-08-04,389325.45,442112.74603174604,389325.45,442112.74603174604
54303,2026-08-04,214117.5,214343.25396825396,214117.5,214343.25396825396
54323,2026-08-04,623208.0,587862.7142857143,623208.0,587862.7142857143
54332,2026-08-04,987202.1,1035648.9047619047,987202.1,1035648.9047619047
54338,2026-08-04,4036828.95,4965777.396825396,4036828.949999997,4965777.396825376
54344,2026-08-04,3058985.1,3237948.619047619,3058985.1,3237948.619047619
54349,2026-08-04,37715.7,15953.333333333334,37715.7,15953.333333333334
54353,2026-08-04,994434.45,1129725.0793650793,994434.4499999986,1129725.0793650802
54355,2026-08-04,671432.1,763423.9047619047,671432.1,763423.904761905
54362,2026-08-04,463392.45,570335.126984127,463392.45,570335.126984127
54363,2026-08-04,125369.35,173772.03174603175,125369.35,173772.0317460321
54370,2026-08-04,660106.85,757310.3492063492,660106.85,757310.349206349
54380,2026-08-04,4952691.75,6012829.936507937,4952691.75,6012829.936507937
54395,2026-08-04,883893.3,1088383.4285714286,883893.300000003,1088383.42857142
54399,2026-08-04,282593.85,397988.6984126984,282593.84999999823,397988.69841269794
54401,2026-08-04,172170.85,230527.0,172170.84999999907,230526.99999999994
54403,2026-08-04,102645.3,101127.6507936508,102645.30000000009,101127.65079365055
54404,2026-08-04,787158.9,774512.8095238095,787158.8999999914,774512.809523814
54405,2026-08-04,2196350.5,1894772.5396825396,2196350.5,1894772.5396825396
54413,2026-08-04,1684311.7,1712239.2698412698,1684311.7,1712239.2698412698
54419,2026-08-04,460793.65,532844.0634920635,460793.6499999985,532844.0634920645
54420,2026-08-04,2370483.1,2151770.904761905,2370483.1,2151770.904761905
54519,2026-08-04,258369.1,265256.38095238095,258369.1,265256.38095238095
54531,2026-08-04,1314677.8,1156763.5238095238,1314677.8,1156763.5238095238
54532,2026-08-04,3624592.3,4682087.412698412,3624592.3,4682087.412698412
54558,2026-08-04,622735.0,626670.0158730159,622734.9999999993,626670.0158730156
54562,2026-08-04,3260343.35,3438135.4285714286,3260343.35,3438135.4285714286
54576,2026-08-04,3817685.4,3323836.8095238097,3817685.4000000022,3323836.8095238153
54580,2026-08-04,159807.65,145304.2380952381,159807.65,145304.2380952381
54614,2026-08-04,500281.85,810551.4444444445,500281.85,810551.4444444445
54648,2026-08-04,141443.5,142653.68253968254,141443.5,142653.68253968254
54655,2026-08-04,996360.25,1265542.2857142857,996360.25,1265542.2857142857
54660,2026-08-04,466046.45,463646.07936507935,466046.45,463646.07936507947
54670,2026-08-04,168476.35,165241.38095238095,168476.35,165241.38095238095
54675,2026-08-04,53897.7,59723.90476190476,53897.700000000026,59723.904761904785
54676,2026-08-04,721113.7,555771.2857142857,721113.7,555771.2857142857
54710,2026-08-04,1448730.45,1522386.9365079366,1448730.45,1522386.9365079366
54789,2026-08-04,743631.8,657342.2380952381,743631.8,657342.2380952382
54829,2026-08-04,2521637.0,2989551.777777778,2521637.000000006,2989551.7777777747
54830,2026-08-04,485867.15,440513.44444444444,485867.15,440513.44444444444
54832,2026-08-04,117859.8,161699.6349206349,117859.8,161699.6349206349
54849,2026-08-04,10349241.3,12551259.507936507,10349241.299999978,12551259.507936496
54851,2026-08-04,2131672.5,2121093.0317460317,2131672.5,2121093.0317460317
54965,2026-08-04,71308.35,68183.71428571429,71308.35,68183.71428571429
54997,2026-08-04,911111.35,822847.3333333334,911111.3500000002,822847.3333333334
55116,2026-08-04,241164.75,249695.3650793651,241164.75,249695.3650793651
55121,2026-08-04,144458.0,259656.31746031746,144458.0,259656.31746031757
55127,2026-08-04,1794934.15,1936718.142857143,1794934.15,1936718.142857143
55192,2026-08-04,1120260.95,1031471.0793650794,1120260.95,1031471.0793650794
55196,2026-08-04,4800080.0,6931931.888888889,4800080.000000035,6931931.88888893
55206,2026-08-04,1099007.7,1544205.761904762,1099007.7,1544205.761904762
55221,2026-08-04,48484.1,67247.8253968254,48484.1,67247.8253968254
55278,2026-08-04,989533.0,1116068.9206349207,989533.0,1116068.9206349207
55315,2026-08-04,617629.0,861344.619047619,617629.0,861344.619047619
55322,2026-08-04,3015309.85,2986330.8253968256,3015309.85,2986330.8253968256
55369,2026-08-04,12027084.55,11874089.555555556,12027084.549999988,11874089.555555563
55416,2026-08-04,710488.35,737687.3333333334,710488.35,737687.3333333334
55433,2026-08-04,1405975.6,1401499.0476190476,1405975.6,1401499.0476190476
55438,2026-08-04,1245242.05,910558.7619047619,1245242.05,910558.7619047619
55444,2026-08-04,696892.45,836983.4603174604,696892.45,836983.4603174604
55483,2026-08-04,963326.2,1151786.1904761905,963326.1999999989,1151786.1904761896
55510,2026-08-04,2688354.65,2601764.412698413,2688354.65,2601764.412698413
55517,2026-08-04,958200.5,948390.7777777778,958200.5,948390.7777777778
55538,2026-08-04,700374.5,828172.9523809524,700374.4999999998,828172.9523809522
55539,2026-08-04,24403684.05,41622543.87301587,24403684.05,41622543.87301587
55548,2026-08-04,199818.45,160393.80952380953,199818.45,160393.80952380953
55583,2026-08-04,407583.6,421817.79365079367,407583.6,421817.79365079367
55601,2026-08-04,194223.05,308385.92063492065,194223.05,308385.92063492065
55665,2026-08-04,539730.85,397533.09523809527,539730.85,397533.09523809527
55672,2026-08-04,257070.6,305205.4285714286,257070.6,305205.4285714286
55676,2026-08-04,83577.8,89564.88888888889,83577.79999999989,89564.88888888899
55690,2026-08-04,2970510.15,3508080.619047619,2970510.15,3508080.619047619
55696,2026-08-04,1580986.5,1837352.6666666667,1580986.5,1837352.6666666667
55698,2026-08-04,436745.25,620178.3174603175,436745.2500000013,620178.317460318
55721,2026-08-04,1335198.7,1597949.4444444445,1335198.7,1597949.4444444445
55722,2026-08-04,868107.05,954727.4603174604,868107.0500000052,954727.4603174608
55723,2026-08-04,1383120.2,1546698.857142857,1383120.2,1546698.857142857
55726,2026-08-04,250851.45,261219.82539682538,250851.45,261219.82539682538
55727,2026-08-04,642354.6,761539.1111111111,642354.6,761539.1111111111
55728,2026-08-04,3089297.45,2572241.619047619,3089297.45,2572241.619047619
55729,2026-08-04,2770578.5,2845953.0317460317,2770578.5,2845953.0317460317
55732,2026-08-04,978826.1,1186288.7936507936,978826.0999999993,1186288.7936507945
55736,2026-08-04,1863455.15,2339784.1746031744,1863455.1500000134,2339784.1746031763
55738,2026-08-04,1535333.45,1444826.396825397,1535333.4500000007,1444826.3968253995
55743,2026-08-04,8827264.0,9409859.746031746,8827264.00000001,9409859.746031737
55744,2026-08-04,1809813.9,2053243.396825397,1809813.8999999985,2053243.3968253934
55746,2026-08-04,1704532.2,1867875.3333333333,1704532.2,1867875.3333333333
55749,2026-08-04,581931.45,564708.0158730159,581931.45,564708.0158730159
55751,2026-08-04,4181175.55,5746314.777777778,4181175.55,5746314.777777778
55761,2026-08-04,285777.5,328852.65079365077,285777.5,328852.65079365077
55765,2026-08-04,463710.95,566253.8888888889,463710.95,566253.8888888889
55771,2026-08-04,1792362.3,2052573.3333333333,1792362.3,2052573.3333333333
55789,2026-08-04,3732527.2,3149887.095238095,3732527.2,3149887.095238095
55819,2026-08-04,2146278.15,2456552.904761905,2146278.15,2456552.904761905
55832,2026-08-04,44857.4,45566.09523809524,44857.4,45566.09523809524
55834,2026-08-04,67410.35,97514.14285714286,67410.35,97514.14285714286
55855,2026-08-04,1937001.25,1914545.634920635,1937001.25,1914545.6349206355
55856,2026-08-04,28313.2,24483.15873015873,28313.2,24483.15873015873
55875,2026-08-04,36090.15,67821.0,36090.15,67821.0
55879,2026-08-04,171520.9,165835.42857142858,171520.9,165835.4285714285
55892,2026-08-04,1215543.3,1136262.253968254,1215543.2999999998,1136262.253968254
55914,2026-08-04,672796.95,607553.5714285715,672796.9500000004,607553.5714285716
55925,2026-08-04,770231.45,703952.3174603175,770231.45,703952.317460318
55931,2026-08-04,442047.2,546157.619047619,442047.2,546157.619047619
55952,2026-08-04,457843.7,340591.0317460318,457843.7,340591.0317460318
55969,2026-08-04,42433.3,31839.0,42433.3,31839.0
55973,2026-08-04,1587545.75,3998480.587301587,1587545.75,3998480.587301587
56111,2026-08-04,240632.0,222932.33333333334,240632.0,222932.33333333334
56122,2026-08-04,326743.1,373543.4603174603,326743.1,373543.4603174603
56131,2026-08-04,2252676.05,3120953.206349206,2252676.05,3120953.206349206
56141,2026-08-04,1363558.95,2343398.222222222,1363558.95,2343398.222222222
56198,2026-08-04,911703.85,1010446.2063492064,911703.8500000002,1010446.2063492063
56213,2026-08-04,361584.05,197305.11111111112,361584.05,197305.11111111112
56446,2026-08-04,27719.15,32767.666666666668,27816.76757830893,33997.05416081709
56460,2026-08-04,1984826.6,2012580.7777777778,1984826.6,2012580.7777777778
56465,2026-08-04,390013.85,367599.34920634923,390013.85,367599.3492063491
56484,2026-08-04,847006.1,906197.5714285715,847006.0999999978,906197.5714285731
56571,2026-08-04,1257529.05,1271535.2222222222,1257529.05,1271535.2222222222
56574,2026-08-04,700691.1,865618.8888888889,700691.1,865618.8888888889
56577,2026-08-04,1066328.6,1229115.6984126985,1066328.6,1229115.6984126985
56580,2026-08-04,2063313.85,1968346.253968254,2063313.8500000022,1968346.2539682465
56581,2026-08-04,7176229.85,8978800.07936508,7176229.850000012,8978800.079365078
56592,2026-08-04,1821088.5,1913025.2222222222,1821088.5,1913025.2222222222
56593,2026-08-04,544793.75,657225.1428571428,544793.75,657225.1428571428
56603,2026-08-04,812404.1,1257632.650793651,812404.1,1257632.650793651
56625,2026-08-04,978878.6,1094018.2222222222,978878.6000000008,1094018.2222222222
56626,2026-08-04,987024.45,1116523.0317460317,987024.45,1116523.0317460317
56638,2026-08-04,1359683.8,1474815.2698412698,1359683.8,1474815.2698412698
56643,2026-08-04,1428222.2,1681749.349206349,1428222.1999999986,1681749.3492063512
56647,2026-08-04,359534.25,376964.5396825397,359534.25,376964.5396825397
56660,2026-08-04,913481.6,989014.3333333334,913481.6000000015,989014.3333333343
56662,2026-08-04,1301313.55,1490983.6984126985,1301313.55,1490983.6984126985
56679,2026-08-04,329190.8,320371.2380952381,329190.8,320371.2380952381
56709,2026-08-04,1324139.3,1267443.349206349,1324139.3,1267443.349206349
56737,2026-08-04,905867.1,1041636.4444444445,905867.0999999996,1041636.4444444445
56747,2026-08-04,861439.9,785980.3492063492,861439.8999999989,785980.3492063473
56754,2026-08-04,1123605.6,1079363.6666666667,1123605.6,1079363.6666666667
56766,2026-08-04,887309.7,1381511.1746031747,887309.7,1381511.1746031747
56768,2026-08-04,3045514.05,4772507.26984127,3045514.05,4772507.26984127
56796,2026-08-04,27210.1,23099.365079365078,27210.1,23099.365079365078
56803,2026-08-04,222232.35,195910.82539682538,222232.35,195910.82539682538
56806,2026-08-04,1132943.3,1155284.9841269841,1132943.3000000003,1155284.9841269844
56816,2026-08-04,295344.35,391804.9365079365,295344.35,391804.9365079365
56842,2026-08-04,865845.45,981219.6666666666,865845.45,981219.6666666666
56945,2026-08-04,3005895.8,3301254.6666666665,3005895.8,3301254.6666666665
56976,2026-08-04,547082.0,589738.1428571428,547081.9999999979,589738.1428571424
56992,2026-08-04,5040275.7,3024110.301587302,5040275.7,3024110.301587302
56999,2026-08-04,38582.6,38603.80952380953,38582.6,38603.80952380953
57004,2026-08-04,47416.45,61321.12698412698,47416.44999999995,61321.12698412697
57047,2026-08-04,7910026.6,8898120.80952381,7910026.6,8898120.80952381
57048,2026-08-04,317968.7,372007.20634920633,317968.7,372007.20634920633
57050,2026-08-04,3393437.25,4129256.4444444445,3393437.249999994,4129256.4444444426
57051,2026-08-04,570640.05,523999.90476190473,570640.049999997,523999.904761903
57058,2026-08-04,2240043.1,1933246.5396825396,2240043.1,1933246.5396825396
57061,2026-08-04,1761515.7,2638678.698412698,1761515.7,2638678.698412688
57064,2026-08-04,2539448.9,3000663.3174603176,2539448.8999999897,3000663.3174603176
57075,2026-08-04,450200.25,483616.34920634923,450200.24999999965,483616.3492063497
57084,2026-08-04,3814487.65,3861183.603174603,3814487.649999994,3861183.603174607
57085,2026-08-04,5315559.25,4727796.650793651,5315559.25,4727796.650793651
57093,2026-08-04,808005.75,771515.5714285715,808005.75,771515.5714285715
57094,2026-08-04,1935004.4,2773854.888888889,1935004.4,2773854.888888889
57098,2026-08-04,151943.1,186974.57142857142,151943.1,186974.57142857142
57102,2026-08-04,556724.5,514703.90476190473,556724.5,514703.90476190473
57109,2026-08-04,495306.55,404052.6031746032,495306.55,404052.6031746032
57112,2026-08-04,273207.4,341801.22222222225,273207.4,341801.22222222213
57124,2026-08-04,2887061.9,3144793.603174603,2887061.9,3144793.603174603
57133,2026-08-04,19570943.05,21052721.904761903,19570943.05,21052721.904761903
57140,2026-08-04,4833600.7,3151080.6666666665,4833600.7,3151080.6666666665
57142,2026-08-04,335441.25,366348.0317460318,335441.25,366348.0317460318
57143,2026-08-04,2152698.4,3120330.6507936507,2152698.4000000106,3120330.6507936516
57151,2026-08-04,2235992.45,2389726.206349206,2235992.450000009,2389726.2063492043
57152,2026-08-04,265424.95,289861.77777777775,265424.94999999984,289861.7777777775
57192,2026-08-04,810165.45,1126284.4126984128,810165.45,1126284.4126984128
57199,2026-08-04,26852615.6,22224296.634920634,26852615.6,22224296.634920634
57202,2026-08-04,46171.6,65859.26984126984,46171.6,65859.26984126984
57204,2026-08-04,4495666.55,5332137.46031746,4495666.55,5332137.46031746
57211,2026-08-04,1059764.6,981018.3650793651,1059764.6,981018.3650793651
57220,2026-08-04,1521154.0,1400110.0476190476,1521154.0,1400110.0476190476
57231,2026-08-04,478203.5,513265.3968253968,478203.4999999985,513265.39682539715
57251,2026-08-04,5290657.95,5027381.396825396,5290657.94999997,5027381.396825393
57255,2026-08-04,525523.55,470665.50793650793,525523.5500000007,470665.5079365084
57261,2026-08-04,1615620.85,1525880.1746031747,1615620.85,1525880.1746031747
57263,2026-08-04,892111.35,770768.9682539683,892111.35,770768.9682539683
57267,2026-08-04,380187.5,512461.6031746032,380187.5,512461.6031746032
57269,2026-08-04,4853752.25,6139643.095238095,4853752.25,6139643.095238095
57271,2026-08-04,916430.45,974244.0793650794,916430.4499999996,974244.0793650794
57272,2026-08-04,4703147.0,4711492.968253968,4703147.0,4711492.968253968
57281,2026-08-04,538121.5,499016.1904761905,538121.5,499016.1904761905
57283,2026-08-04,5044416.95,8080592.714285715,5044416.95,8080592.714285715
57284,2026-08-04,2109449.6,2173198.793650794,2109449.599999997,2173198.7936507915
57285,2026-08-04,21190668.45,21580932.0,21190668.45,21580932.0
57291,2026-08-04,1492745.2,1617628.4126984128,1492745.2000000074,1617628.412698427
57302,2026-08-04,10370994.3,11781925.873015873,10370994.30000003,11781925.873015858
57317,2026-08-04,802420.6,915397.3015873015,802420.6,915397.3015873015
57324,2026-08-04,1889359.7,2240441.9365079366,1889359.7,2240441.9365079366
57399,2026-08-04,1072194.35,1243223.8095238095,1072194.35,1243223.8095238095
57400,2026-08-04,1737318.45,1968895.8095238095,1737318.45,1968895.8095238095
57410,2026-08-04,629568.25,610011.5396825396,629568.25,610011.5396825396
57421,2026-08-04,1007336.25,1296958.5555555555,1007336.2500000015,1296958.5555555562
57422,2026-08-04,2717104.2,3258651.095238095,2717104.2,3258651.095238095
57427,2026-08-04,148139.55,180054.79365079364,148139.55,180054.79365079364
57456,2026-08-04,63730.15,42749.50793650794,63730.14999999994,42749.507936507835
57465,2026-08-04,570404.05,457822.55555555556,570404.05,457822.55555555556
57468,2026-08-04,2440107.2,3015750.9523809524,2440107.2,3015750.9523809524
57475,2026-08-04,122712.65,178517.22222222222,122712.65,178517.22222222222
57538,2026-08-04,809582.3,653536.253968254,809582.3,653536.253968254
57571,2026-08-04,31141.55,42836.931818181816,31141.55,42836.931818181816
57582,2026-08-04,491958.95,441066.07936507935,491958.95,441066.07936507935
57599,2026-08-04,848414.05,630547.0476190476,848414.05,630547.0476190476
57615,2026-08-04,4095974.3,7632626.206349206,4095974.3,7632626.206349206
57653,2026-08-04,294276.15,345281.85714285716,294276.15,345281.85714285716
57699,2026-08-04,434322.95,390090.3015873016,434322.95,390090.3015873016
57723,2026-08-04,578011.6,580618.9365079365,578011.6,580618.9365079365
57734,2026-08-04,180465.85,208555.17460317462,180465.84999999992,208555.1746031743
57774,2026-08-04,197115.0,196923.49206349207,197115.0,196923.49206349207
57779,2026-08-04,166404.1,177582.03174603175,166404.1,177582.03174603175
57827,2026-08-04,1474568.4,1211069.7301587302,1474568.4000000015,1211069.7301587274
57832,2026-08-04,3587886.6,4822880.365079365,3587886.6,4822880.365079365
58106,2026-08-04,165166.6,128092.36507936507,165166.6,128092.36507936507
58133,2026-08-04,384972.15,516178.20634920633,384972.15,516178.20634920633
58145,2026-08-04,1916343.25,1964495.492063492,1916343.25,1964495.492063492
58181,2026-08-04,1517731.2,1734077.1904761905,1517731.2,1734077.1904761905
58202,2026-08-04,30384.75,41331.857142857145,30384.75,41331.857142857145
58209,2026-08-04,1120849.25,823856.4761904762,1120849.25,823856.4761904762
58210,2026-08-04,163766.0,154890.52380952382,163766.0,154890.52380952382
58272,2026-08-04,2808395.35,5907333.476190476,2808395.35,5907333.476190476
58314,2026-08-04,1162019.15,1322209.396825397,1162019.15,1322209.396825397
58334,2026-08-04,441333.45,380268.6031746032,441333.45,380268.6031746032
58400,2026-08-04,165544.4,147367.84126984127,165544.4,147367.84126984127
58433,2026-08-04,134660.05,107697.98412698413,134660.05,107697.98412698413
58450,2026-08-04,2163815.9,2816695.015873016,2163815.9,2816695.015873016
58466,2026-08-04,7808797.9,9554328.301587302,7808797.900000003,9554328.301587302
58512,2026-08-04,9910324.8,10993477.873015873,9910324.799999986,10993477.87301587
58524,2026-08-04,1572417.15,1617873.9206349207,1572417.15,1617873.9206349207
58527,2026-08-04,118689.55,130155.88888888889,118689.55,130155.88888888889
58528,2026-08-04,282020.25,362925.22222222225,282020.25,362925.22222222225
58595,2026-08-04,2232460.9,3413679.634920635,2232460.9,3413679.634920635
58596,2026-08-04,34591954.25,37327060.87301587,34591954.25,37327060.87301587
58612,2026-08-04,65943.0,73712.12698412698,65943.0,73712.12698412698
58675,2026-08-04,148331.3,161029.6984126984,148331.3,161029.6984126984
58680,2026-08-04,1335398.65,1486280.253968254,1335398.65,1486280.253968254
58748,2026-08-04,171238.0,189371.0,171238.0,189371.0
58862,2026-08-04,134747.7,168283.46031746033,134747.7,168283.46031746033
58879,2026-08-04,390057.95,380244.3015873016,390057.95,380244.3015873016
58885,2026-08-04,218917.4,218191.9841269841,218917.40000000037,218191.98412698365
58893,2026-08-04,274909.65,293721.38095238095,274909.65,293721.38095238095
58901,2026-08-04,5485.7,6308.936507936508,5485.7,6308.936507936508
58923,2026-08-04,1256299.4,1252986.0634920634,1256299.4000000006,1252986.0634920627
58935,2026-08-04,87782.75,93089.63492063493,87782.74999999997,93089.63492063494
58976,2026-08-04,2379177.2,2410410.4603174604,2379177.2,2410410.4603174604
59019,2026-08-04,142646.45,176366.66666666666,142646.45,176366.66666666666
59026,2026-08-04,1458721.2,1254110.9365079366,1458721.2000000165,1254110.9365079366
59030,2026-08-04,2571235.2,3139031.365079365,2571235.2,3139031.365079365
59041,2026-08-04,529565.05,504146.8253968254,529565.05,504146.8253968254
59060,2026-08-04,2361275.55,2598186.619047619,2361275.55,2598186.619047619
59063,2026-08-04,752965.8,833299.2222222222,752965.8,833299.2222222222
59088,2026-08-04,1578871.2,2068379.4444444445,1578871.2,2068379.4444444445
59320,2026-08-04,34571.3,39489.88888888889,34571.3,39489.88888888889
59398,2026-08-04,6475850.65,7651933.507936508,6475850.65,7651933.507936508
59426,2026-08-04,1254207.85,1400889.8095238095,1254207.85,1400889.80952381
59433,2026-08-04,1406812.15,1526745.0,1406812.1500000008,1526744.9999999958
59436,2026-08-04,2051467.2,2132307.3333333335,2051467.2,2132307.3333333335
59441,2026-08-04,522809.0,407370.65079365077,522809.0,407370.65079365077
59442,2026-08-04,2058431.0,1998966.634920635,2058430.9999999993,1998966.6349206364
59444,2026-08-04,12925572.5,9684344.666666666,12925572.5,9684344.666666666
59445,2026-08-04,1183681.7,1452695.349206349,1183681.7,1452695.349206349
59446,2026-08-04,785325.9,1050381.9523809524,785325.8999999992,1050381.9523809524
59463,2026-08-04,1020056.45,1430783.4603174604,1020056.4499999821,1430783.4603174457
59470,2026-08-04,294197.8,376366.4285714286,294197.7999999998,376366.42857142846
59490,2026-08-04,3185059.35,5710902.222222222,3185059.35,5710902.222222222
59492,2026-08-04,2950297.45,4711725.952380952,2950297.45,4711725.952380952
59510,2026-08-04,2883781.0,2406585.1587301586,2883781.0000000196,2406585.158730167
59530,2026-08-04,147264.9,122834.38095238095,147264.90000000037,122834.38095238137
59550,2026-08-04,659450.85,810072.2222222222,659450.85,810072.2222222227
59559,2026-08-04,323931.25,286529.126984127,323931.25,286529.126984127
59565,2026-08-04,1063726.8,1132412.365079365,1063726.7999999993,1132412.3650793643
59568,2026-08-04,48129.4,45205.50793650794,48129.4,45205.50793650794
59581,2026-08-04,99580.15,84707.04761904762,99580.15000000002,84707.04761904768
59586,2026-08-04,937398.65,1577428.2857142857,937398.65,1577428.2857142857
59600,2026-08-04,34943.6,32718.06349206349,34943.6,32718.06349206349
59612,2026-08-04,274964.0,271027.71428571426,274964.0000000001,271027.71428571426
59616,2026-08-04,21731548.2,19865591.222222224,21731548.2,19865591.222222224
59621,2026-08-04,407375.25,520895.34920634923,407375.25,520895.34920634923
59629,2026-08-04,663278.85,823893.3650793651,663278.8499999985,823893.3650793651
59642,2026-08-04,3914815.5,4854168.158730159,3914815.5,4854168.158730159
59654,2026-08-04,139049.95,196792.90476190476,139049.95,196792.90476190476
59665,2026-08-04,92215.35,93839.95238095238,92215.35,93839.95238095238
59676,2026-08-04,1291946.6,1223971.634920635,1291946.6,1223971.634920635
59693,2026-08-04,485983.45,495203.14285714284,485983.45,495203.14285714284
59734,2026-08-04,352858.6,413546.2380952381,352858.6,413546.2380952381
59748,2026-08-04,732596.8,933670.7301587302,732596.8,933670.7301587302
59759,2026-08-04,815931.45,1172849.746031746,815931.45,1172849.746031746
59792,2026-08-04,689328.45,928903.7619047619,689328.45,928903.7619047619
59804,2026-08-04,941849.0,1191299.7142857143,941849.0,1191299.7142857143
59812,2026-08-04,1097224.3,976337.5714285715,1097224.3,976337.5714285715
59819,2026-08-04,2485074.8,2761072.0,2485074.799999985,2761071.9999999963
59820,2026-08-04,14770255.95,14455014.952380951,14770255.95,14455014.952380951
59880,2026-08-04,278598.2,283319.1746031746,278598.2,283319.1746031746
59888,2026-08-04,5013048.25,5930508.158730159,5013048.249999994,5930508.15873016
59896,2026-08-04,1121769.55,1004023.2380952381,1121769.55,1004023.2380952381
59919,2026-08-04,7349298.6,7631442.396825396,7349298.6,7631442.396825396
59966,2026-08-04,108251.6,132252.92063492062,108251.6,132252.92063492062
59973,2026-08-04,6549499.9,6241122.111111111,6549499.900000003,6241122.111111111
59998,2026-08-04,3464632.0,3541355.8095238097,3464632.0,3541355.8095238097
60007,2026-08-04,8202986.4,10607195.0,8202986.4,10607195.0
60028,2026-08-04,52885.75,48821.619047619046,52885.75,48821.619047619046
60043,2026-08-04,151820.75,129877.0,151820.75,129877.0
60046,2026-08-04,350540.6,478816.50793650793,350540.6,478816.50793650793
60057,2026-08-04,328070.3,295788.20634920633,328070.300000002,295788.2063492069
60063,2026-08-04,48012.85,40468.74603174603,48012.85,40468.74603174603
60078,2026-08-04,788975.7,979885.4603174604,788975.7,979885.4603174604
60079,2026-08-04,1168783.6,1290043.111111111,1168783.6,1290043.111111111
60107,2026-08-04,10220123.5,12729504.174603175,10220123.5,12729504.174603175
60129,2026-08-04,211542.65,281238.85714285716,211542.64999999973,281238.85714285716
60130,2026-08-04,465726.95,279028.5714285714,465726.95,279028.5714285714
60138,2026-08-04,1186879.25,1216503.6666666667,1186879.25,1216503.6666666667
60144,2026-08-04,109175.0,106308.52380952382,109175.0,106308.52380952382
60148,2026-08-04,267851.95,311929.1746031746,267851.9499999996,311929.1746031746
60151,2026-08-04,3395842.7,4075060.507936508,3395842.699999994,4075060.507936506
60163,2026-08-04,682703.25,734214.126984127,682703.25,734214.126984127
60185,2026-08-04,4631793.65,4758787.063492063,4631793.65,4758787.063492063
60186,2026-08-04,711636.6,672698.3015873015,711636.6,672698.3015873015
60190,2026-08-04,9893072.5,9094287.031746032,9893072.50000006,9094287.031746034
60197,2026-08-04,68716.9,60293.4126984127,68716.9,60293.4126984127
60219,2026-08-04,279664.3,289258.98412698414,279664.3,289258.98412698414
60227,2026-08-04,601381.75,743175.8888888889,601381.75,743175.8888888889
60234,2026-08-04,588319.8,823185.8571428572,588319.7999999977,823185.8571428551
60275,2026-08-04,1102325.15,1027642.5396825396,1102325.15,1027642.5396825396
60279,2026-08-04,484185.15,412353.22222222225,484185.15,412353.22222222225
60294,2026-08-04,93889.3,102605.85714285714,93889.3,102605.85714285714
60301,2026-08-04,448569.45,564547.619047619,448569.45,564547.619047619
60328,2026-08-04,228913.85,235471.46031746033,228913.85,235471.46031746033
60335,2026-08-04,745372.3,684546.6825396825,745372.3,684546.6825396825
60340,2026-08-04,79457.3,93797.15873015873,79457.3,93797.15873015873
60348,2026-08-04,4236322.85,5277217.603174604,4236322.849999985,5277217.603174602
60364,2026-08-04,162110.7,191999.88888888888,162110.69999999693,191999.88888889048
60412,2026-08-04,778954.25,720101.4603174604,778954.2499999988,720101.4603174604
60413,2026-08-04,279460.95,264749.98412698414,279460.95,264749.98412698414
60415,2026-08-04,623489.0,780482.873015873,623489.0,780482.873015873
60426,2026-08-04,7712896.55,12764420.888888888,7712896.55,12764420.888888888
60434,2026-08-04,6623219.55,5282476.968253968,6623219.55,5282476.968253968
60456,2026-08-04,374793.8,471982.1111111111,374793.8,471982.1111111111
60472,2026-08-04,233382.85,237580.15873015873,233382.84999999992,237580.15873015884
60479,2026-08-04,42820.75,43513.920634920636,42820.75,43513.920634920636
60489,2026-08-04,813767.5,694428.4920634921,813767.5000000013,694428.4920634833
60520,2026-08-04,1718604.65,2371666.8095238097,1718604.6500000036,2371666.809523818
60528,2026-08-04,1282278.6,1459951.8412698412,1282278.6,1459951.841269843
60529,2026-08-04,3865241.5,4865657.793650794,3865241.5,4865657.793650794
60530,2026-08-04,2400005.2,2624863.238095238,2400005.2000000016,2624863.2380952314
60542,2026-08-04,1320792.8,1228198.2222222222,1320792.8,1228198.2222222222
60560,2026-08-04,259834.55,465234.6666666667,259834.55,465234.6666666667
60571,2026-08-04,1432402.3,1639496.1746031747,1432402.3,1639496.1746031747
60600,2026-08-04,159487.85,145646.74603174604,159487.84999999971,145646.74603174598
60602,2026-08-04,1066326.15,1151178.4603174604,1066326.15,1151178.4603174604
60623,2026-08-04,963513.75,702420.6507936508,963513.7499999925,702420.6507936622
60628,2026-08-04,3047486.25,2949638.26984127,3047486.25,2949638.26984127
60634,2026-08-04,97772.65,131008.85714285714,97772.6499999993,131008.85714285738
60677,2026-08-04,487699.4,485604.4285714286,487699.4,485604.4285714286
60702,2026-08-04,5606708.15,4699351.380952381,5606708.15,4699351.380952381
60710,2026-08-04,961863.7,1026369.7936507936,961863.7,1026369.7936507936
60718,2026-08-04,269116.85,369637.49206349207,269116.85,369637.49206349207
60723,2026-08-04,506682.65,552181.2063492064,506682.65,552181.2063492064
60724,2026-08-04,2531158.6,2767477.634920635,2531158.6,2767477.634920635
60727,2026-08-04,2227150.1,2418423.6825396824,2227150.1,2418423.6825396824
60728,2026-08-04,1844913.6,2254735.5555555555,1844913.5999999926,2254735.555555552
60731,2026-08-04,1334837.5,1672146.1746031747,1334837.5,1672146.1746031747
60734,2026-08-04,31186340.9,32797055.634920634,31186340.899999417,32797055.634921905
60755,2026-08-04,1604447.95,1809269.6825396826,1604447.95,1809269.6825396826
60772,2026-08-04,148271.65,144785.2857142857,148271.65,144785.2857142857
60801,2026-08-04,1945075.25,2395352.4603174604,1945075.2499999716,2395352.4603174697
60810,2026-08-04,1956882.5,2125206.3333333335,1956882.500000003,2125206.3333333354
60819,2026-08-04,706588.5,883944.5238095238,706588.5,883944.5238095238
60833,2026-08-04,266832.55,301957.28571428574,266832.5500000003,301957.28571428574
60835,2026-08-04,519030.7,516572.126984127,519030.7000000022,516572.1269841248
60836,2026-08-04,511034.6,513607.9682539682,511034.6,513607.9682539682
60839,2026-08-04,106362.4,108032.23809523809,106362.4000000001,108032.2380952381
60876,2026-08-04,12699122.5,14934427.174603175,12699122.5,14934427.174603175
60906,2026-08-04,7055593.3,9662238.253968254,7055593.3,9662238.253968254
60918,2026-08-04,74041.9,52498.39682539683,74041.9,52498.39682539683
60940,2026-08-04,473680.5,511516.44444444444,473680.49999999756,511516.44444444636
60943,2026-08-04,1151030.25,1168466.5714285714,1151030.25,1168466.5714285714
60972,2026-08-04,762994.3,1086468.5238095238,762994.3000000004,1086468.5238095236
60979,2026-08-04,502403.7,670258.5238095238,502403.6999999991,741923.9667580912
60997,2026-08-04,614057.2,615047.4444444445,614057.2,615047.4444444445
61039,2026-08-04,4124566.0,3246251.0793650793,4124566.0,3246251.0793650793
61049,2026-08-04,3073743.35,3114412.1746031744,3073743.35,3114412.1746031744
61052,2026-08-04,4689669.6,5142705.888888889,4689669.6,5142705.888888889
61066,2026-08-04,529232.65,641487.1587301587,529232.65,641487.1587301587
61068,2026-08-04,702161.4,1093774.9365079366,702161.4,1093774.9365079366
61080,2026-08-04,2542866.6,2063186.1587301588,2542866.6000000155,2063186.1587301411
61096,2026-08-04,293623.95,254413.20634920636,293623.95000000007,254413.20634920636
61103,2026-08-04,945751.0,1519141.0952380951,945751.0,1519141.0952380951
61114,2026-08-04,241546.6,393105.22222222225,241546.6,393105.22222222225
61120,2026-08-04,288507.95,288545.38095238095,288507.94999999984,288545.38095238083
61121,2026-08-04,76909.05,83261.30158730158,76909.04999999996,83261.30158730158
61137,2026-08-04,86261.8,103352.57142857143,86261.8,103352.57142857143
61162,2026-08-04,2857964.95,2882003.222222222,2857964.95,2882003.222222222
61197,2026-08-04,3177859.5,3088351.1904761903,3177859.5,3088351.1904761903
61199,2026-08-04,212106.4,277516.07936507935,212106.4,277516.07936507935
61214,2026-08-04,1933488.9,1844662.6825396826,1933488.9,1844662.6825396826
61220,2026-08-04,1971212.1,2492633.888888889,1971212.1,2492633.888888889
61229,2026-08-04,210423.55,220512.3492063492,210423.55,220512.3492063492
61263,2026-08-04,15575.65,14132.968253968254,15575.65,14132.968253968254
61264,2026-08-04,2059735.55,1738185.5714285714,2059735.5499999956,1738185.5714285676
61268,2026-08-04,214682.1,277251.873015873,214682.1,277251.873015873
61343,2026-08-04,207589.3,244787.2380952381,207589.3,244787.2380952381
61347,2026-08-04,119227.9,177023.11111111112,119227.9,177023.11111111112
61349,2026-08-04,454145.75,466933.4603174603,454145.75,466933.4603174603
61387,2026-08-04,801195.0,746782.4603174604,801195.0000000015,746782.4603174604
61410,2026-08-04,153388.7,166104.19047619047,153388.7,166104.19047619047
61416,2026-08-04,5637488.05,5905472.984126984,11274974.573368602,11810944.369052213
61434,2026-08-04,45161.5,55190.36507936508,45161.5,55190.36507936507
61437,2026-08-04,1040190.2,969787.1904761905,1040190.1999999933,969787.1904761915
61447,2026-08-04,9041.25,13433.873015873016,9041.25,13433.873015873016
61457,2026-08-04,1705122.5,1689248.7936507936,1705122.4999999956,1689248.7936507936
61464,2026-08-04,2135378.8,2445372.253968254,2135378.8,2445372.253968254
61474,2026-08-04,234378.0,247541.49206349207,234378.0,247541.49206349207
61475,2026-08-04,1182465.45,1096271.238095238,1182465.45,1096271.238095238
61489,2026-08-04,1107376.35,984582.253968254,1107376.35,984582.253968254
61498,2026-08-04,1992207.7,1816653.0317460317,1992207.7,1816653.0317460324
61500,2026-08-04,11204.55,12675.714285714286,11204.549999998253,12675.714285715898
61515,2026-08-04,1049267.05,742009.9206349206,1049267.05,742009.9206349206
61516,2026-08-04,1105955.35,1131761.7142857143,1105955.35,1131761.7142857143
61527,2026-08-04,853053.35,852551.2857142857,853053.3499999989,852551.285714285
61535,2026-08-04,699846.5,748059.7619047619,699846.5,748059.761904764
61551,2026-08-04,1075285.2,1037363.9682539683,1075285.2,1037363.9682539683
61558,2026-08-04,510276.0,506346.0317460318,510276.0,506346.0317460308
61559,2026-08-04,622838.75,725232.619047619,622838.75,725232.619047619
61571,2026-08-04,2044712.8,2865869.0634920634,2044712.8,2865869.0634920634
61593,2026-08-04,825786.2,963438.8571428572,825786.2,963438.8571428572
61597,2026-08-04,986527.75,1013248.9206349206,986527.7499999997,1013248.920634921
61606,2026-08-04,1534695.45,1929288.349206349,1534695.450000003,1929288.3492063459
61621,2026-08-04,308623.25,389273.0,308623.25,389273.0
61624,2026-08-04,8995354.6,10290698.666666666,8995354.599999975,10290698.666666666
61627,2026-08-04,55036440.65,64180859.17460317,55036440.65,64180859.17460317
61628,2026-08-04,113121.15,108809.09523809524,113121.14999999995,108809.09523809506
61629,2026-08-04,236339.3,267550.92063492065,236339.3,267550.92063492065
61660,2026-08-04,174178.65,141859.3015873016,174178.65,141859.3015873016
61680,2026-08-04,941756.65,975056.4285714285,941756.65,975056.4285714285
61873,2026-08-04,462119.7,654290.3015873015,462119.69999999984,654290.3015873014
61886,2026-08-04,2531976.55,3635909.4285714286,2531976.5500000045,3635909.428571434
61954,2026-08-04,1248055.65,1040933.5873015873,1248055.65,1040933.5873015873
61969,2026-08-04,45800.0,46474.8253968254,45800.0,46474.8253968254
61979,2026-08-04,6932241.5,7946727.349206349,6932241.499999997,7946727.349206341
61980,2026-08-04,6333316.4,6849196.80952381,6333316.4,6849196.80952381
61993,2026-08-04,5017924.1,7368935.253968254,5017924.100000066,7368935.253968331
62005,2026-08-04,238089.55,490027.90476190473,238089.55,490027.90476190473
62083,2026-08-04,126704.65,187852.57142857142,126704.65000000018,187852.57142857142
62098,2026-08-04,755838.2,793592.6666666666,755838.2,793592.6666666666
62131,2026-08-04,906876.75,1101693.9682539683,906876.7499998171,1101693.968253996
62190,2026-08-04,7965206.65,7849963.111111111,7965206.65,7849963.111111111
62215,2026-08-04,812369.0,622808.5079365079,812369.0000000002,622808.5079365082
62260,2026-08-04,894244.2,996606.0634920635,894244.2,996606.0634920635
62274,2026-08-04,1355395.0,1558707.0158730159,1355395.0,1558707.0158730121
62281,2026-08-04,33111.9,30296.11111111111,33111.9,30296.11111111111
62285,2026-08-04,10389224.6,11381666.61904762,10389224.6,11381666.61904762
62293,2026-08-04,1602315.75,1809924.142857143,1602315.75,1809924.142857143
62296,2026-08-04,875324.3,1199409.7301587302,875324.3,1199409.7301587302
62297,2026-08-04,54489.95,73989.31746031746,54489.95000000056,73989.31746031686
62300,2026-08-04,916925.7,1019472.0158730159,916925.7,1019472.0158730159
62303,2026-08-04,1420265.15,1416468.5555555555,1420265.15,1416468.5555555555
62305,2026-08-04,1900100.05,2233108.365079365,1900100.05,2233108.365079365
62308,2026-08-04,3694889.7,3860502.3174603176,3694889.700000006,3860502.3174603186
62309,2026-08-04,84401.55,75338.93650793651,84401.55,75338.93650793651
62314,2026-08-04,125347.4,109868.46031746031,125347.4,109868.46031746031
62321,2026-08-04,502773.8,703114.5396825396,502773.8,703114.5396825396
62340,2026-08-04,8730956.65,8717106.142857144,8730956.65,8717106.142857144
62344,2026-08-04,1677549.0,1395911.0158730159,1677549.0,1395911.0158730159
62366,2026-08-04,369196.6,371966.95238095237,369196.60000000073,371966.95238095283
62369,2026-08-04,531467.3,532067.5714285715,531467.3000000002,532067.571428571
62372,2026-08-04,894782.35,1107945.5873015872,894782.35,1107945.5873015872
62376,2026-08-04,1092128.8,890085.8095238095,1092128.8,890085.8095238095
62379,2026-08-04,333231.55,355246.38095238095,333231.55,355246.38095238095
62385,2026-08-04,2396152.15,2437477.0317460317,2396152.15,2437477.0317460317
62393,2026-08-04,312326.4,288054.1111111111,312326.4,288054.1111111111
62394,2026-08-04,1445920.3,1643577.2857142857,1445920.300000003,1643577.285714292
62408,2026-08-04,4884.55,7957.333333333333,4884.55,7957.333333333333
62411,2026-08-04,1252542.1,1387617.0317460317,1252542.1000000047,1387617.0317460324
62416,2026-08-04,287910.9,344502.84126984124,287910.89999999886,344502.8412698403
62417,2026-08-04,1357549.95,1545294.7777777778,1357549.95,1545294.7777777778
62419,2026-08-04,47169.65,49719.74603174603,47169.65,49719.74603174603
62432,2026-08-04,1507428.15,1720700.603174603,1507428.15,1720700.603174603
62433,2026-08-04,513453.05,481560.38095238095,513453.05,481560.38095238095
62436,2026-08-04,939707.55,1034030.380952381,939707.55,1034030.380952381
62439,2026-08-04,3278114.65,3909467.0317460317,3278114.65,3909467.0317460317
62440,2026-08-04,1480460.0,1771773.634920635,1480460.0000000119,1771773.634920633
62441,2026-08-04,162839.35,95817.60317460318,162839.35000000003,95817.60317460315
62443,2026-08-04,5040957.3,5960089.46031746,5040957.3000000045,5960089.460317462
62445,2026-08-04,1306635.45,1281691.4761904762,1306635.45,1281691.4761904762
62448,2026-08-04,1490247.45,1922572.761904762,1490247.449999985,1922572.7619047656
62452,2026-08-04,641817.7,743296.6507936508,641817.7000000172,743296.6507936461
62455,2026-08-04,596288.4,722767.7301587302,596288.3999999992,722767.7301587249
62465,2026-08-04,2422464.85,2271309.206349206,2422464.85,2271309.206349206
62470,2026-08-04,454973.3,487723.98412698414,454973.3,487723.98412698414
62472,2026-08-04,645739.6,506684.65079365077,645739.6,506684.65079365077
62473,2026-08-04,77442074.25,62823274.11111111,77442074.24999991,62823274.11111121
62506,2026-08-04,3045505.2,3190327.984126984,3045505.2,3190327.984126984
62548,2026-08-04,881210.1,858435.9365079365,881210.1,858435.9365079365
62556,2026-08-04,1405200.05,763357.7142857143,1405200.05,763357.7142857143
62563,2026-08-04,3269336.5,3098118.904761905,3269336.5,3098118.904761905
62576,2026-08-04,1740.2,4195.063492063492,1740.199999999997,4195.063492063483
62583,2026-08-04,71396.85,62419.31746031746,71396.85,62419.31746031746
62584,2026-08-04,36200.45,66493.47619047618,36200.45,66493.47619047618
62593,2026-08-04,169735.05,216863.80952380953,169735.05,216863.80952380953
62603,2026-08-04,291346.9,251633.77777777778,291346.9,251633.77777777778
62611,2026-08-04,342514.75,288338.79365079367,342514.75,288338.79365079367
62633,2026-08-04,15174.7,13641.984126984127,15174.7,13641.984126984127
62634,2026-08-04,1260921.35,1230021.5714285714,1260921.35,1230021.5714285714
62661,2026-08-04,121278.8,105937.0,121278.8,105937.0
62667,2026-08-04,1391653.75,1677124.5873015872,1391653.75,1677124.5873015872
62694,2026-08-04,117753.0,135115.47619047618,117753.0,135115.47619047618
62723,2026-08-04,158779.1,232669.90476190476,158779.1,232669.90476190476
62731,2026-08-04,25970707.05,23479406.793650795,25970707.05,23479406.793650795
62734,2026-08-04,961504.2,964875.4285714285,961504.2,964875.4285714285
62739,2026-08-04,38111.95,36302.031746031746,38111.95,36302.031746031746
62740,2026-08-04,345214.45,264505.90476190473,345214.45000000007,264505.90476190473
62747,2026-08-04,539459.85,393122.14285714284,539459.85,393122.14285714284
62798,2026-08-04,50750.95,71870.3492063492,50750.95,71870.34920634917
62800,2026-08-04,72221.5,82316.41269841269,72221.5,82316.41269841269
62814,2026-08-04,1747386.7,1845022.365079365,1747386.6999999962,1845022.3650793538
62883,2026-08-04,61087.65,68082.96825396825,61087.65,68082.96825396825
62888,2026-08-04,464857.1,404891.6349206349,464857.1,404891.6349206349
62914,2026-08-04,2841375.8,3365833.1428571427,2841375.8,3365833.1428571427
62930,2026-08-04,1031116.75,1135434.6984126985,1031116.75,1135434.6984126985
62968,2026-08-04,9360165.1,9123020.682539683,9360165.1,9123020.682539683
63068,2026-08-04,475644.65,433015.92063492065,475644.65,433015.92063492065
63119,2026-08-04,2348544.2,3553853.904761905,2348544.2,3553853.904761905
63136,2026-08-04,1752142.75,2229020.015873016,1752142.7500000014,2229020.015873016
63141,2026-08-04,11798205.8,9843786.126984127,11798205.799999977,9843786.12698415
63142,2026-08-04,470331.3,544527.3174603175,470331.3,544527.3174603173
63143,2026-08-04,293659.8,309740.5873015873,293659.8,309740.5873015873
63144,2026-08-04,1908356.35,1106248.5555555555,1908356.35,1106248.5555555555
63145,2026-08-04,1149757.7,1153703.2698412698,1149757.7,1153703.2698412698
63147,2026-08-04,28603687.6,32339618.873015873,28603687.6,32339618.873015873
63155,2026-08-04,2227944.6,2750135.0,2227944.6,2750135.0
63164,2026-08-04,1865346.2,1968342.9682539683,1865346.1999999986,1968342.9682539674
63169,2026-08-04,108432.4,114753.11111111111,108432.4,114753.11111111117
63172,2026-08-04,5535.5,5538.31746031746,5535.5,5538.31746031746
63180,2026-08-04,2669731.65,3359512.253968254,2669731.65,3359512.253968254
63181,2026-08-04,19256906.0,19621887.063492063,19256906.0,19621887.063492063
63191,2026-08-04,25618.95,28509.26984126984,25618.95,28509.26984126984
63194,2026-08-04,501432.65,553324.0317460317,501432.65,553324.0317460317
63196,2026-08-04,5080068.8,5347755.73015873,5080068.8,5347755.73015873
63200,2026-08-04,277587.1,288003.4126984127,277587.1,288003.4126984127
63203,2026-08-04,6333696.2,7167257.920634921,6333696.200000015,7167257.920634919
63204,2026-08-04,292961.75,355661.61904761905,292961.75,355661.61904761905
63207,2026-08-04,237738.95,186603.46031746033,237738.95,186603.46031746033
63216,2026-08-04,4784.3,5322.412698412699,4784.3,5322.412698412699
63586,2026-08-04,170968.2,160379.68253968254,170968.20000000036,160379.68253968243
63587,2026-08-04,2574606.2,3288780.587301587,2574606.2,3288780.5873015868
63613,2026-08-04,1309024.7,764581.3015873015,1309024.7000000011,764581.3015873006
63617,2026-08-04,156103.15,188689.25396825396,156103.14999999962,188689.25396825315
63619,2026-08-04,1214075.6,1241087.8253968253,1214075.6,1241087.8253968253
63647,2026-08-04,399504.35,396666.2698412698,399504.35,396666.2698412695
63649,2026-08-04,14045078.8,15805260.46031746,14045078.800000006,15805260.460317465
63650,2026-08-04,5338162.55,6169761.349206349,5338162.55,6169761.349206349
63655,2026-08-04,235561.15,249379.31746031746,235561.15,249379.31746031746
63661,2026-08-04,1787725.7,1794484.7936507936,1787725.7,1794484.7936507936
63663,2026-08-04,6601721.55,8118763.317460317,6601721.55,8118763.317460317
63666,2026-08-04,208484.7,177879.79365079364,208484.6999999999,177879.7936507937
63675,2026-08-04,8089376.55,9864131.126984127,8089376.55,9864131.126984127
63678,2026-08-04,1097036.8,933447.9206349206,1097036.8,933447.9206349206
63685,2026-08-04,12459335.95,11924312.126984127,12459335.95,11924312.126984127
63688,2026-08-04,2506895.1,2234091.1587301586,2506895.1,2234091.1587301586
63696,2026-08-04,446539.4,605207.3333333334,446539.4,605207.3333333334
63704,2026-08-04,243416.8,414509.14285714284,243416.8,414509.14285714284
63707,2026-08-04,2394308.75,1523812.9206349207,2394308.75,1523812.9206349207
63722,2026-08-04,8096706.85,9771460.158730159,8096706.85,9771460.158730159
63732,2026-08-04,1319925.1,2056445.126984127,1319925.1,2056445.126984127
63743,2026-08-04,6340771.75,5877583.682539683,6340771.75,5877583.682539683
63779,2026-08-04,646478.35,686934.1904761905,646478.35,686934.1904761906
63800,2026-08-04,1039725.1,1225296.0793650793,1039725.1,1225296.0793650793
63802,2026-08-04,8246032.95,10013289.73015873,8246032.95,10013289.73015873
63826,2026-08-04,182747.95,217930.03174603175,182747.94999999995,217930.03174603186
63832,2026-08-04,92865.0,112648.09523809524,92865.0,112648.09523809524
63915,2026-08-04,1894443.2,1943466.492063492,1894443.1999999895,1943466.492063492
63919,2026-08-04,1680059.55,1285120.253968254,1680059.55,1285120.253968254
63931,2026-08-04,114450.3,139311.49206349207,114450.3,139311.49206349207
63956,2026-08-04,1317230.35,1488280.6984126985,1317230.3499999973,1488280.698412702
63961,2026-08-04,3703798.0,3667580.301587302,3703797.9999999898,3667580.3015873064
63962,2026-08-04,762692.2,900487.6031746032,762692.2000000089,900487.603174605
63963,2026-08-04,383551.5,454747.5714285714,383551.5,454747.5714285714
63964,2026-08-04,6158638.75,5108947.444444444,6158638.75,5108947.444444444
63965,2026-08-04,461857.3,574271.9365079365,461857.3,574271.9365079365
63968,2026-08-04,1118250.3,1051265.126984127,1118250.3000000052,1051265.1269841255
63971,2026-08-04,1219377.5,1612332.4126984128,1219377.5,1612332.4126984128
63982,2026-08-04,1819336.05,1749030.9841269841,1819336.05,1749030.984126985
63985,2026-08-04,1128097.75,1329848.0634920634,1128097.75,1329848.0634920634
63988,2026-08-04,2169636.7,3217710.8412698414,2169636.7,3217710.8412698414
63990,2026-08-04,1782632.25,1603054.0793650793,1782632.25,1603054.0793650793
63991,2026-08-04,1883466.85,2577381.507936508,1883466.85,2577381.507936508
63995,2026-08-04,2823897.95,2910741.888888889,2823897.95,2910741.888888889
64003,2026-08-04,689321.8,946873.6666666666,689321.8000000004,946873.6666666648
64010,2026-08-04,2982115.6,3072505.492063492,2982115.6,3072505.492063492
64012,2026-08-04,7657000.75,7307549.396825396,7657000.749999976,7307549.396825393
64022,2026-08-04,70435.65,54655.857142857145,70435.65,54655.857142857145
64024,2026-08-04,2486663.95,2643937.6666666665,2486663.95,2643937.6666666665
64032,2026-08-04,461899.75,646766.8253968254,461899.75,646766.8253968254
64048,2026-08-04,1474849.8,1101146.1746031747,1474849.8,1101146.1746031747
64058,2026-08-04,1332504.05,1385219.761904762,1332504.050000007,1385219.761904771
64065,2026-08-04,1572999.8,1454099.857142857,1572999.8,1454099.857142857
64074,2026-08-04,887654.45,1290762.5396825396,887654.4499999911,1290762.5396825303
64084,2026-08-04,9325176.25,9357024.682539683,9325176.25,9357024.682539683
64099,2026-08-04,116561.1,154752.61904761905,116561.1,154752.61904761908
64100,2026-08-04,132281.6,159715.31746031746,132281.6,159715.31746031746
64105,2026-08-04,7245388.1,8648717.968253968,7245388.100000006,8648717.968253981
64106,2026-08-04,550886.8,369970.74603174604,550886.8,369970.74603174604
64111,2026-08-04,3477815.4,4359992.603174604,3477815.4,4359992.603174604
64118,2026-08-04,1217092.0,1754803.2063492064,1217092.0,1754803.2063492064
64119,2026-08-04,1040103.85,1074934.650793651,1040103.85,1074934.6507936518
64122,2026-08-04,1515636.8,1430209.0634920634,1515636.8,1430209.0634920634
64127,2026-08-04,8381346.45,8946289.42857143,8381346.45,8946289.428571437
64128,2026-08-04,150989.45,350962.31746031746,150989.4500000002,394954.90392176824
64130,2026-08-04,831022.7,879646.1428571428,831022.7,879646.1428571428
64132,2026-08-04,108971.25,138273.53968253967,108971.25,138273.53968253967
64133,2026-08-04,5123853.4,5450133.904761905,5123853.399999967,5450133.904761916
64135,2026-08-04,229005.85,248463.3650793651,229005.85,248463.3650793651
64144,2026-08-04,7617.45,11911.873015873016,7617.450000000035,11911.873015872994
64150,2026-08-04,1844893.8,1833241.650793651,1844893.8000000059,1833241.6507936583
64158,2026-08-04,5439202.25,7454867.206349206,5439202.250000002,7454867.206349209
64162,2026-08-04,26613990.65,27269339.04761905,26613990.65,27269339.047619063
64166,2026-08-04,7378383.0,8309151.666666667,7378382.9999999795,8309151.666666678
64169,2026-08-04,16964032.75,16483799.650793651,16964032.75,16483799.650793651
64173,2026-08-04,582799.3,740252.9523809524,582799.3,740252.9523809524
64174,2026-08-04,17526.45,23621.73015873016,17526.45,23621.73015873016
64176,2026-08-04,2541226.2,2974437.9206349207,2541226.2,2974437.9206349207
64185,2026-08-04,1878161.85,2184365.3333333335,1878161.85,2184365.3333333335
64195,2026-08-04,1863196.95,2169288.714285714,1863196.9500000016,2169288.714285711
64197,2026-08-04,5668293.85,6293677.19047619,5668293.85,6293677.19047619
64200,2026-08-04,5567206.05,4832373.714285715,5567206.05,4832373.714285715
64203,2026-08-04,2100244.7,2567378.634920635,2100244.7,2567378.634920635
64205,2026-08-04,369874.7,526173.126984127,369874.7,526173.126984127
64206,2026-08-04,1188834.1,1048285.5396825396,1188834.1,1048285.5396825396
64208,2026-08-04,2237431.6,3468889.285714286,2237431.600000006,3468889.285714297
64214,2026-08-04,858788.05,1005551.5714285715,858788.05,1005551.5714285715
64222,2026-08-04,7276160.45,9799326.603174603,7276160.45,9799326.603174603
64223,2026-08-04,1280637.75,1674637.857142857,1280637.7500000093,1674637.8571428629
64237,2026-08-04,2491197.9,4190048.015873016,2491197.9,4190048.015873016
64239,2026-08-04,2282064.3,2531827.9206349207,2282064.3,2531827.9206349207
64242,2026-08-04,2041099.6,2296974.476190476,2041099.599999988,2379276.638003486
64253,2026-08-04,1550784.75,1044878.3174603175,1550784.750000003,1450442.1587301588
64254,2026-08-04,15961.15,16973.285714285714,15961.15,16973.285714285714
64262,2026-08-04,3173625.65,3267308.412698413,3173625.649999997,3267308.4126984184
64265,2026-08-04,5034372.75,4110879.095238095,5034372.75,4110879.095238095
64269,2026-08-04,3131333.75,3310639.523809524,3131333.75,3310639.523809524
64271,2026-08-04,1009762.35,1296310.5714285714,1009762.35,1296310.5714285714
64276,2026-08-04,1752399.1,1730363.253968254,1752399.1,1730363.253968254
64280,2026-08-04,1899178.25,1794527.5555555555,1899178.2499999956,1794527.5555555536
64286,2026-08-04,257643.95,293228.01587301586,257643.95000000074,293228.0158730163
64305,2026-08-04,614590.2,479643.8095238095,614590.2000000026,479643.809523807
64306,2026-08-04,311437.25,334626.5714285714,311437.25,334626.5714285714
64308,2026-08-04,2961082.4,4069754.412698413,2961082.4,4069754.412698413
64309,2026-08-04,308575.05,383677.95238095237,308575.04999999906,383677.95238095237
64322,2026-08-04,893499.8,1648836.253968254,893499.8,1648836.253968254
64327,2026-08-04,5433015.7,6404324.444444444,5433015.7,6404324.444444444
64397,2026-08-04,41651.3,36471.25396825397,41651.3,36471.25396825397
64421,2026-08-04,429304.5,385153.5238095238,429304.5,385153.5238095238
64453,2026-08-04,327354.9,343891.4126984127,327354.9000000002,343891.41269841284
64462,2026-08-04,118030.95,107525.07936507936,118030.95,107525.0793650793
64469,2026-08-04,133768.1,143392.09523809524,133768.1,143392.09523809524
64488,2026-08-04,470190.2,651039.7142857143,470190.2,651039.7142857143
64490,2026-08-04,268319.3,231891.2857142857,268319.3,231891.28571428574
64542,2026-08-04,7886534.25,9102154.793650793,7886534.25,9102154.793650793
64546,2026-08-04,598991.75,742158.0952380953,598991.7499999993,742158.0952380953
64561,2026-08-04,357482.1,338329.9365079365,357482.1,338329.9365079365
64562,2026-08-04,72723.2,65967.92063492064,72723.2,65967.92063492064
64615,2026-08-04,329618.95,348564.1746031746,329618.95,348564.1746031746
64644,2026-08-04,1444526.4,1574087.507936508,1444526.4,1574087.507936508
64660,2026-08-04,147807.0,196676.55555555556,147807.0,196676.55555555556
64675,2026-08-04,53419.65,90221.50793650794,53419.65,90221.50793650794
64705,2026-08-04,58884.55,80580.61904761905,58884.55,80580.61904761905
64738,2026-08-04,1781459.05,1865424.1904761905,1781459.0499999821,1865424.1904761887
64758,2026-08-04,18960230.7,32743199.61904762,18960230.69999995,32743199.61904759
64762,2026-08-04,316462.45,330958.8253968254,316462.45000000007,330958.8253968252
64766,2026-08-04,5467031.6,6407365.142857143,5467031.6,6407365.142857143
64779,2026-08-04,613956.65,579492.6984126985,613956.6499999997,579492.6984126985
64810,2026-08-04,1040294.3,909161.4603174604,1040294.3,909161.4603174604
64814,2026-08-04,4948786.45,3497301.253968254,4948786.45,3497301.253968254
64823,2026-08-04,6452797.95,9368835.111111112,6452797.95,9368835.111111112
64826,2026-08-04,763441.35,984562.873015873,763441.35,984562.873015873
64834,2026-08-04,23853.7,24551.126984126986,23853.699999999626,24551.126984126393
64839,2026-08-04,1428628.05,2388986.9365079366,1428628.05,2388986.9365079366
64877,2026-08-04,3807718.95,2632179.301587302,3807718.95,2632179.301587302
64894,2026-08-04,510600.15,634900.5238095238,510600.15,634900.5238095238
64895,2026-08-04,2007179.9,2727317.26984127,2007179.9000000015,2727317.26984127
64907,2026-08-04,3315993.7,3884963.6666666665,3315993.699999997,3884963.6666666646
64934,2026-08-04,1090121.5,1375071.0,1090121.5,1375070.9999999998
64962,2026-08-04,8541290.9,8899655.111111112,8541290.9,8899655.111111112
64972,2026-08-04,2900509.2,3006558.9365079366,2900509.2,3006558.9365079366
65012,2026-08-04,1104010.7,1140958.7142857143,1104010.7000000016,1140958.714285717
65033,2026-08-04,590572.15,667783.2857142857,590572.1500000013,667783.2857142844
65037,2026-08-04,593719.55,742634.5555555555,593719.55,742634.5555555555
65038,2026-08-04,3461432.65,3032785.5714285714,3461432.65,3032785.5714285714
65039,2026-08-04,269130.9,300342.74603174604,269130.9,300342.74603174604
65042,2026-08-04,148228.05,167556.17460317462,148228.0499999999,167556.17460317467
65043,2026-08-04,1314966.65,1054695.5714285714,1314966.65,1054695.5714285714
65044,2026-08-04,1108999.7,1174314.6666666667,1108999.7,1174314.6666666667
65046,2026-08-04,998473.5,1063847.111111111,998473.5,1063847.111111111
65048,2026-08-04,4681248.3,4504512.174603174,4681248.299999988,4504512.174603186
65049,2026-08-04,1056547.95,1289910.873015873,1056547.9500000179,1289910.873015871
65050,2026-08-04,3352375.35,4749177.682539683,3352375.35,4607124.913427683
65051,2026-08-04,2251889.5,2390094.507936508,2251889.5,2390094.507936507
65053,2026-08-04,3901591.4,2718376.285714286,3901591.4000000083,2718376.285714282
65056,2026-08-04,3261001.8,3351643.301587302,3261001.8,3351643.301587302
65057,2026-08-04,232942.25,255080.39682539683,232942.25,255080.39682539683
65062,2026-08-04,27138385.25,21211087.301587302,27138385.25,21211087.30158731
65067,2026-08-04,4081358.55,5697345.333333333,4081358.550000033,5697345.333333334
65068,2026-08-04,2641882.8,2655553.587301587,2641882.8,2655553.587301587
65071,2026-08-04,457782.15,539345.9047619047,457782.15,539345.9047619047
65073,2026-08-04,1555505.1,1562568.9365079366,1555505.1,1562568.9365079366
65076,2026-08-04,467011.25,622304.8253968254,467011.24999999965,622304.825396825
65077,2026-08-04,331766.6,387375.20634920633,331766.6000000041,387375.2063492094
65079,2026-08-04,1923238.4,1736190.7142857143,1923238.4,1736190.7142857143
65087,2026-08-04,5341198.65,5839883.174603174,5341198.649999994,5839883.174603174
65088,2026-08-04,6869557.9,7174326.73015873,6869557.900000018,7174326.730158719
65089,2026-08-04,1441871.7,1603276.2063492064,1441871.7,1603276.2063492064
65091,2026-08-04,18441.55,20473.079365079364,18441.55,20473.079365079364
65093,2026-08-04,2759280.0,2332431.9523809524,2759280.0,2332431.9523809524
65095,2026-08-04,174122.0,203087.79365079364,174121.99999999983,203087.79365079408
65100,2026-08-04,2140837.8,1694797.126984127,2140837.8,1694797.126984127
65103,2026-08-04,283039.4,239444.03174603175,283039.4,239444.0317460314
65106,2026-08-04,74390.05,66614.60317460318,74390.05,66614.60317460318
65116,2026-08-04,39318.8,37428.031746031746,39318.8,37428.031746031746
65123,2026-08-04,785518.5,1153530.238095238,785518.5000000007,1153530.2380952372
65127,2026-08-04,2700.65,2900.0158730158732,2700.65,2900.0158730158732
65128,2026-08-04,3741276.1,6782484.111111111,3741276.1,6782484.111111111
65129,2026-08-04,221722.85,247266.2857142857,221722.85000000225,247266.28571428737
65130,2026-08-04,150048.55,206174.90476190476,150048.55,206174.90476190476
65141,2026-08-04,1224314.65,1116272.8095238095,1224314.65,1116272.8095238095
65152,2026-08-04,2021621.3,2023443.619047619,2021621.3000000007,2023443.619047619
65159,2026-08-04,531508.7,752055.4603174604,531508.6999999986,752055.4603174613
65165,2026-08-04,1247740.95,1243748.746031746,1247740.95,1243748.746031746
65170,2026-08-04,18422586.15,23122507.206349205,18422586.15,23122507.206349205
65171,2026-08-04,684443.95,650112.8253968254,684443.9500000089,650112.825396825
65192,2026-08-04,28428.9,52505.77777777778,28428.9,52505.77777777778
65197,2026-08-04,5113199.6,5779608.936507937,5113199.6,5779608.936507937
65222,2026-08-04,2282786.35,2541472.238095238,2282786.35,2541472.238095238
65243,2026-08-04,4302030.7,3983744.619047619,4302030.7,3983744.619047619
65270,2026-08-04,896254.5,598397.619047619,896254.5000000021,598397.6190476201
65300,2026-08-04,1561594.1,1675717.4126984128,1561594.1,1675717.4126984156
65305,2026-08-04,250910.8,244004.55555555556,250910.8,244004.55555555556
65333,2026-08-04,1180621.7,1003353.380952381,1180621.7,1003353.380952381
65359,2026-08-04,1163777.4,1140339.0634920634,1163777.4,1140339.0634920634
65381,2026-08-04,86591.25,97048.28571428571,86591.25,97048.28571428571
65405,2026-08-04,781714.8,849211.380952381,962278.0017110653,1089779.4525561314
65418,2026-08-04,855475.05,1113124.761904762,855475.05,1113124.7619047617
65441,2026-08-04,84486.9,85895.28571428571,84486.9,85895.28571428571
65505,2026-08-04,1906505.15,6721826.825396826,1906505.149999998,1865193.7460317467
65543,2026-08-04,172535.75,226458.85714285713,172535.75,226458.85714285713
65596,2026-08-04,75625.8,55479.88888888889,75625.8,55479.88888888889
65597,2026-08-04,258521.9,253287.96825396825,258521.9,253287.96825396825
65613,2026-08-04,1006116.2,1425495.4285714286,1006116.2,1425495.4285714286
65726,2026-08-04,3496903.35,4985630.333333333,3496903.35,4985630.333333333
65765,2026-08-04,341558.85,582797.0952380953,341558.85,582797.0952380953
65771,2026-08-04,386582.6,321704.25396825396,386582.6,321704.25396825396
65802,2026-08-04,3255046.4,3383667.761904762,3255046.4,3383667.761904762
65849,2026-08-04,1463749.8,1614110.746031746,1463749.8,1614110.746031746
65874,2026-08-04,2669202.15,3473508.0793650793,2669202.15,3473508.0793650793
65896,2026-08-04,3951847.1,4779662.285714285,3951847.1,4779662.285714285
65923,2026-08-04,1338290.75,1192057.4285714286,1338290.75,1192057.4285714286
65943,2026-08-04,768615.65,839988.7142857143,768615.6499999978,839988.7142857148
65958,2026-08-04,83184.65,69164.28571428571,83184.65,69164.28571428571
66050,2026-08-04,1859520.75,1906774.5714285714,1859520.75,1906774.5714285714
66054,2026-08-04,151453.45,171851.68253968254,151453.45,171851.68253968254
66063,2026-08-04,2221175.25,2589292.634920635,2221175.25,2589292.634920635
66080,2026-08-04,763825.95,1044852.873015873,763825.95,1044852.873015873
66086,2026-08-04,288739.7,318883.0,288739.7,318883.0
66088,2026-08-04,512185.4,492440.7301587302,512185.4,492440.7301587302
66114,2026-08-04,233163.9,204858.6507936508,233163.9,204858.6507936508
66130,2026-08-04,104612.25,120859.44444444444,104612.24999999904,120859.44444444486
66151,2026-08-04,590088.4,712826.380952381,590088.3999999989,712826.3809523814
66158,2026-08-04,6492519.6,6992377.984126984,6492519.599999999,6992377.984126984
66265,2026-08-04,39232921.7,30701784.634920634,39232921.7,30701784.634920634
66281,2026-08-04,972838.8,942835.5714285715,972838.8,942835.5714285714
66353,2026-08-04,2417421.65,2210086.222222222,2417421.65,2210086.222222222
66443,2026-08-04,2146822.75,2665504.714285714,2146822.75,2665504.714285714
66473,2026-08-04,139833.6,269556.90476190473,139833.6,269556.90476190473
66550,2026-08-04,647624.4,1068077.5396825396,647624.4,1068077.5396825396
66617,2026-08-04,60609.75,61132.22222222222,60609.75,61132.22222222222
66623,2026-08-04,497543.35,415832.6984126984,497543.35,415832.6984126984
66658,2026-08-04,1642485.05,1259748.9206349207,1642485.05,1259748.9206349207
66664,2026-08-04,1861678.55,1884014.7142857143,1861678.55,1884014.7142857143
66667,2026-08-04,528734.4,467665.1904761905,528734.4,467665.1904761905
66670,2026-08-04,157746.6,210177.2380952381,157746.6,210177.2380952381
66678,2026-08-04,4429882.1,4875631.222222222,4429882.1,4875631.222222222
66700,2026-08-04,432337.05,430434.84126984124,432337.05,430434.84126984124
66704,2026-08-04,5600.1,6225.349206349207,5600.1,6225.349206349207
66714,2026-08-04,662083.35,901118.2698412698,662083.35,901118.2698412698
66726,2026-08-04,810061.5,709496.1904761905,810061.5,709496.1904761905
66761,2026-08-04,155183.1,165945.74603174604,155183.1,165945.74603174604
66771,2026-08-04,10636056.2,10024285.063492063,10636056.2,10024285.063492063
66804,2026-08-04,452356.25,680846.9047619047,452356.2499999933,680846.9047619005
66806,2026-08-04,2309578.0,2522398.015873016,2309578.0,2522398.015873016
66817,2026-08-04,14180.45,9460.238095238095,14180.45,9460.238095238095
66821,2026-08-04,129727716.65,152577333.3809524,129727716.64999624,152577333.3809511
66837,2026-08-04,429063.9,532605.9682539683,429063.9,532605.9682539682
66846,2026-08-04,2072108.35,2191100.1428571427,2072108.35,2191100.1428571427
66915,2026-08-04,50987.4,36254.444444444445,50987.4,36254.444444444445
66980,2026-08-04,390512.7,328591.74603174604,390512.7,328591.74603174604
66982,2026-08-04,275187.1,367216.74603174604,275187.0999999996,367216.7460317462
66988,2026-08-04,1305745.0,1515166.142857143,1305745.0,1515166.142857143
66993,2026-08-04,28743.4,48157.555555555555,28743.4,48157.55555555554
67006,2026-08-04,698687.25,718720.2698412698,698687.25,718720.2698412698
67009,2026-08-04,517820.8,617389.7936507936,517820.8,617389.7936507936
67024,2026-08-04,207061.2,200258.61904761905,207061.2,200258.61904761905
67055,2026-08-04,265993.4,258249.88888888888,265993.4,258249.88888888888
67058,2026-08-04,528480.15,704201.8412698413,528480.15,704201.8412698413
67060,2026-08-04,189103.85,305670.6031746032,189103.85,305670.6031746032
67070,2026-08-04,717319.7,712560.3015873015,717319.7,712560.3015873015
67091,2026-08-04,1737726.35,1927130.8095238095,1737726.35,1927130.8095238095
67102,2026-08-04,567599.6,701238.619047619,567599.6,701238.619047619
67118,2026-08-04,399413.7,391229.5396825397,399413.7,391229.5396825397
67129,2026-08-04,4018799.1,4430979.031746032,4018799.0999999763,4430979.031746028
67131,2026-08-04,3428960.35,2542951.4285714286,3428960.35,2542951.4285714286
67140,2026-08-04,2827688.6,3574443.3174603176,2827688.6,3574443.3174603176
67141,2026-08-04,588648.85,968659.8095238095,588648.8500000074,968659.8095238105
67144,2026-08-04,7556637.0,9141956.666666666,7556637.000000006,9141956.666666666
67147,2026-08-04,574413.9,692352.5714285715,574413.9,692352.571428571
67148,2026-08-04,919628.45,1009667.5238095238,919628.45,1009667.5238095245
67152,2026-08-04,47987.2,51354.74603174603,47987.2,51354.74603174603
67153,2026-08-04,245046.75,267463.4761904762,245046.7500000001,267463.4761904761
67155,2026-08-04,141963.55,156275.87301587302,141963.55,156275.87301587302
67157,2026-08-04,2090598.85,2114424.746031746,2090598.8499999992,2114424.7460317505
67164,2026-08-04,1686941.9,1762108.142857143,1686941.9000000015,1762108.142857139
67166,2026-08-04,2176281.0,1965189.4285714286,2176281.0,1965189.4285714286
67167,2026-08-04,398033.0,452157.6349206349,398033.00000000035,452157.634920635
67171,2026-08-04,1930476.85,1840567.9365079366,1930476.849999997,1840567.9365079403
67176,2026-08-04,4909391.15,4622061.523809524,4909391.15,4622061.523809524
67186,2026-08-04,699829.85,769628.5555555555,699829.8499999996,769628.5555555548
67191,2026-08-04,1776259.65,1558466.7936507936,1776259.65,1558466.7936507936
67193,2026-08-04,1136352.7,1210748.5555555555,1136352.7,1210748.555555557
67194,2026-08-04,1092918.1,1223612.9523809524,1092918.1,1223612.9523809524
67195,2026-08-04,19948.8,18975.714285714286,19948.799999999967,18975.714285714235
67206,2026-08-04,33203151.9,35922941.61904762,33203151.9,35922941.61904762
67214,2026-08-04,42304.95,53106.031746031746,42304.95,53106.031746031746
67215,2026-08-04,3323110.6,4091688.873015873,3323110.599999994,4091688.8730158806
67223,2026-08-04,257250.6,287226.77777777775,257250.59999999992,287226.77777777787
67228,2026-08-04,657393.1,523709.09523809527,657393.0999999974,523709.0952380943
67235,2026-08-04,2461480.7,2715868.238095238,2461480.7,2715868.238095238
67241,2026-08-04,2685499.75,2338006.222222222,2685499.75,2338006.222222222
67254,2026-08-04,953357.2,829074.4603174604,953357.2,829074.4603174606
67268,2026-08-04,74089.9,61634.87301587302,74089.9,61634.87301587302
67306,2026-08-04,24859003.0,22121402.317460317,24859003.00000001,22121402.317460317
67351,2026-08-04,31962.5,40883.93650793651,31962.5,40883.93650793651
67363,2026-08-04,70278.15,70710.25396825396,70278.15000000018,70710.25396825402
67370,2026-08-04,1844770.35,1423025.0,1844770.3499999985,1423025.000000001
67396,2026-08-04,571365.2,584802.9682539683,571365.2,584802.9682539683
67411,2026-08-04,298328.4,429596.2380952381,298328.4,429596.2380952381
67415,2026-08-04,3218226.85,4848890.904761905,3218226.85,4848890.904761905
67432,2026-08-04,837342.3,952951.7619047619,837342.3,952951.7619047619
67443,2026-08-04,1295054.0,1336665.238095238,1295054.0,1336665.238095238
67445,2026-08-04,20076.65,25560.47619047619,20076.65,25560.47619047619
67455,2026-08-04,236581.05,212819.38095238095,236581.05,212819.38095238095
67470,2026-08-04,10750158.4,12123992.365079366,10750158.4,12123992.365079366
67477,2026-08-04,1074217.45,1345184.492063492,1074217.45,1345184.492063492
67487,2026-08-04,1051762.75,1243951.111111111,1051762.75,1243951.111111111
67489,2026-08-04,7362378.5,8112970.142857143,7362378.5,8112970.142857143
67501,2026-08-04,1005569.0,1967501.0158730159,1005569.0,1967501.0158730159
67527,2026-08-04,226356.45,221065.55555555556,226356.45,221065.55555555556
67534,2026-08-04,531842.75,455757.98412698414,531842.75,455757.98412698414
67551,2026-08-04,137072.9,135687.74603174604,137072.89999999997,135687.74603174604
67563,2026-08-04,9672903.95,8829163.412698412,9672903.95,8829163.412698437
67574,2026-08-04,1622658.25,1868178.9682539683,1622658.2499999986,1868178.9682539674
67597,2026-08-04,565075.25,965186.8095238095,565075.25,965186.8095238095
67624,2026-08-04,35545369.9,31912614.714285713,35545369.9,31912614.714285713
67640,2026-08-04,4109051.6,3589189.698412698,4109051.6,3589189.698412698
67681,2026-08-04,1475763.75,1434926.5555555555,1475763.7500000014,1434926.5555555555
67691,2026-08-04,153457.55,147822.33333333334,153457.55,147822.3333333334
67718,2026-08-04,1013486.7,1330295.5714285714,1013486.6999999598,1330295.5714286075
67744,2026-08-04,2760446.15,2452709.492063492,2760446.15,2452709.492063492
67756,2026-08-04,520053.6,623380.380952381,520053.599999997,623380.3809523789
67757,2026-08-04,71486.1,121181.28571428571,71486.1,121181.28571428571
67773,2026-08-04,4122171.25,5329631.492063492,4122171.25,5329631.492063492
67815,2026-08-04,285456.7,422025.1904761905,285456.7,422025.1904761905
67838,2026-08-04,42306.5,67356.41269841269,42306.5,67356.41269841269
67847,2026-08-04,468558.65,479470.5396825397,468558.65,479470.5396825397
67855,2026-08-04,4300318.15,4278524.0,4300318.149999997,4278524.0
67890,2026-08-04,1451889.95,1875507.8253968253,1451889.95,1875507.8253968253
67910,2026-08-04,151572.2,153511.95238095237,151572.2000000001,153511.95238095237
67931,2026-08-04,32732.85,19112.26984126984,32732.85,19112.26984126984
67942,2026-08-04,944500.45,944518.2698412698,944500.4499999993,944518.2698412703
67943,2026-08-04,62333.55,60166.42857142857,62333.55,60166.42857142857
67948,2026-08-04,32309.9,50467.06349206349,32309.9,50467.06349206349
67975,2026-08-04,2387301.9,2501433.746031746,2387301.9,2501433.746031746
67980,2026-08-04,1989754.15,2041836.4126984128,1989754.15,2041836.4126984128
67981,2026-08-04,1720916.3,2135931.1904761903,1720916.3,2135931.1904761903
67986,2026-08-04,4977797.0,5691173.349206349,4977797.0,5691173.349206349
68009,2026-08-04,1092858.8,1279455.5873015872,1092858.8,1279455.5873015872
68011,2026-08-04,7179141.8,6944770.063492063,7179141.800000021,6944770.06349206
68019,2026-08-04,713921.15,736492.6507936508,713921.15,736492.6507936508
68027,2026-08-04,1118490.65,1235169.873015873,1118490.65,1235169.873015873
68049,2026-08-04,5362117.85,5790189.349206349,5362117.85,5790189.349206349
68051,2026-08-04,102668.35,107766.19047619047,102668.35,107766.19047619047
68055,2026-08-04,175100.3,230919.17460317462,175100.3,230919.17460317462
68056,2026-08-04,1040919.6,953625.9206349206,1040919.6,953625.9206349206
68067,2026-08-04,392452.15,528448.5238095238,392452.1500000002,528448.523809524
68148,2026-08-04,193813.05,196243.77777777778,193813.04999999935,196243.7777777791
68174,2026-08-04,179135.5,194549.61904761905,179135.5,194549.61904761905
68198,2026-08-04,98722.65,157463.22222222222,98722.65,157463.22222222222
68204,2026-08-04,2280317.4,2649153.777777778,2280317.4,2649153.777777778
68208,2026-08-04,484709.95,507156.3333333333,484709.95,507156.3333333333
68212,2026-08-04,581906.75,676443.6349206349,581906.75,676443.6349206349
68214,2026-08-04,1426644.35,1191561.238095238,1426644.35,1191561.238095238
68220,2026-08-04,2159050.55,2408273.904761905,2159050.550000024,2408273.9047618816
68229,2026-08-04,7982837.8,7920258.634920635,7982837.8,7920258.634920635
68230,2026-08-04,856126.95,704783.253968254,856126.95,704783.253968254
68246,2026-08-04,304537.7,313135.6666666667,304537.70000000007,313135.6666666668
68249,2026-08-04,411051.6,388455.3650793651,411051.600000008,388455.36507935147
68262,2026-08-04,532489.9,782381.2222222222,532489.8999999866,782381.2222222241
68293,2026-08-04,326687.05,148593.60317460317,326687.0500000001,148593.60317460325
68339,2026-08-04,57459.0,93533.49206349206,57459.0,93533.49206349206
68352,2026-08-04,408980.65,588414.3333333334,408980.64999999886,588414.3333333319
68380,2026-08-04,292791.05,435575.20634920633,292791.0499999998,435575.20634920633
68393,2026-08-04,294034.25,259313.52380952382,294034.25,259313.52380952382
68404,2026-08-04,5384349.1,8463918.047619049,5384349.1,8463918.047619049
68447,2026-08-04,579395.35,630115.3650793651,579395.35,630115.3650793651
68461,2026-08-04,1266504.15,1408335.380952381,1266504.1499999955,1408335.38095238
68467,2026-08-04,95555.1,124442.41269841269,95555.1,124442.41269841269
68469,2026-08-04,147763.1,157761.22222222222,147763.1,157761.22222222222
68473,2026-08-04,143981.35,159035.53968253967,143981.3500000001,159035.53968253973
68475,2026-08-04,2618177.2,2769906.1904761903,2618177.2,2769906.1904761903
68480,2026-08-04,32150.4,36494.47619047619,32150.4,36494.47619047619
68509,2026-08-04,342208.2,294494.5396825397,342208.1999999987,294494.5396825404
68513,2026-08-04,2342901.3,2128937.507936508,2342901.3,2128937.507936508
68519,2026-08-04,546420.75,659295.6666666666,546420.7499999994,774171.9227609669
68522,2026-08-04,1476323.05,1444434.9047619049,1476323.0500000014,1444434.9047619067
68526,2026-08-04,2750472.95,3028583.523809524,2750472.95,3028583.523809524
68567,2026-08-04,1962309.65,2425314.9682539683,1962309.65,2425314.9682539683
68578,2026-08-04,1035909.55,1083197.3174603174,1035909.5499999982,1083197.3174603174
68598,2026-08-04,135040.85,151941.85714285713,135040.85,151941.85714285713
68606,2026-08-04,1030992.4,1240382.7301587302,1030992.4,1240382.7301587302
68629,2026-08-04,2949264.8,3555901.4285714286,2949264.8,3555901.4285714286
68644,2026-08-04,5121068.7,5904081.682539683,5121068.7,5904081.682539683
68648,2026-08-04,112464.2,118418.01587301587,112464.20000000019,118418.01587301612
68650,2026-08-04,331751.7,344537.0634920635,331751.7,344537.0634920635
68669,2026-08-04,1036151.25,999698.4444444445,1036151.2499999993,999698.444444445
68700,2026-08-04,224446.0,183536.04761904763,224446.0,183536.04761904766
68733,2026-08-04,103703.95,130966.07936507936,103703.95,130966.07936507936
68768,2026-08-04,1344218.15,2061205.380952381,1344218.149999983,2061205.3809523724
68826,2026-08-04,316999.75,405721.0317460318,316999.75,405721.0317460318
68904,2026-08-04,4674083.95,5891141.015873016,4674083.95,5891141.015873014
68939,2026-08-04,139052.5,131170.20634920636,139052.5,131170.20634920636
68958,2026-08-04,2526091.15,3949740.746031746,2526091.15,3949740.746031746
68990,2026-08-04,2274397.0,2574853.904761905,2274397.0,2574853.904761905
69030,2026-08-04,9027800.2,19164847.968253966,9027800.2,19164847.968253966
69053,2026-08-04,130155.2,171513.4126984127,130155.2,171513.4126984127
69055,2026-08-04,484543.8,639251.1904761905,484543.8,639251.1904761905
69061,2026-08-04,722799.55,1245473.5238095238,722799.55,1245473.5238095238
69073,2026-08-04,956302.05,955444.8095238095,956302.05,955444.8095238095
69084,2026-08-04,37920.25,69237.03174603175,37920.25,69237.03174603175
69101,2026-08-04,67425.65,79091.3492063492,67425.65,79091.3492063492
69185,2026-08-04,231496.3,233344.03174603175,231496.3,233344.03174603175
69189,2026-08-04,1661423.15,1959450.9523809524,1661423.15,1959450.9523809524
69204,2026-08-04,766613.65,1073629.1587301588,766613.6500000015,1073629.158730158
69327,2026-08-04,42494.45,52097.555555555555,42494.45000000009,52097.55555555547
69333,2026-08-04,17798875.2,17190228.746031746,17798875.2,17190228.746031746
69358,2026-08-04,67075.5,67624.25396825396,67075.5,67624.25396825396
69444,2026-08-04,804427.7,710197.0317460317,804427.7,710197.0317460317
69527,2026-08-04,1435324.4,1485337.8412698412,1435324.4,1485337.841269843
69543,2026-08-04,853991.45,810996.5873015873,853991.45,810996.5873015873
69545,2026-08-04,2599898.0,2677746.9365079366,2599898.0,2677746.9365079366
69564,2026-08-04,2493402.15,1893255.4603174604,2493402.15,1893255.4603174604
69570,2026-08-04,632343.2,679837.5714285715,632343.2,679837.5714285715
69583,2026-08-04,175195.05,156798.2857142857,278783.9500155384,392045.26987655665
69598,2026-08-04,2218567.15,2690378.8095238097,2218567.15,2690378.8095238097
69603,2026-08-04,179276.4,175602.03174603175,179276.4,175602.03174603175
69660,2026-08-04,2698637.05,2600851.888888889,2698637.05,2600851.888888889
69661,2026-08-04,1014343.4,1271714.9682539683,1014343.4,1271714.9682539683
69663,2026-08-04,5896879.0,8556657.26984127,5896879.0,8556657.26984127
69664,2026-08-04,12863038.35,12368009.42857143,12863038.35,12368009.428571437
69665,2026-08-04,4103025.25,4042312.365079365,4103025.25,4042312.365079365
69670,2026-08-04,733317.6,1012793.126984127,733317.5999999918,1012793.1269841247
69671,2026-08-04,2123080.3,2413270.4285714286,2123080.2999999947,2413270.4285714305
69672,2026-08-04,284178.5,314369.7301587302,284178.5,314369.7301587302
69676,2026-08-04,1957807.3,2622082.4285714286,1957807.3,2622082.4285714286
69680,2026-08-04,1400544.6,1281282.8095238095,1400544.6,1281282.8095238132
69686,2026-08-04,10809589.5,11464745.19047619,10809589.5,11464745.19047619
69689,2026-08-04,12254807.4,12933351.285714285,12254807.399999961,12933351.285714269
69690,2026-08-04,1504791.95,1285126.365079365,1504791.95,1285126.365079365
69692,2026-08-04,422784.55,563813.7619047619,422784.5499999998,563813.7619047617
69695,2026-08-04,3631032.05,3785370.6825396824,3631032.0499999984,3785370.6825396805
69698,2026-08-04,155305.5,187481.42857142858,155305.5,187481.42857142858
69699,2026-08-04,18138.65,19017.349206349205,18138.65,19017.349206349205
69701,2026-08-04,127341.9,133808.3015873016,127341.9,133808.3015873016
69708,2026-08-04,3736355.9,4869262.857142857,3736355.9,4869262.857142857
69710,2026-08-04,123053.0,125424.93650793651,123053.0,125424.93650793651
69711,2026-08-04,1223045.9,1197153.5238095238,1223045.9,1197153.5238095238
69712,2026-08-04,192556.35,215252.3650793651,192556.35,215252.3650793651
69714,2026-08-04,35488.05,36618.80952380953,35488.05,36618.80952380953
69718,2026-08-04,891836.9,936015.2698412698,891836.9,936015.2698412698
69724,2026-08-04,4789822.2,5747716.46031746,4789822.19999999,5747716.460317466
69732,2026-08-04,5032203.95,4600693.793650794,5032203.950000005,4600693.793650798
69735,2026-08-04,687573.35,767497.9365079365,687573.3500000011,767497.9365079361
69738,2026-08-04,35658.05,36997.98412698413,35658.05,36997.98412698413
69740,2026-08-04,402470.95,544792.0634920635,402470.95,544792.0634920635
69744,2026-08-04,3127994.4,2767367.380952381,3127994.4000000088,2767367.380952364
69750,2026-08-04,337399.65,519042.4761904762,337399.65,519042.4761904762
69755,2026-08-04,33840933.15,36440223.87301587,33840933.150000006,36440223.87301582
69762,2026-08-04,338992.85,401139.28571428574,338992.85,401139.28571428574
69763,2026-08-04,177354.8,165831.0158730159,177354.8,165831.0158730159
69769,2026-08-04,301228.3,370044.31746031746,301228.3,370044.3174603175
69772,2026-08-04,12251829.55,8647448.952380951,12251829.550000066,12984150.299447639
69774,2026-08-04,122507.8,156020.33333333334,122507.8,156020.33333333334
69791,2026-08-04,7600.2,10593.52380952381,7600.2,10593.52380952381
69836,2026-08-04,132399.3,113888.76190476191,132399.2999999999,113888.76190476191
69859,2026-08-04,4913436.1,5851391.80952381,4913436.1,5851391.80952381
69869,2026-08-04,3827203.6,5074463.571428572,3827203.6,5074463.571428572
69882,2026-08-04,3284903.8,3042704.0,3284903.8,3042704.0
69887,2026-08-04,574460.65,597115.253968254,574460.65,597115.253968254
69897,2026-08-04,699876.8,882480.2857142857,699876.8,882480.2857142857
69901,2026-08-04,167103.15,353482.34920634923,167103.15,353482.34920634923
69904,2026-08-04,668503.55,899732.8571428572,668503.55,899732.8571428572
69907,2026-08-04,171853.55,211602.77777777778,171853.55000000045,211602.77777777755
69957,2026-08-04,1505076.25,1782606.5555555555,1505076.25,1782606.5555555555
69980,2026-08-04,1613809.7,1574233.238095238,1613809.6999999955,1574233.238095238
69990,2026-08-04,949503.25,722153.5873015873,949503.25,722153.5873015873
69999,2026-08-04,15293980.5,20077620.777777776,15293980.499999989,20077620.777777784
70016,2026-08-04,20717.7,12911.84126984127,20717.7,12911.841269841276
70064,2026-08-04,5893264.05,7548246.904761905,5893264.049999982,7548246.904761908
70074,2026-08-04,801003.75,661561.126984127,801003.75,661561.126984127
70085,2026-08-04,992543.45,1501199.0158730159,992543.45,1501199.0158730159
70087,2026-08-04,2209331.8,2672969.523809524,2209331.800000003,2672969.5238095303
70120,2026-08-04,1455338.8,1535575.3015873015,1455338.7999999975,1535575.3015873015
70122,2026-08-04,866458.65,1018580.8253968254,866458.65,1018580.8253968254
70159,2026-08-04,994582.5,1088581.7301587302,994582.5,1088581.7301587302
70178,2026-08-04,811843.55,843415.2380952381,811843.55,843415.2380952381
70217,2026-08-04,687380.65,859523.5079365079,687380.65,859523.5079365079
70252,2026-08-04,3035847.25,3687597.761904762,3035847.25,3687597.761904762
70269,2026-08-04,739470.1,829559.2063492064,739470.1,829559.2063492064
70270,2026-08-04,2704190.15,2428075.396825397,2704190.15,2428075.3968253913
70273,2026-08-04,2532762.75,3437047.380952381,2532762.75,3437047.380952381
70285,2026-08-04,144050.1,132506.42857142858,144050.09999999963,132506.42857142838
70294,2026-08-04,670207.4,547347.2380952381,670207.4,547347.2380952381
70304,2026-08-04,147916.75,174564.47619047618,147916.75,174564.47619047618
70307,2026-08-04,8254254.75,7971449.126984127,8254254.750000037,7971449.126984079
70312,2026-08-04,1305484.9,1442892.9365079366,1305484.9,1442892.9365079366
70317,2026-08-04,1046527.55,1021623.3650793651,1046527.55,1021623.3650793651
70338,2026-08-04,281443.9,324262.0,281443.9,324262.0
70356,2026-08-04,477354.65,455365.6031746032,477354.65,455365.6031746032
70369,2026-08-04,891397.8,841225.5873015873,891397.8,841225.5873015809
70449,2026-08-04,241890.15,241570.04761904763,241890.15,241570.04761904763
70451,2026-08-04,203975.9,247264.50793650793,203975.9,247264.50793650793
70458,2026-08-04,126509.85,133043.46031746033,126509.85,133043.46031746033
70459,2026-08-04,655143.9,878009.2698412698,655143.9,878009.2698412698
70460,2026-08-04,364933.1,439329.3015873016,364933.1,439329.3015873016
70469,2026-08-04,1061132.55,877532.0317460317,1061132.55,877532.0317460317
70485,2026-08-04,1598146.5,1194901.0158730159,1598146.4999999993,1194901.0158730156
70569,2026-08-04,2502876.4,3330556.777777778,2502876.400000006,3330556.7777777757
70617,2026-08-04,2848080.2,2867842.793650794,2848080.2,2867842.793650794
70699,2026-08-04,4385890.75,5073880.825396826,4385890.75,5073880.825396826
70747,2026-08-04,2309297.65,1748828.1587301588,2309297.650000012,1748828.158730158
70825,2026-08-04,20066.55,14724.36507936508,20066.55,14724.36507936508
70848,2026-08-04,604092.25,603244.6825396825,604092.25,603244.6825396825
70854,2026-08-04,92259.7,110756.76190476191,92259.7,110756.76190476191
70925,2026-08-04,2337216.5,2299879.714285714,2337216.500000006,2299879.714285723
70960,2026-08-04,1504992.75,1664164.873015873,1504992.75,1664164.873015873
71040,2026-08-04,87142.6,96234.23809523809,87142.6,96234.23809523809
71049,2026-08-04,1231922.2,1294457.2222222222,1231922.2,1294457.2222222222
71055,2026-08-04,1365721.35,1787672.5714285714,1365721.349999991,1787672.5714285753
71206,2026-08-04,27192.4,27192.4,11787.079249219274,11787.079249219274
71287,2026-08-04,2175564.05,2311337.1904761903,2175564.0500000017,2311337.1904761903
71288,2026-08-04,358849.85,385068.01587301586,358849.85,385068.01587301586
71290,2026-08-04,1564393.65,1105644.4285714286,1564393.65,1105644.4285714286
71301,2026-08-04,955431.3,860463.3968253968,955431.2999999996,860463.3968253963
71316,2026-08-04,4734806.4,2784903.523809524,4734806.4,2784903.523809524
71322,2026-08-04,656638.05,667724.8095238095,656638.05,667724.8095238095
71328,2026-08-04,1638147.7,1134960.888888889,1638147.7,1134960.888888889
71332,2026-08-04,2929170.55,3557211.888888889,2929170.55,3557211.888888889
71367,2026-08-04,34972.5,34216.49206349206,34972.5,34216.49206349206
71386,2026-08-04,637942.65,564818.8888888889,637942.65,564818.8888888891
71388,2026-08-04,1787064.9,2150315.8412698414,1787064.9,2150315.8412698414
71412,2026-08-04,1268832.75,1403765.6666666667,1268832.75,1403765.6666666667
71454,2026-08-04,3330708.15,3370184.206349206,3330708.15,3370184.206349206
71461,2026-08-04,412433.9,534223.5873015873,412433.9,534223.5873015873
71476,2026-08-04,169407.8,154732.90476190476,169407.8,154732.90476190476
71484,2026-08-04,404765.5,494607.3650793651,404765.5,494607.3650793651
71490,2026-08-04,986920.0,863864.8571428572,986920.0,863864.8571428572
71492,2026-08-04,2168998.3,2156134.1746031744,2168998.3,2156134.1746031744
71498,2026-08-04,20405.25,19250.04761904762,20405.25,19250.04761904762
71508,2026-08-04,19183119.15,25319819.253968254,19183119.15,25319819.253968254
71523,2026-08-04,165520.65,192067.88888888888,165520.65,192067.88888888888
71524,2026-08-04,674112.35,640017.3968253968,674112.3499999994,640017.3968253975
71532,2026-08-04,331944.0,321106.1746031746,331944.0,321106.1746031746
71540,2026-08-04,1734960.9,1783763.142857143,1734960.9,1783763.142857143
71590,2026-08-04,122129.75,160094.96825396825,122129.75,160094.96825396825
71596,2026-08-04,755037.85,779567.4126984127,755037.85,779567.4126984127
71602,2026-08-04,799857.2,638371.126984127,799857.1999999803,638371.1269841307
71617,2026-08-04,382549.1,516497.55555555556,382549.1,516497.55555555556
71618,2026-08-04,9380395.9,12926251.873015873,9380395.899999997,12926251.87301587
71623,2026-08-04,373252.85,409294.85714285716,373252.85,409294.85714285716
71625,2026-08-04,1306083.65,1815966.8253968253,1306083.65,1815966.8253968253
71626,2026-08-04,2181035.95,1983716.0476190476,2181035.950000009,1983716.0476190457
71659,2026-08-04,1081909.1,1165941.2698412698,1081909.1,1165941.2698412698
71672,2026-08-04,42769546.3,37058572.76190476,42769546.3,37058572.761904754
71685,2026-08-04,944021.8,816109.0,944021.8,816109.0
71693,2026-08-04,80015.75,78423.14285714286,80015.74999999916,78423.14285714079
71700,2026-08-04,617525.9,546708.3492063492,617525.9,546708.3492063492
71731,2026-08-04,452543.45,580805.9047619047,452543.45,580805.9047619047
71734,2026-08-04,2040577.2,1782840.3015873015,2040577.2,1782840.3015873015
71735,2026-08-04,526906.85,870028.873015873,526906.85,870028.873015873
71742,2026-08-04,227847.95,247615.61904761905,227847.95,247615.61904761905
71775,2026-08-04,2024605.4,2843320.746031746,2024605.4000000015,2843320.746031746
71789,2026-08-04,4535760.15,4764528.746031746,4535760.150000009,4764528.746031735
71822,2026-08-04,233223.9,268245.126984127,233223.9,268245.126984127
71833,2026-08-04,1081567.65,1321838.634920635,1081567.6500000036,1321838.634920632
71836,2026-08-04,1448032.1,1584524.8253968253,1448032.1,1584524.8253968253
71908,2026-08-04,67753.25,62942.22222222222,67753.24999999996,62942.22222222221
71932,2026-08-04,2634265.95,2482025.6507936507,2634265.95,2482025.6507936507
71939,2026-08-04,301612.4,351421.4285714286,301612.4,351421.4285714286
71981,2026-08-04,287118.25,276174.85714285716,287118.25,276174.85714285716
71986,2026-08-04,1614245.55,1404831.5238095238,1614245.55,1404831.5238095238
72001,2026-08-04,321591.9,323209.1904761905,321591.9,323209.1904761905
72004,2026-08-04,370660.9,382864.5238095238,370660.90000000055,382864.523809524
72168,2026-08-04,3968850.25,3815505.507936508,3968850.250000025,3815505.5079364474
72195,2026-08-04,1127484.5,1175284.2698412698,1127484.5,1175284.2698412698
72234,2026-08-04,4137260.25,3045384.4603174604,4137260.2499999725,3045384.4603174254
72310,2026-08-04,16047.75,20748.714285714286,16047.75,20748.714285714286
72316,2026-08-04,1547134.4,1315793.8253968253,1547134.4,1315793.8253968253
72320,2026-08-04,117380.55,152239.2380952381,117380.55,152239.2380952381
72327,2026-08-04,517532.6,831912.1111111111,517532.60000000225,831912.11111111
72379,2026-08-04,9305.4,13066.36507936508,9305.39999999998,13066.365079365076
72380,2026-08-04,4216978.65,5104373.841269841,4216978.649999976,5104373.841269845
72412,2026-08-04,3176498.25,3762655.8571428573,3176498.25,3762655.8571428573
72457,2026-08-04,1367029.35,1656578.9206349207,1367029.35,1656578.9206349207
72548,2026-08-04,1366288.2,3037098.4603174604,1366288.2,3037098.4603174604
72558,2026-08-04,48994885.55,43977696.20634921,48994885.550000705,43977696.20634781
72573,2026-08-04,3388637.35,3533062.5396825396,3388637.350000003,3533062.5396825285
72600,2026-08-04,1979004.0,2747427.8412698414,1979004.0,2747427.8412698414
72613,2026-08-04,66426.35,66690.90476190476,66426.35,66690.90476190476
72629,2026-08-04,511334.4,519111.4126984127,511334.4,519111.41269841173
72671,2026-08-04,702362.95,875726.126984127,702362.95,875726.126984127
72676,2026-08-04,325459.7,646797.8412698413,325459.6999999985,646797.8412698413
72746,2026-08-04,365497.05,339922.31746031746,365497.0500000001,339922.317460317
72751,2026-08-04,161422.8,140084.2857142857,161422.80000000005,140084.2857142857
72763,2026-08-04,34864.5,33325.968253968254,34864.5,33325.968253968254
72846,2026-08-04,1521783.45,1504594.349206349,1521783.45,1504594.349206349
72872,2026-08-04,3782133.2,3400584.0476190476,3782133.2,3400584.0476190476
72874,2026-08-04,2948221.65,3673674.476190476,2948221.65,3673674.476190476
72877,2026-08-04,725761.6,775053.0476190476,725761.6,775053.0476190476
72878,2026-08-04,5925574.4,6023211.571428572,5925574.399999988,6023211.571428598
72881,2026-08-04,1166713.4,1305355.0793650793,1166713.4000000004,1305355.0793650798
72882,2026-08-04,556632.25,470957.6031746032,556632.2500000003,470957.6031746038
72883,2026-08-04,2878951.1,2639163.5555555555,2878951.1000000117,2639163.5555555355
72884,2026-08-04,6285857.85,4966281.396825396,6285857.849999994,4966281.396825408
72885,2026-08-04,697013.6,760342.7619047619,697013.6,760342.7619047619
72886,2026-08-04,304367.95,278063.20634920633,304367.95,278063.20634920633
72888,2026-08-04,9550272.1,10534340.253968254,9550272.099999975,10534340.253968261
72890,2026-08-04,605707.3,663179.8412698413,605707.3,663179.8412698413
72891,2026-08-04,322711.1,298922.5873015873,322711.1,298922.5873015873
72893,2026-08-04,363695.55,391839.3333333333,363695.55,391839.3333333333
72896,2026-08-04,295056.55,249662.95238095237,295056.55,249662.95238095237
72900,2026-08-04,187954.25,316307.9682539682,187954.25,316307.9682539682
72902,2026-08-04,2532995.9,2538901.0634920634,2532995.9,2538901.0634920634
72903,2026-08-04,293187.9,394123.9365079365,293187.9,394123.9365079365
72908,2026-08-04,7390984.35,7746161.206349206,7390984.35,7746161.206349206
72910,2026-08-04,833408.55,893710.6984126985,833408.5500000019,893710.698412697
72911,2026-08-04,125521.55,143324.55555555556,125521.55000000019,143324.55555555498
72915,2026-08-04,1272507.0,1496156.2063492064,1272507.0,1496156.2063492064
72918,2026-08-04,416371.1,558903.4285714285,416371.1,558903.4285714285
72919,2026-08-04,3599067.65,5027651.936507937,3599067.65,5027651.936507937
72920,2026-08-04,871683.4,764069.746031746,871683.4,764069.746031746
72922,2026-08-04,876080.85,1098745.7936507936,876080.85,1098745.7936507936
72927,2026-08-04,161831.35,131057.95238095238,161831.35,131057.95238095238
72928,2026-08-04,733612.75,670198.1904761905,733612.75,670198.1904761905
72937,2026-08-04,7649195.55,17635584.53968254,7649195.55,17635584.53968254
72940,2026-08-04,822919.8,870372.7142857143,822919.8,870372.7142857143
72943,2026-08-04,476222.7,455165.50793650793,476222.7,455165.50793650793
72951,2026-08-04,206656.5,170514.2857142857,206656.5,170514.2857142857
72952,2026-08-04,28552272.2,33004935.523809522,28552272.2,33004935.523809522
72973,2026-08-04,10252327.65,10879791.19047619,10252327.65,10879791.19047619
72976,2026-08-04,1838059.9,1667029.9047619049,1838059.9,1667029.9047619049
72977,2026-08-04,1555025.3,1855656.349206349,1555025.3000000052,1960375.1144989186
72979,2026-08-04,233322.8,241663.2857142857,233322.8,241663.2857142857
72981,2026-08-04,2424998.6,2608629.619047619,2424998.6,2608629.619047619
72983,2026-08-04,157.95,208.25396825396825,157.95,208.25396825396825
72984,2026-08-04,931830.0,1272475.650793651,931830.0,1272475.650793651
72988,2026-08-04,1658589.7,1593552.5873015872,1658589.7,1593552.5873015872
72990,2026-08-04,56015867.85,57112975.23809524,56015867.849999234,57112975.23809427
73061,2026-08-04,100330.6,122198.28571428571,100330.6,122198.28571428571
73113,2026-08-04,1010021.35,1450250.6984126985,1010021.35,1450250.6984126985
73254,2026-08-04,97007.25,99093.87301587302,97007.25,99093.87301587302
73256,2026-08-04,711039.85,1671602.7301587302,711039.85,1671602.7301587302
73264,2026-08-04,43885201.25,55080150.58730159,43885201.250000075,55080150.587301575
73289,2026-08-04,4435276.75,5760924.904761905,4435276.75,5760924.904761905
73290,2026-08-04,11242.15,13526.47619047619,11242.149999999814,13526.476190475807
74139,2026-08-04,4954371.8,5395042.73015873,4954371.799999994,5395042.730158743
74209,2026-08-04,2895088.3,2422742.4603174604,2895088.3,2422742.4603174604
74213,2026-08-04,954630.05,949079.7936507936,954630.05,949079.7936507936
74240,2026-08-04,517607.25,814093.9841269841,517607.25,814093.9841269841
74302,2026-08-04,6717041.85,7413848.603174604,6717041.85,7413848.603174604
74442,2026-08-04,4301021.4,4909673.825396826,4301021.4,4909673.825396826
74538,2026-08-04,1529309.7,2057589.9206349207,1529309.7,2057589.9206349207
74604,2026-08-04,425051.6,488045.9682539682,425051.6000000002,488045.9682539684
74660,2026-08-04,1312240.4,1558082.365079365,1312240.4,1558082.365079365
74871,2026-08-04,2061181.65,2146870.523809524,2061181.65,2146870.523809524
74886,2026-08-04,153970.25,176743.57142857142,153970.25,176743.57142857142
136225,2026-08-04,1658364.6,1563952.5555555555,1658364.6,1563952.5555555555
136431,2026-08-04,771723.85,895723.9523809524,771723.85,895723.9523809524
136643,2026-08-04,2461639.2,3468722.0634920634,2461639.2,3468722.0634920634
136743,2026-08-04,474845.6,822295.6984126985,474845.60000000073,822295.6984126999
136748,2026-08-04,591315.65,698554.3492063492,591315.65,698554.3492063492
136761,2026-08-04,229544.2,264815.50793650793,229544.2,264815.50793650793
137115,2026-08-04,2843538.8,2723417.365079365,2843538.8,2723417.365079365
137240,2026-08-04,744777.8,862684.8253968254,744777.8,862684.8253968254
137255,2026-08-04,689874.35,528801.5396825396,689874.35,528801.5396825396
137341,2026-08-04,5056588.25,5135313.079365079,5056588.25,5135313.079365066
137411,2026-08-04,218332.25,250705.2857142857,218332.25,250705.2857142857
137887,2026-08-04,490577.45,710519.4126984127,490577.45,710519.4126984127
138159,2026-08-04,1490519.05,1442442.0,1490519.05,1442442.0
138373,2026-08-04,2110712.5,2753088.984126984,2110712.5,2753088.984126984
138494,2026-08-04,360315.85,535525.4444444445,360315.85,535525.4444444445
139032,2026-08-04,3068045.25,3043924.8095238097,3068045.25,3043924.8095238097
139836,2026-08-04,1019164.2,965114.4126984127,1019164.1999999989,965114.4126984115
139857,2026-08-04,557734.3,752592.1746031746,557734.3,752592.1746031746
139964,2026-08-04,10566.15,46787.69841269841,10566.15,9150.342004472144
140068,2026-08-04,241583.05,306040.92063492065,241583.05,306040.92063492065
140095,2026-08-04,345216.65,293784.1904761905,345216.65,293784.1904761905
140169,2026-08-04,114391.65,128231.57142857143,114391.6499999999,128231.5714285713
140201,2026-08-04,744088.0,723504.7142857143,744088.0,723504.7142857143
140224,2026-08-04,609793.9,675793.9682539683,609793.8999999973,675793.968253968
147424,2026-08-04,1213906.2,1332366.0,1213906.2,1332366.0
147427,2026-08-04,4152717.9,3667652.4444444445,4152717.8999999994,3667652.4444444436
147429,2026-08-04,5228506.95,5147136.19047619,5228506.95,5147136.19047619
147551,2026-08-04,181224.7,205552.2380952381,181224.7,205552.2380952381
147746,2026-08-04,149027.15,149677.25396825396,149027.15,149677.25396825396
147750,2026-08-04,2694687.55,2253431.0476190476,2694687.549999997,2253431.04761905
147786,2026-08-04,328692.2,372296.55555555556,328692.2,372296.55555555556
147787,2026-08-04,945567.85,844302.126984127,945567.85,844302.126984127
148533,2026-08-04,5480548.4,8531917.634920634,5480548.4,8531917.634920634
148710,2026-08-04,1125608.5,879719.1428571428,1125608.5000000023,879719.1428571432
149055,2026-08-04,1280682.7,1524083.8253968253,1280682.7,1524083.8253968253
149659,2026-08-04,7167307.3,9665780.301587302,7167307.3,9665780.301587302
149690,2026-08-04,5187206.35,5102963.714285715,5187206.35,5102963.714285715
149752,2026-08-04,7430251.4,8244396.301587301,7430251.4,8244396.301587301
149782,2026-08-04,1613523.45,2488056.126984127,1613523.45,2488056.126984127
150024,2026-08-04,337762.5,378991.90476190473,337762.5,378991.90476190473
150179,2026-08-04,164291.15,217569.5873015873,164291.15000000055,217569.58730158754
150187,2026-08-04,2245284.55,2243468.1428571427,2245284.55,2243468.1428571427
150254,2026-08-04,5394549.6,5519993.031746032,5394549.6,5519993.031746032
151431,2026-08-04,12130222.55,13488468.174603175,12130222.550000023,13488468.174603261
151798,2026-08-04,1037671.25,1182244.4285714286,1037671.2500000068,1182244.4285714296
151923,2026-08-04,20384694.95,16773965.698412698,20384694.95,16773965.698412698
152154,2026-08-04,973458.8,838816.6666666666,973458.8,838816.6666666666
152751,2026-08-04,810284.5,1096915.5396825396,810284.5,1096915.5396825396
152905,2026-08-04,296002.45,303645.3333333333,296002.4499999974,303645.33333333203
153004,2026-08-04,482572.1,537940.6825396825,482572.1,537940.6825396825
153451,2026-08-04,304007.55,309164.74603174604,304007.55,309164.74603174604
153452,2026-08-04,340647.45,291295.25396825396,340647.45,291295.25396825396
153466,2026-08-04,839800.95,816483.6507936508,839800.95,816483.6507936508
153495,2026-08-04,292167.45,327500.4285714286,292167.45,327500.4285714286
169130,2026-08-04,696799.15,855785.3333333334,696799.15,855785.3333333334
169203,2026-08-04,283101.0,254818.77777777778,283100.99999999953,254818.7777777776
169204,2026-08-04,166377.6,182059.6349206349,166377.6,182059.6349206349
169793,2026-08-04,115749.8,93171.95238095238,115749.8,93171.95238095238
170478,2026-08-04,380829.6,347005.34920634923,380829.6,347005.34920634923
170654,2026-08-04,237967.7,213502.57142857142,237967.7,213502.57142857142
170967,2026-08-04,155918.3,129430.90476190476,155918.3,129430.90476190476
174045,2026-08-04,2887073.25,2650812.476190476,2887073.25,2650812.4761904725
182723,2026-08-04,16070537.3,15192457.698412698,16070537.3,15192457.698412698
196789,2026-08-04,20500086.9,26180128.984126985,20500086.900000017,26180128.984126862
209869,2026-08-04,1462188.75,1849286.5714285714,1462188.75,1849286.5714285714
213845,2026-08-04,1523822.05,1434850.746031746,1523822.05,1434850.746031746
213869,2026-08-04,511629.7,874386.1904761905,511629.7,874386.1904761905
213945,2026-08-04,3729604.5,3613061.619047619,3729604.499999997,3613061.6190476217
214872,2026-08-04,6043807.6,3727902.9682539683,6820685.874134014,4874007.179122952
215062,2026-08-04,1787749.7,2325920.396825397,1787749.7,2325920.396825397
215088,2026-08-04,154373.05,198182.39682539683,154373.05,198182.39682539683
215556,2026-08-04,251015.3,257471.12698412698,251015.3,257471.12698412698
216044,2026-08-04,868100.95,894916.7936507936,868100.95,894916.7936507936
216197,2026-08-04,702714.6,666600.619047619,702714.6,666600.619047619
216209,2026-08-04,2344669.55,3326300.1428571427,2344669.55,3326300.1428571427
216562,2026-08-04,5527341.05,6412641.920634921,5527341.05,6412641.920634921
217232,2026-08-04,3177022.35,3442950.111111111,3177022.3500000015,3442950.111111113
217737,2026-08-04,2260674.85,2487689.380952381,2260674.85,2487689.380952381
217855,2026-08-04,824294.45,1059522.873015873,824294.449999997,1059522.873015881
218471,2026-08-04,1630188.4,1569844.603174603,1630188.4000000104,1569844.6031746014
228866,2026-08-04,2307700.15,2526015.285714286,2307700.1499999957,2526015.285714286
228976,2026-08-04,838286.6,902352.4603174604,838286.6,902352.4603174604
228982,2026-08-04,711242.8,1074249.5238095238,711242.8,1074249.5238095238
229000,2026-08-04,1175819.55,996839.4603174604,1175819.55,996839.4603174604
229001,2026-08-04,670546.1,803098.6507936508,670546.1,803098.6507936508
229496,2026-08-04,1793599.7,2117733.0,1793599.7,2117733.0
230039,2026-08-04,4141113.65,4458787.53968254,4141113.65,4458787.53968254
230040,2026-08-04,1449028.65,1182784.650793651,1449028.65,1182784.650793651
230074,2026-08-04,1306313.95,1181286.253968254,1306313.95,1181286.253968254
230079,2026-08-04,659446.95,1045138.7619047619,659446.95,1045138.7619047619
230093,2026-08-04,1494732.45,2040134.9365079366,1494732.45,2040134.9365079366
230189,2026-08-04,2065791.15,2258739.777777778,2065791.15,2258739.777777778
230233,2026-08-04,173122.9,195367.88888888888,173122.9,195367.88888888888
230234,2026-08-04,960301.5,1852199.9682539683,960301.5,1852199.9682539683
230289,2026-08-04,708834.9,913586.4444444445,708834.9,913586.4444444445
230574,2026-08-04,958545.75,1184304.7142857143,958545.7500000015,1184304.7142857134
230604,2026-08-04,345985.05,442137.1904761905,345985.05,442137.1904761905
230803,2026-08-04,72753.0,95609.68253968254,72753.00000000009,95609.68253968218
230821,2026-08-04,605134.5,664179.8412698413,605134.5,664179.8412698413
230825,2026-08-04,72574.05,87160.25396825396,72574.05000000037,87160.25396825427
230832,2026-08-04,883505.6,1132255.3015873015,883505.6,1132255.3015873015
230971,2026-08-04,4874546.2,5196150.920634921,4874546.2,5196150.920634921
231025,2026-08-04,615511.1,887600.6349206349,615511.1,887600.6349206349
231153,2026-08-04,331961.5,274298.98412698414,331961.5,274298.98412698414
231323,2026-08-04,893032.6,1294799.7936507936,893032.6,1294799.7936507936
231337,2026-08-04,682741.5,783474.6349206349,682741.5,783474.6349206349
231630,2026-08-04,154502.0,163348.88888888888,154502.0,163348.88888888888
232337,2026-08-04,784081.3,934333.8095238095,784081.3,934333.8095238095
234475,2026-08-04,1138220.95,1466410.888888889,1138220.95,1466410.888888889
234659,2026-08-04,479322.3,612273.7619047619,479322.3,612273.7619047619
234668,2026-08-04,675447.0,1053318.5714285714,675446.9999999993,1053318.571428572
234679,2026-08-04,814056.65,1003291.3174603175,814056.65,1003291.3174603175
234767,2026-08-04,39979122.8,46771129.11111111,39979122.79999938,46771129.11111151
234903,2026-08-04,264675.7,217509.0634920635,264675.7,217509.0634920635
235005,2026-08-04,958885.55,1012814.746031746,958885.5500000023,1012814.7460317474
235089,2026-08-04,3938449.75,4564507.952380952,3938449.75,4564507.952380952
241194,2026-08-04,315910.5,439963.20634920633,315910.5,439963.20634920633
241195,2026-08-04,653108.4,647802.0,653108.4,647802.0
241473,2026-08-04,4481889.85,4363243.380952381,4481889.85,4363243.380952381
241600,2026-08-04,911399.4,1051214.3333333333,911399.4,1051214.3333333333
241619,2026-08-04,121155.4,94004.93650793651,121155.4,94004.93650793651
242576,2026-08-04,237679.4,311750.4761904762,237679.4,311750.4761904762
242608,2026-08-04,504517.45,568023.126984127,504517.45,568023.126984127
242627,2026-08-04,841102.05,938533.0634920635,841102.05,938533.0634920635
242655,2026-08-04,1154147.6,1279377.746031746,1154147.6,1279377.746031746
242870,2026-08-04,4925431.9,4052134.1428571427,4925431.9,4052134.1428571427
243023,2026-08-04,5945930.45,6235683.158730159,5945930.45,6235683.158730159
243193,2026-08-04,389515.85,461502.20634920633,389515.850000003,461502.20634920645
243265,2026-08-04,348580.45,417719.3650793651,348580.4499999987,417719.3650793652
243349,2026-08-04,94655.25,82978.68253968254,94655.24999999818,82978.68253968461
243440,2026-08-04,1691962.1,1941897.650793651,1691962.1,1941897.650793651
243505,2026-08-04,2360526.15,2287401.9365079366,2360526.15,2287401.9365079366
243526,2026-08-04,7159409.85,7853427.317460317,7159409.85,7853427.317460317
243544,2026-08-04,758653.6,995213.3492063492,758653.6,995213.3492063492
243713,2026-08-04,1531300.15,8702263.841269841,1531300.15,8702263.841269841
244033,2026-08-04,1144317.0,1233765.1904761905,1144317.0,1233765.1904761905
244403,2026-08-04,521509.8,632388.6825396825,521509.8,632388.6825396825
244407,2026-08-04,253823.1,319048.5396825397,253823.1,319048.5396825397
244495,2026-08-04,144844.95,206872.07936507938,144844.9499999998,206872.07936507938
244542,2026-08-04,379071.9,527697.2222222222,379071.9,527697.2222222222
247036,2026-08-04,405303.5,423536.90476190473,405303.5,423536.90476190473
248046,2026-08-04,1077671.7,903298.9047619047,1077671.7,903298.9047619047
248049,2026-08-04,703223.2,850609.8888888889,703223.2,850609.8888888889
248823,2026-08-04,582527.8,520243.4761904762,582527.8,520243.4761904762
248944,2026-08-04,3589296.05,3466108.8095238097,3589296.05,3466108.8095238097
248952,2026-08-04,904238.4,1466082.238095238,904238.4,1466082.238095238
248987,2026-08-04,1984213.35,3476542.4603174604,1984213.35,3476542.4603174604
249020,2026-08-04,9876281.0,10081200.396825397,9876281.0,10081200.396825397
249420,2026-08-04,2436173.25,2884261.587301587,2436173.25,2884261.587301587
249641,2026-08-04,1810134.9,1679427.5555555555,1810134.9,1679427.5555555555
249919,2026-08-04,555501.2,558978.0952380953,555501.2,558978.0952380953
250122,2026-08-04,4056691.9,4100082.698412698,4056691.9,4100082.698412698
250329,2026-08-04,32096.9,47150.619047619046,32096.9,47150.619047619104
250625,2026-08-04,1208916.8,1329749.7142857143,1208916.8000000052,1329749.714285713
250664,2026-08-04,1913473.65,1531945.5555555555,1913473.65,1531945.5555555555
250829,2026-08-04,3846724.2,7285039.0,3846724.2,7285039.0
250930,2026-08-04,277495.85,293454.15873015876,277495.84999999835,293454.1587301591
251185,2026-08-04,17399695.95,15027890.38095238,17399695.95,15027890.38095238
251186,2026-08-04,1759255.8,2183460.1746031744,1759255.8,2183460.1746031744
251215,2026-08-04,176959.55,266801.50793650793,176959.55,266801.50793650793
251534,2026-08-04,22402486.15,19654868.19047619,22402486.15,19654868.19047619
251589,2026-08-04,24225.65,32830.95238095238,24225.65,32830.95238095238
252054,2026-08-04,760489.9,627997.8095238095,760489.9,627997.8095238095
252173,2026-08-04,2083466.05,2334039.8571428573,2083466.05,2334039.8571428573
253906,2026-08-04,148733.95,173888.12698412698,148733.95,173888.1269841271
254268,2026-08-04,1188865.0,1323106.3015873015,1188865.0000000075,1323106.3015873071
254299,2026-08-04,1750619.5,1666659.365079365,1750619.5,1666659.365079365
254378,2026-08-04,790018.8,1343877.349206349,790018.8,1343877.349206349
254453,2026-08-04,688753.5,553417.9523809524,688753.5,553417.9523809524
255406,2026-08-04,2218287.25,2767669.0,2218287.250000006,2767669.0000000047
255914,2026-08-04,2050028.75,2005795.5555555555,2050028.75,2005795.5555555555
255979,2026-08-04,84107.65,122846.6507936508,84107.65,122846.6507936508
257044,2026-08-04,80112.75,84029.76190476191,80112.75,84029.76190476191
257167,2026-08-04,3141859.1,2998832.73015873,3141859.1,2998832.73015873
257955,2026-08-04,1451489.0,1800407.9047619049,1451488.999999997,1800407.9047619062
257991,2026-08-04,397399.35,484033.50793650793,397399.35,484033.50793650793
258464,2026-08-04,3118849.75,3663531.603174603,3118849.749999979,3663531.603174596
258469,2026-08-04,560976.05,1186416.1904761905,560976.05,1186416.1904761898
258544,2026-08-04,60804.35,71227.1746031746,60804.349999999766,71227.1746031748
258717,2026-08-04,2920332.9,3759028.4444444445,2920332.900000011,3759028.444444452
258877,2026-08-04,3451988.8,3333947.365079365,3451988.8,3333947.365079365
259401,2026-08-04,1296678.25,1670833.0317460317,1296678.25,1670833.0317460317
259430,2026-08-04,817958.3,875432.3968253968,817958.2999999955,875432.3968253968
259433,2026-08-04,2441021.2,2612517.8253968256,2441021.2,2612517.8253968256
259434,2026-08-04,57803.95,58225.34920634921,57803.95,58225.34920634921
259497,2026-08-04,1996335.05,1868850.4285714286,1996335.05,1868850.4285714286
259523,2026-08-04,536228.85,522317.5714285714,536228.8499999999,522317.5714285713
259581,2026-08-04,1720180.5,2037321.349206349,1720180.5,2037321.349206349
259632,2026-08-04,49665165.5,44375505.31746032,49665165.5,44375505.31746032
259655,2026-08-04,786766.75,571008.5238095238,786766.75,571008.5238095238
259851,2026-08-04,297793.1,330970.4761904762,297793.0999999998,330970.47619047645
259974,2026-08-04,209263.55,223119.3492063492,209263.55,223119.3492063492
260110,2026-08-04,949865.7,1258168.5555555555,949865.7,1258168.5555555555
260365,2026-08-04,897342.85,1170294.4444444445,897342.85,1170294.4444444445
260398,2026-08-04,1439523.1,1723495.4285714286,1439523.1,1723495.4285714286
260534,2026-08-04,1836781.35,2514677.793650794,1836781.35,2514677.793650794
260601,2026-08-04,100425.4,73393.80952380953,100425.4,73393.80952380953
260635,2026-08-04,1061298.6,997302.746031746,1061298.600000004,997302.7460317442
260654,2026-08-04,4691771.75,7309110.142857143,4691771.75,7309110.142857143
260786,2026-08-04,184358.6,176616.68253968254,184358.6,176616.6825396826
260801,2026-08-04,2579346.4,2554818.0,2579346.4,2554818.0
260949,2026-08-04,321322.0,311663.79365079367,321322.0,311663.79365079367
261043,2026-08-04,119432.9,135701.14285714287,119432.90000000005,135701.14285714313
261044,2026-08-04,477628.8,466609.0,477628.8,466609.0
261113,2026-08-04,1011507.8,861376.253968254,1011507.8,861376.253968254
261151,2026-08-04,3038239.45,3487976.6666666665,3038239.45,3487976.6666666665
261215,2026-08-04,1401521.05,1817166.126984127,1401521.05,1817166.126984127
261267,2026-08-04,240453.4,292612.5238095238,240453.4,292612.5238095238
261387,2026-08-04,19393026.8,18276036.53968254,19393026.8,18276036.53968254
261411,2026-08-04,629971.8,767351.0952380953,629971.8,767351.0952380953
261481,2026-08-04,2667390.45,2752242.4444444445,2667390.45,2752242.4444444445
261708,2026-08-04,3938983.15,4337017.063492063,3938983.1500000013,4337017.063492059
261982,2026-08-04,43859.25,49671.23809523809,43859.25,49671.23809523809
262026,2026-08-04,24666512.15,27985542.523809522,24666512.15,27985542.523809537
262215,2026-08-04,20716.2,17842.603174603173,20716.2,17842.603174603173
262241,2026-08-04,130545.6,112184.22222222222,130545.6,112184.22222222222
262331,2026-08-04,24729606.9,23157257.38095238,24729606.9,23157257.38095238
262346,2026-08-04,1095475.4,1267875.5555555555,1095475.4,1267875.5555555555
262368,2026-08-04,6480882.1,8090955.412698412,6480882.100000006,8090955.412698397
262472,2026-08-04,102147.8,128682.76190476191,102147.7999999999,128682.76190476168
262597,2026-08-04,1592636.35,1857542.111111111,1592636.35,1857542.111111111
262649,2026-08-04,1623325.4,2359815.5396825396,1623325.4,2359815.5396825396
262670,2026-08-04,210505.0,339955.34920634923,210505.0,339955.34920634923
262945,2026-08-04,1016524.75,1043341.4603174604,1016524.75,1043341.4603174601
263154,2026-08-04,520312.2,506687.126984127,520312.2,506687.126984127
263157,2026-08-04,439185.4,395313.49206349207,439185.4,395313.49206349207
263280,2026-08-04,747360.05,797462.380952381,747360.05,797462.380952381
263281,2026-08-04,88550.8,94337.39682539682,88550.8,94337.39682539682
263283,2026-08-04,42398.0,63090.34920634921,42398.00000000007,63090.34920634925
263338,2026-08-04,409074.35,235810.03174603175,409074.35,235810.03174603175
263844,2026-08-04,2090528.15,1847836.6825396826,2090528.15,1847836.6825396826
263864,2026-08-04,1434849.3,922458.1746031746,1434849.3,922458.1746031746
263875,2026-08-04,4604273.25,5122488.238095238,4604273.25,5122488.238095238
263886,2026-08-04,1998251.9,2379075.1904761903,1998251.9,2379075.1904761903
264102,2026-08-04,35321.35,43113.1746031746,35321.35,43113.1746031746
264120,2026-08-04,85172.95,85498.88888888889,85172.95,85498.88888888889
264126,2026-08-04,1603635.05,1734002.6825396826,1603635.05,1734002.6825396826
264211,2026-08-04,785482.35,900647.253968254,785482.35,900647.253968254
264212,2026-08-04,76354.45,81520.93650793651,76354.45,81520.93650793651
264410,2026-08-04,267070.9,312022.74603174604,267070.9,312022.74603174604
264639,2026-08-04,773640.1,1092587.0476190476,773640.1,1092587.0476190476
264656,2026-08-04,5909436.65,6849249.111111111,5909436.65,6849249.111111111
264705,2026-08-04,3389449.85,2947916.5555555555,3389449.85,2947916.5555555555
264852,2026-08-04,562853.7,577626.5396825396,562853.7,577626.5396825396
265027,2026-08-04,169192.85,164588.50793650793,169192.85000000446,164588.50793650598
265079,2026-08-04,215151.75,239570.26984126985,215151.75,239570.26984126985
265148,2026-08-04,15301899.9,19619668.126984127,15301899.9,19619668.126984127
265204,2026-08-04,177796.1,232561.42857142858,177796.1000000001,232561.4285714286
265337,2026-08-04,883712.4,1287979.634920635,883712.4,1287979.634920635
265359,2026-08-04,602125.7,641333.3968253968,602125.7,641333.3968253968
265414,2026-08-04,5573955.1,7603368.365079365,5573955.1,7603368.365079365
265458,2026-08-04,449924.15,455076.9682539682,449924.15,455076.9682539682
265502,2026-08-04,1255777.6,1609229.4761904762,1255777.6,1609229.4761904762
265592,2026-08-04,5329560.85,5058300.825396826,5329560.85,5058300.825396824
265899,2026-08-04,961316.55,840455.9365079365,961316.55,840455.9365079365
266088,2026-08-04,153282.6,216407.0158730159,153282.6,216407.0158730159
266302,2026-08-04,1405958.2,1446101.619047619,1405958.1999999997,1446101.6190476234
266330,2026-08-04,116861.9,130149.69841269842,116861.90000000005,130149.69841269845
266370,2026-08-04,47369.75,77300.36507936507,47369.75,77300.36507936507
266394,2026-08-04,409600.3,647998.7619047619,409600.3,647998.7619047619
266459,2026-08-04,827660.9,1022582.4285714285,827660.9,1022582.4285714285
266490,2026-08-04,698797.95,930140.8095238095,698797.95,930140.8095238095
266563,2026-08-04,600998.45,516606.71428571426,600998.45,516606.71428571426
266634,2026-08-04,324946.25,610398.6825396825,324946.25,610398.6825396825
266655,2026-08-04,964487.25,1165552.0952380951,964487.25,1165552.0952380951
266666,2026-08-04,6617715.7,5583857.19047619,6617715.7,5583857.19047619
266758,2026-08-04,692843.0,898651.6984126985,692843.0,898651.6984126985
266769,2026-08-04,602541.0,595570.8253968254,602541.0,595570.8253968254
266770,2026-08-04,1485739.0,1644494.492063492,1485739.0,1644494.492063492
266919,2026-08-04,219458.7,276861.2698412698,219458.7,276861.2698412698
267004,2026-08-04,473669.3,477157.5396825397,473669.3,477157.5396825397
267011,2026-08-04,596850.05,618668.126984127,596850.05,618668.126984127
267033,2026-08-04,92254.05,124485.15873015873,92254.05,124485.15873015873
267035,2026-08-04,1751164.95,1998446.349206349,1751164.95,1998446.349206349
267104,2026-08-04,6667162.95,5811551.873015873,6667162.95,5811551.873015873
267316,2026-08-04,9893952.95,12021776.555555556,9893952.95,12021776.555555556
267386,2026-08-04,1375470.1,1834998.9682539683,1375470.1,1834998.9682539683
267403,2026-08-04,3289738.3,5039132.746031746,3289738.3,5039132.746031746
267416,2026-08-04,1382680.0,1877108.4126984128,1382680.0,1877108.4126984128
267417,2026-08-04,71586.65,146536.60317460317,71586.64999999972,146536.60317460305
267521,2026-08-04,1902854.4,2190224.015873016,1902854.4,2190224.015873016
267619,2026-08-04,864937.2,921908.0,864937.2,921908.0
267837,2026-08-04,3090937.25,2567814.0634920634,3090937.25,2567814.0634920634
267906,2026-08-04,1193846.9,1091672.126984127,1193846.9,1091672.126984127
268002,2026-08-04,2233753.2,2243641.873015873,2233753.2,2243641.873015873
268003,2026-08-04,2071774.65,2743832.4603174604,2071774.65,2743832.4603174604
268007,2026-08-04,583776.8,682880.746031746,583776.8,682880.746031746
268066,2026-08-04,487720.55,582190.746031746,487720.55,582190.746031746
268068,2026-08-04,3968343.5,4808101.365079365,3968343.5,4808101.365079365
268082,2026-08-04,1041440.15,1161933.8095238095,1041440.15,1161933.8095238092
268120,2026-08-04,2735669.65,2878067.6507936507,2735669.65,2878067.6507936507
268153,2026-08-04,744748.65,811313.7619047619,744748.65,811313.7619047619
268179,2026-08-04,265401.8,301379.0634920635,265401.8,301379.0634920635
268479,2026-08-04,410725.95,554622.2222222222,410725.95,554622.2222222222
268553,2026-08-04,750915.65,1032734.9841269841,750915.65,1032734.9841269841
268592,2026-08-04,9456608.45,11949393.587301588,9456608.45,11949393.587301588
268606,2026-08-04,2486434.5,2024334.3015873015,2486434.5,2024334.3015873015
268629,2026-08-04,12986040.55,12406015.063492063,12986040.55,12406015.063492063
268677,2026-08-04,1816632.25,2127696.9523809524,1816632.25,2127696.9523809524
268681,2026-08-04,630017.95,806271.4126984127,630017.95,806271.4126984127
268898,2026-08-04,533021.1,608053.1428571428,533021.1,608053.1428571428
268900,2026-08-04,4770651.0,4725267.650793651,4770651.0,4725267.650793651
268936,2026-08-04,2566932.9,2310850.253968254,2566932.900000001,2310850.253968252
269012,2026-08-04,1433870.3,1529037.9523809524,1433870.3,1529037.9523809524
269017,2026-08-04,1531784.95,2910964.4444444445,1531784.95,2910964.4444444445
269020,2026-08-04,1110037.5,1108623.4603174604,1110037.5,1108623.4603174604
269023,2026-08-04,2491055.6,4099660.4285714286,2491055.6,4099660.4285714286
269086,2026-08-04,6103075.15,4670729.412698412,6103075.15,4670729.412698412
269201,2026-08-04,5440685.15,6189241.904761905,5440685.150000008,6189241.904761898
269353,2026-08-04,1346400.55,1368915.761904762,1346400.55,1368915.761904762
269355,2026-08-04,2234375.1,2469195.9365079366,2234375.1,2469195.9365079366
269356,2026-08-04,445663.65,432894.6984126984,445663.65,432894.6984126984
269379,2026-08-04,517504.7,779308.126984127,517504.7,779308.126984127
269420,2026-08-04,126207.8,211854.12698412698,126207.8,211854.12698412698
269476,2026-08-04,455574.5,593670.7301587302,455574.49999999965,593670.7301587297
269481,2026-08-04,1572495.9,1880044.126984127,1572495.9,1880044.126984127
269506,2026-08-04,121307.05,204089.80952380953,121307.05000000005,204089.80952380958
269508,2026-08-04,318030.05,382952.0317460318,318030.05,382952.0317460318
269541,2026-08-04,478666.5,569626.0317460317,478666.5,569626.0317460317
269638,2026-08-04,1834805.95,2434186.4603174604,1834805.95,2434186.4603174604
269685,2026-08-04,1449008.05,1223083.365079365,1449008.05,1223083.365079365
269706,2026-08-04,1550110.75,1466197.4603174604,1550110.75,1466197.4603174604
269747,2026-08-04,36103.75,43314.5873015873,36103.75,43314.5873015873
269751,2026-08-04,421084.75,474090.92063492065,421084.75,474090.92063492065
269904,2026-08-04,1100643.6,919627.380952381,1100643.6,919627.380952381
269980,2026-08-04,112497678.9,109389358.96825397,112497678.9,109389358.96825397
270034,2026-08-04,799129.25,781730.3174603175,799129.25,781730.3174603175
270061,2026-08-04,2461556.4,2821515.746031746,2461556.400000006,2821515.7460317635
270062,2026-08-04,2196740.3,2040298.8095238095,2196740.3,2040298.8095238113
270171,2026-08-04,52418138.7,45026010.71428572,52418138.700000025,45026010.71428576
270214,2026-08-04,339017.35,558119.6349206349,339017.35,558119.6349206349
270443,2026-08-04,416107.45,349134.22222222225,416107.45,349134.22222222225
270662,2026-08-04,788499.9,995672.9841269841,788499.9,995672.9841269841
270767,2026-08-04,1128602.45,1491948.761904762,1128602.45,1491948.761904762
270850,2026-08-04,132283.35,171534.44444444444,132283.35,171534.44444444444
270878,2026-08-04,4100452.3,4707946.73015873,4100452.3,4707946.73015873
271064,2026-08-04,188033.55,206254.3015873016,188033.55,206254.3015873016
271295,2026-08-04,5859227.0,6519552.682539683,5859227.0,6519552.682539683
272269,2026-08-04,12432330.05,32815729.111111112,12432330.05,32815729.111111112
272789,2026-08-04,3456034.2,3587779.0476190476,3456034.2,3587779.0476190485
273421,2026-08-04,4002583.65,2241068.015873016,4002583.65,2241068.015873016
273566,2026-08-04,538370.6,665993.873015873,538370.6,665993.873015873
273772,2026-08-04,3266196.5,3236572.5555555555,3266196.5,3236572.5555555555
273831,2026-08-04,1795911.55,2198744.793650794,1795911.55,2198744.793650794
273833,2026-08-04,214163.8,309067.5873015873,214163.8,309067.5873015873
273875,2026-08-04,1542521.8,1592520.9841269841,1542521.8,1592520.9841269841
273879,2026-08-04,1464246.4,2156364.714285714,1464246.4,2156364.714285714
273892,2026-08-04,1200043.7,1000399.7777777778,1200043.6999999986,1000399.7777777778
273918,2026-08-04,371519.9,534958.6666666666,371519.9,534958.6666666669
274008,2026-08-04,396612.25,495641.22222222225,396612.25,495641.22222222225
274020,2026-08-04,211831.85,304323.49206349207,211831.85,304323.49206349207
274033,2026-08-04,1035884.75,1127074.9206349207,1035884.75,1127074.9206349207
274120,2026-08-04,614455.2,956868.3015873015,614455.2,956868.3015873015
274211,2026-08-04,2017348.2,2187828.9365079366,2017348.1999999962,2187828.9365079366
274300,2026-08-04,223939.9,210154.5873015873,223939.9,210154.58730158737
274681,2026-08-04,383637.85,460943.15873015876,383637.85,460943.15873015876
274736,2026-08-04,667002.9,779302.5238095238,667002.9,779302.5238095238
274775,2026-08-04,71528.5,89959.07936507936,71528.50000000003,89959.07936507936
274777,2026-08-04,2715129.5,4958171.603174604,2715129.5,4958171.603174604
274778,2026-08-04,973503.75,859996.6031746032,973503.75,859996.6031746032
274779,2026-08-04,413280.75,484872.3333333333,413280.75,484872.3333333333
274808,2026-08-04,1313289.55,1210902.507936508,1313289.55,1210902.507936508
274822,2026-08-04,271086.65,269869.7301587302,271086.65,269869.7301587302
274898,2026-08-04,410487.15,407617.95238095237,410487.15,407617.95238095237
274924,2026-08-04,1360482.4,1807259.365079365,1360482.4000000048,1807259.3650793685
274996,2026-08-04,2239822.8,2873209.793650794,2239822.8,2873209.793650794
275041,2026-08-04,3143065.75,3207228.206349206,3143065.75,3207228.206349206
275185,2026-08-04,253882.35,355070.4603174603,253882.35,355070.4603174603
275186,2026-08-04,403615.8,409676.4761904762,403615.8,409676.4761904762
275224,2026-08-04,781453.4,971677.4920634921,781453.4,971677.4920634921
275245,2026-08-04,1001650.0,948754.746031746,1001650.0,948754.746031746
275280,2026-08-04,803631.1,1067653.7777777778,803631.1,1067653.7777777778
275281,2026-08-04,760660.9,1213077.9682539683,760660.9,1213077.9682539683
275282,2026-08-04,3257954.4,5629536.714285715,3257954.4,5629536.714285715
275485,2026-08-04,2243657.9,2516221.777777778,2243657.9,2516221.777777778
275595,2026-08-04,639843.55,715761.2380952381,639843.5499999986,715761.2380952393
275908,2026-08-04,287879.8,291926.8888888889,575759.6,583853.7777777778
276019,2026-08-04,166050.0,142093.19047619047,166050.00000000017,142093.19047619036
276022,2026-08-04,562641.5,592213.8253968254,562641.5,592213.8253968254
276039,2026-08-04,2097730.8,3003185.6825396824,2097730.8,3003185.6825396824
276083,2026-08-04,7816884.05,9226668.095238095,7816884.05,9226668.095238095
276113,2026-08-04,276901.8,448330.15873015876,276901.8,448330.15873015876
276215,2026-08-04,2090864.85,2716822.5714285714,2090864.85,2716822.5714285714
276380,2026-08-04,7699483.15,9782897.412698412,7699483.15,9782897.412698412
276501,2026-08-04,919205.0,1477935.7777777778,919205.0,1477935.7777777778
276524,2026-08-04,837155.85,978819.6825396825,837155.85,978819.6825396825
276566,2026-08-04,1687936.7,2537859.603174603,1687936.7,2537859.603174603
276567,2026-08-04,1549435.4,1770213.4761904762,1549435.4,1770213.4761904762
276573,2026-08-04,275991.7,345431.8253968254,275991.7,345431.8253968254
276607,2026-08-04,1648111.95,2159894.5396825396,1648111.95,2159894.5396825396
276609,2026-08-04,2562351.95,3623121.0793650793,2562351.95,3623121.0793650793
276612,2026-08-04,406466.2,372662.5238095238,406466.2,372662.5238095238
276628,2026-08-04,1622260.35,1691306.142857143,1622260.35,1691306.142857143
276652,2026-08-04,78380.1,108306.1746031746,78380.1,108306.1746031746
276667,2026-08-04,214557.45,338115.3650793651,214557.45,338115.3650793651
276709,2026-08-04,410372.45,609549.5238095238,410372.45,609549.5238095238
276766,2026-08-04,3081980.9,2909983.6507936507,3081980.9,2909983.6507936507
276767,2026-08-04,1147849.4,1138456.0952380951,1147849.4,1138456.0952380951
276825,2026-08-04,159636.95,321805.34920634923,159636.95,217412.83531746033
276826,2026-08-04,205781.35,187672.95238095237,205781.35,187672.95238095237
277104,2026-08-04,287046.0,343514.8095238095,287046.0,343514.8095238095
277192,2026-08-04,137745.95,137082.0,137745.95,137082.0
277212,2026-08-04,1367423.75,982675.873015873,1367423.75,982675.873015873
277225,2026-08-04,1720436.85,2042259.9047619049,1720436.85,2042259.9047619049
277226,2026-08-04,334738.85,374843.6666666667,334738.85,374843.6666666667
277330,2026-08-04,200175.75,314950.6031746032,200175.75000000335,314950.60317460273
277331,2026-08-04,625253.1,867530.3015873015,625253.1,867530.3015873015
277332,2026-08-04,589706.75,599788.4603174604,589706.75,599788.4603174604
277335,2026-08-04,2065755.95,2693187.4444444445,2065755.95,2693187.4444444445
277401,2026-08-04,37441.9,31119.31746031746,37441.9,31119.31746031746
277423,2026-08-04,4268126.65,3864873.095238095,4268126.65,3864873.095238095
277431,2026-08-04,758314.1,933566.8888888889,758314.1,933566.8888888889
277578,2026-08-04,452793.15,477044.0634920635,452793.15,477044.0634920635
277585,2026-08-04,185843.7,287355.98412698414,185843.7,287355.98412698414
278145,2026-08-04,836144.55,715008.0,836144.55,715008.0
278176,2026-08-04,1345068.45,1517643.0476190476,1345068.45,1517643.0476190476
278225,2026-08-04,12489930.25,12785134.952380951,12489930.25,12785134.952380951
278243,2026-08-04,3593670.45,6464496.238095238,3593670.45,6464496.238095238
278295,2026-08-04,4805134.3,4573542.619047619,4805134.3,4573542.619047619
278298,2026-08-04,1108794.15,1604444.7936507936,1108794.15,1604444.7936507936
278336,2026-08-04,962851.0,970862.8888888889,962851.0,970862.8888888889
278431,2026-08-04,3854958.8,3923735.761904762,3854958.8,3923735.761904762
278567,2026-08-04,423217.7,491188.3333333333,423217.7,491188.3333333333
278571,2026-08-04,1510371.25,1925728.650793651,1510371.25,1925728.650793651
278609,2026-08-04,1437583.3,1727976.9206349207,1437583.3,1727976.9206349207
278788,2026-08-04,1249641.6,1582388.396825397,1249641.6,1582388.396825397
278938,2026-08-04,434633.6,678690.6349206349,434633.6,678690.6349206349
278942,2026-08-04,264156.3,482156.61904761905,264156.3,482156.6190476188
279004,2026-08-04,90224.85,112472.07936507936,90224.85000000018,112472.07936507933
279021,2026-08-04,380403.55,343538.34920634923,380403.55,343538.34920634923
279022,2026-08-04,740704.8,776434.1746031746,740704.8,776434.1746031746
279091,2026-08-04,190804.2,195763.85714285713,190804.2,195763.85714285713
279107,2026-08-04,235385.9,228839.22222222222,235385.8999999999,228839.22222222283
279126,2026-08-04,1119552.1,1362837.142857143,1119552.1,1362837.142857143
279154,2026-08-04,599672.5,1023145.8571428572,599672.5,1023145.8571428572
279180,2026-08-04,1112561.5,1587210.0476190476,1112561.5,1587210.0476190476
279182,2026-08-04,334001.55,271791.7619047619,334001.55,271791.7619047619
279267,2026-08-04,1643046.45,2308775.714285714,1643046.45,2308775.714285714
279498,2026-08-04,112121.35,95056.19047619047,112121.34999999989,95056.1904761905
279667,2026-08-04,4858925.2,7505860.650793651,4858925.2,7505860.650793651
279836,2026-08-04,2409997.35,3240854.5714285714,2409997.35,3240854.5714285714
279858,2026-08-04,118887.6,125661.47619047618,118887.6,125661.47619047618
279859,2026-08-04,531969.8,672746.0158730159,531969.799999997,672746.0158730277
279862,2026-08-04,1634602.9,2000094.650793651,1634602.8999999985,2000094.6507936495
279899,2026-08-04,222856.45,443549.2380952381,222856.45,443549.2380952381
279902,2026-08-04,757128.15,1026440.1111111111,757128.15,1026440.1111111111
280197,2026-08-04,2034253.15,1993675.9047619049,2034253.15,1993675.9047619049
280248,2026-08-04,1242692.6,1313704.634920635,1242692.6,1313704.634920635
280249,2026-08-04,219605.1,266294.0317460318,219605.1,266294.0317460318
280257,2026-08-04,763163.05,891782.3650793651,763163.05,891782.3650793651
280272,2026-08-04,19590.1,27037.126984126986,19590.09999999994,27037.126984126946
280550,2026-08-04,3039704.4,2634147.365079365,3039704.4,2634147.365079365
280623,2026-08-04,526061.05,693646.9206349206,526061.05,693646.9206349206
280665,2026-08-04,1899345.7,2487380.8253968256,1899345.7,2487380.8253968256
280684,2026-08-04,339609.45,446245.20634920633,339609.45,446245.20634920633
280696,2026-08-04,670948.0,814265.4285714285,670948.0,814265.4285714285
280752,2026-08-04,363309.75,404939.95238095237,363309.74999999965,404939.95238095283
280964,2026-08-04,1720261.25,2428343.73015873,1720261.25,2428343.73015873
281262,2026-08-04,3690690.55,4988016.555555556,3690690.55,4988016.555555556
281545,2026-08-04,235207.45,240048.0634920635,235207.45,240048.0634920635
281669,2026-08-04,2234148.6,3386504.9682539683,2234148.6,3386504.9682539683
281809,2026-08-04,2004902.4,2533166.095238095,2004902.4,2533166.095238095
281824,2026-08-04,249242.9,269478.09523809527,249242.9,269478.09523809527
281861,2026-08-04,1734031.65,1689478.3015873015,1734031.6500000008,1689478.301587293
281887,2026-08-04,164606.55,257212.46031746033,164606.55,257212.46031746033
282039,2026-08-04,1195298.95,1283275.5555555555,1195298.95,1283275.5555555555
282040,2026-08-04,2468390.7,2829003.746031746,2468390.7,2829003.746031746
282041,2026-08-04,1593820.65,1835689.1587301588,1593820.65,1835689.1587301588
282101,2026-08-04,2273361.75,2460160.714285714,2273361.7499999986,2460160.714285712
282300,2026-08-04,2059006.9,2305774.5714285714,2059006.9,2305774.5714285714
282343,2026-08-04,316875.3,360137.50793650793,316875.3,360137.50793650793
282449,2026-08-04,353798.25,424652.50793650793,353798.25,424652.50793650793
282602,2026-08-04,1790995.85,1330735.5396825396,1790995.85,1330735.5396825406
282606,2026-08-04,1092140.4,1317374.4603174604,1092140.4,1317374.4603174604
282629,2026-08-04,2902517.85,2965287.0317460317,2902517.85,2965287.0317460317
282711,2026-08-04,221713.6,201256.38095238095,221713.6,201256.38095238095
282712,2026-08-04,8765641.4,10690304.873015873,8765641.4,10690304.873015873
283091,2026-08-04,25947.3,23406.904761904763,25947.3,23406.904761904763
283365,2026-08-04,2268718.45,2526820.238095238,2268718.4500000007,2526820.2380952374
283427,2026-08-04,2824737.25,2938029.6666666665,2824737.25,2938029.6666666665
283445,2026-08-04,3507873.95,2952797.206349206,3507873.95,2952797.206349206
283558,2026-08-04,218714.65,241997.2380952381,218714.65,241997.2380952381
283583,2026-08-04,1330000.7,1280106.8412698412,1330000.7,1280106.8412698412
283589,2026-08-04,1058133.0,1117023.0476190476,1058133.0,1117023.0476190476
283661,2026-08-04,3372033.05,3878275.126984127,3372033.05,3878275.126984127
283713,2026-08-04,2201609.25,2676985.3174603176,2201609.25,2676985.3174603176
283851,2026-08-04,897595.55,1022792.9841269841,897595.55,1022792.9841269841
283856,2026-08-04,2289512.2,2425756.0476190476,2289512.2,2425756.0476190476
283857,2026-08-04,1455622.8,1198578.1904761905,1455622.8,1198578.1904761905
283887,2026-08-04,414151.65,390122.3968253968,414151.65,390122.3968253968
283890,2026-08-04,429636.1,527180.9206349206,429636.1,527180.9206349206
284029,2026-08-04,5812255.9,4987143.253968254,5812255.9,4987143.253968254
284106,2026-08-04,13088731.35,14245763.19047619,13088731.35,14245763.19047619
284107,2026-08-04,194627.7,289294.04761904763,194627.7,289294.04761904763
284109,2026-08-04,18959640.8,17383454.365079366,18959640.8,17383454.365079366
284275,2026-08-04,3323929.6923076925,3323929.6923076925,3323929.6923076925,3323929.6923076925
284411,2026-08-04,1994321.75,2112494.8412698414,1994321.75,2112494.8412698414
284432,2026-08-04,2566989.35,2396077.793650794,2566989.35,2396077.793650794
284433,2026-08-04,132295.1,167784.55555555556,132295.1,167784.55555555556
284434,2026-08-04,392138.5,364691.38095238095,392138.5,364691.38095238095
284500,2026-08-04,233830.45,258222.52380952382,233830.45,258222.52380952382
284502,2026-08-04,350177.0,349495.50793650793,350177.0,349495.50793650793
284524,2026-08-04,4485550.65,5542448.238095238,4485550.65,5542448.238095238
284546,2026-08-04,1104858.6,1512870.0476190476,1104858.6,1512870.0476190476
284584,2026-08-04,9679206.7,12791339.444444444,9679206.7,12791339.444444444
284799,2026-08-04,9720038.15,10031900.476190476,9720038.15,10031900.476190476
284815,2026-08-04,1749680.05,2495261.8095238097,1749680.05,2495261.8095238097
284902,2026-08-04,1080817.05,853433.3650793651,1080817.05,853433.3650793651
285056,2026-08-04,365122.1,446464.5714285714,365122.1,446464.5714285714
285184,2026-08-04,2859537.35,4121219.73015873,2859537.35,4121219.73015873
285293,2026-08-04,1235485.05,1742694.365079365,1235485.05,1742694.365079365
285308,2026-08-04,167301.05,246603.80952380953,167301.0499999998,246603.8095238093
285311,2026-08-04,1891590.0,2233223.26984127,1891590.0,2233223.26984127
285325,2026-08-04,395028.2,407913.61904761905,395028.2,407913.61904761905
285376,2026-08-04,465024.9,431495.6984126984,465024.9,431495.6984126984
285509,2026-08-04,179318.85,152208.77777777778,179318.85,152208.77777777778
285534,2026-08-04,1489352.4,1511857.634920635,1489352.4,1511857.634920635
285536,2026-08-04,1604368.25,1677951.492063492,1604368.25,1677951.492063492
285557,2026-08-04,1902458.9,1733909.7777777778,1902458.9,1733909.7777777778
285614,2026-08-04,2355625.35,3347498.476190476,2355625.35,3347498.476190476
285615,2026-08-04,1825307.85,1681930.4285714286,1825307.85,1681930.4285714286
285632,2026-08-04,3196228.4,4133239.5714285714,3196228.4,4133239.5714285714
285653,2026-08-04,33997.3,45161.93650793651,33997.299999999974,45161.93650793652
285790,2026-08-04,17622977.85,26272718.333333332,17622977.85,26272718.333333332
285828,2026-08-04,464040.75,603671.5396825396,464040.75,603671.5396825396
285982,2026-08-04,718124.6,823625.6984126985,718124.6,823625.6984126985
286133,2026-08-04,2042200.7,2335968.619047619,2042200.7,2335968.619047619
286251,2026-08-04,151218.4,127553.0,151218.4,127553.0
286252,2026-08-04,662028.5,645740.8412698413,662028.5,645740.8412698413
286253,2026-08-04,2314768.95,3283481.634920635,2314768.95,3283481.634920635
286315,2026-08-04,900507.55,2003996.365079365,900507.55,2003996.3650793652
286451,2026-08-04,2739125.35,3422149.1587301586,2739125.35,3422149.1587301586
286452,2026-08-04,694614.65,853636.9841269841,694614.65,853636.9841269841
286465,2026-08-04,4608666.85,5759263.619047619,4608666.85,5759263.619047619
286614,2026-08-04,2462697.45,3108002.1428571427,2462697.45,3108002.1428571427
286883,2026-08-04,3863418.7,5203577.603174604,3863418.7,5203577.603174604
286931,2026-08-04,174367.2,162940.53968253967,174367.19999999963,162940.5396825399
287085,2026-08-04,466829.3,796971.126984127,466829.3,796971.1269841262
287122,2026-08-04,72804.55,70025.66666666667,72804.55000000024,70025.66666666661
287143,2026-08-04,1689495.05,1655729.142857143,1689495.05,1655729.142857143
287830,2026-08-04,1650498.65,2471785.0793650793,1650498.65,2471785.0793650793
288316,2026-08-04,3255480.0,6031467.53968254,3255480.0,6031467.53968254
288606,2026-08-04,1592242.5,1832143.4603174604,1592242.5,1832143.4603174604
289030,2026-08-04,998097.4,1417842.3333333333,998097.4,1417842.3333333333
289138,2026-08-04,1066070.15,1312891.2857142857,1066070.15,1312891.2857142857
289247,2026-08-04,8272762.25,10516491.714285715,8272762.25,10516491.714285715
289266,2026-08-04,57513.95,54640.793650793654,57513.95,54640.793650793654
289530,2026-08-04,652698.05,774057.4285714285,652698.05,774057.4285714285
289584,2026-08-04,85774.85,118004.71428571429,85774.85,118004.71428571429
289745,2026-08-04,244516.25,271004.873015873,244516.25,271004.873015873
289873,2026-08-04,4256849.55,5598621.904761905,4256849.55,5598621.904761905
289972,2026-08-04,367132.1,441266.98412698414,367132.1,441266.98412698414
290022,2026-08-04,910754.2,903927.4761904762,910754.2,903927.4761904762
290158,2026-08-04,375051.45,375440.20634920633,375051.45,375440.20634920633
290244,2026-08-04,194751.0,173959.68253968254,194751.0,173959.68253968254
290278,2026-08-04,2417639.25,2845182.9206349207,2417639.25,2845182.9206349207
290557,2026-08-04,928456.35,601399.0634920635,928456.35,601399.0634920635
290589,2026-08-04,2944123.6,3066257.73015873,2944123.600000003,3066257.730158728
290861,2026-08-04,144311.4,275976.79365079367,144311.4,275976.7936507936
290899,2026-08-04,1734334.0,2339841.9682539683,1734334.0,2339841.9682539683
291303,2026-08-04,19684.45,15193.15873015873,19684.45,15193.15873015873
291621,2026-08-04,432592.9,439535.1904761905,432592.9,439535.1904761905
291756,2026-08-04,206487.45,277565.9682539682,206487.45,277565.9682539682
291757,2026-08-04,326637.45,333424.22222222225,326637.45,333424.22222222225
291872,2026-08-04,2971611.85,2078415.0793650793,2971611.85,2078415.0793650793
291902,2026-08-04,680908.35,334515.92063492065,680908.35,334515.92063492065
291905,2026-08-04,1263854.7,1771510.8412698412,1263854.7,1771510.8412698412
292017,2026-08-04,653880.7,698132.2380952381,653880.7,698132.2380952381
292018,2026-08-04,390716.85,341354.55555555556,390716.85,341354.55555555556
292097,2026-08-04,6628368.05,8855793.555555556,6628368.049999994,8855793.555555556
292395,2026-08-04,105214.6,202801.3650793651,105214.6,202801.3650793651
292443,2026-08-04,280150.9,269329.01587301586,280150.9,269329.01587301586
292598,2026-08-04,221596.7,271895.2380952381,221596.7,271895.2380952381
292620,2026-08-04,432331.25,375842.2698412698,432331.25,375842.2698412698
292621,2026-08-04,156900.4,198595.55555555556,156900.4,198595.55555555556
292693,2026-08-04,14275956.95,19229318.333333332,14275956.95,19229318.333333332
292713,2026-08-04,2295667.55,3557256.9523809524,2295667.55,3557256.9523809524
292739,2026-08-04,186722.9,264681.5873015873,186722.9,264681.5873015873
292741,2026-08-04,1893927.55,2209672.793650794,1893927.55,2209672.793650794
292819,2026-08-04,76651.85,80683.04761904762,76651.85000000041,80683.04761904791
292837,2026-08-04,321921.85,407938.92063492065,321921.85,407938.92063492065
292862,2026-08-04,2826177.25,3861156.1904761903,2826177.25,3861156.1904761903
292885,2026-08-04,284292.55,344747.0,284292.55,344747.0
292895,2026-08-04,4519457.0,4899235.984126984,4519457.0,4899235.984126984
292936,2026-08-04,269532.9,332398.7619047619,269532.89999999804,332398.76190476114
292971,2026-08-04,2631924.1,2451896.8571428573,2631924.1,2451896.8571428573
292972,2026-08-04,1153860.25,3349203.492063492,1153860.25,3349203.492063492
293141,2026-08-04,901313.25,1037922.1111111111,901313.25,1037922.1111111111
293142,2026-08-04,1763885.2,1715462.111111111,1763885.2,1715462.111111111
293228,2026-08-04,1664461.4,1724492.7936507936,1664461.4,1724492.7936507936
293261,2026-08-04,540822.85,563383.8253968254,540822.85,563383.8253968254
293315,2026-08-04,599609.5,770122.2857142857,599609.5,770122.2857142857
293384,2026-08-04,1644800.8,1697260.6666666667,1644800.8,1697260.6666666667
293433,2026-08-04,278606.5,357706.01587301586,278606.5,357706.01587301586
293436,2026-08-04,943138.75,1279481.5555555555,943138.75,1279481.5555555555
293452,2026-08-04,5333135.45,5508108.968253968,5333135.45,5508108.968253968
293499,2026-08-04,2002519.35,1679345.2857142857,2002519.35,1679345.2857142857
293551,2026-08-04,295843.65,394036.44444444444,295843.65,394036.44444444444
293733,2026-08-04,1823375.15,2794543.777777778,1823375.1499999985,2794543.777777778
293756,2026-08-04,482411.55,581196.7777777778,482411.55,581196.7777777778
294014,2026-08-04,324767.1,379485.8095238095,324767.1,379485.8095238095
294078,2026-08-04,289086.8,390327.4603174603,289086.8,390327.4603174603
294225,2026-08-04,833727.7,1269055.7142857143,833727.7,1269055.7142857143
294227,2026-08-04,4027726.85,5071910.761904762,4027726.85,5071910.761904762
294251,2026-08-04,1076277.25,1204745.0952380951,1076277.25,1204745.0952380951
294252,2026-08-04,1144980.0,1179534.4444444445,1144980.0,1179534.4444444445
294327,2026-08-04,73663.85,101859.20634920635,73663.85000000028,101859.2063492058
294683,2026-08-04,735732.85,971330.1746031746,735732.85,971330.1746031746
294752,2026-08-04,66176.3,109619.53968253969,66176.3,109619.53968253969
294908,2026-08-04,3337591.45,4739339.904761905,3337591.450000006,4739339.904761897
295034,2026-08-04,85526.55,88651.23809523809,85526.55,88651.23809523809
295063,2026-08-04,361428.6,457064.25396825396,361428.6,457064.25396825396
295151,2026-08-04,747370.7,663861.8412698413,747370.7000000018,663861.8412698432
295239,2026-08-04,1109210.9,1223106.2698412698,1109210.9000000008,1223106.2698412675
295240,2026-08-04,4089344.1,5343693.682539683,4089344.1,5343693.682539683
295272,2026-08-04,619258.2,759309.6031746032,619258.2,759309.6031746032
295277,2026-08-04,1806818.75,1664646.365079365,1806818.7499999986,1664646.3650793654
295748,2026-08-04,744640.45,928842.4920634921,744640.45,928842.4920634921
295761,2026-08-04,37451778.9,43268105.82539683,37451778.9,43268105.82539683
295885,2026-08-04,80613.0,73883.01587301587,80612.99999999991,73883.01587301605
296050,2026-08-04,21160.15,25350.301587301587,21160.15,25350.301587301587
296076,2026-08-04,4408128.25,5337383.634920635,4408128.25,5337383.634920635
296242,2026-08-04,5716188.9,7565230.158730159,5716188.9,7565230.158730159
296305,2026-08-04,371990.8,561069.619047619,371990.8,561069.619047619
296497,2026-08-04,2421924.6,3234697.8253968256,2421924.6,3234697.8253968256
296509,2026-08-04,931440.95,1481587.857142857,931440.95,1481587.857142857
296542,2026-08-04,1034307.9,1050095.0952380951,1034307.9,1050095.0952380951
296581,2026-08-04,2857711.6,3694176.285714286,2857711.6,3694176.285714286
296684,2026-08-04,652378.9,789733.253968254,652378.8999999992,789733.2539682535
296685,2026-08-04,1035603.5,1291501.0317460317,1035603.5,1291501.0317460317
296691,2026-08-04,2385451.45,981316.5555555555,2385451.45,981316.5555555555
296823,2026-08-04,1581011.9,1831011.873015873,1581011.9,1831011.873015873
296918,2026-08-04,2582953.95,2850020.3174603176,2582953.95,2850020.3174603176
296935,2026-08-04,10214970.55,10405042.031746032,10214970.55000021,10831793.75696127
296936,2026-08-04,421096.75,623684.3333333334,421096.75,623684.3333333334
296977,2026-08-04,869551.8,1008401.6349206349,869551.8,1008401.6349206349
297018,2026-08-04,739293.85,790989.0952380953,739293.85,790989.0952380953
297021,2026-08-04,2096833.8,2333158.492063492,2096833.8,2333158.492063492
297051,2026-08-04,1224078.25,1119496.4761904762,1224078.25,1119496.4761904762
297054,2026-08-04,1586594.05,2289471.619047619,1586594.05,2289471.619047619
297148,2026-08-04,148605.5,164009.25396825396,148605.5,164009.25396825396
297184,2026-08-04,518080.55,444847.7619047619,518080.55,444847.7619047619
297220,2026-08-04,4489605.65,4205958.301587301,4489605.65,4205958.301587301
297221,2026-08-04,3954406.0,2860620.476190476,3954406.0,2860620.476190476
297324,2026-08-04,643692.05,790405.2857142857,643692.05,790405.2857142857
297580,2026-08-04,4676777.15,4011773.9682539683,4676777.15,4011773.9682539683
297582,2026-08-04,797768.7,936320.3968253968,797768.7,936320.3968253968
297712,2026-08-04,133485.35,126961.6507936508,133485.35,126961.6507936508
297733,2026-08-04,1815608.9,2139146.365079365,1815608.9,2139146.365079365
297913,2026-08-04,591749.35,567630.0,591749.35,567630.0
298182,2026-08-04,5798890.9,11240975.063492063,5798890.9,11240975.063492062
298286,2026-08-04,154807.1,125820.85714285714,154807.1,125820.85714285714
298339,2026-08-04,6820640.25,4067663.904761905,6820640.25,4067663.904761905
298404,2026-08-04,291510.9,298257.71428571426,291510.9,298257.71428571426
298509,2026-08-04,655323.8,624248.1428571428,655323.8,624248.1428571428
298592,2026-08-04,2876243.95,2442960.904761905,2876243.95,2442960.904761905
298778,2026-08-04,592158.55,540110.3015873015,592158.55,540110.3015873015
298823,2026-08-04,769457.0,668439.4126984127,769457.0,668439.4126984127
298929,2026-08-04,200923.5,184753.19047619047,200923.5,184753.19047619047
299193,2026-08-04,448228.75,381519.84126984124,448228.75,381519.84126984124
299286,2026-08-04,232191.1,219009.55555555556,232191.1,219009.55555555556
299416,2026-08-04,168217.4,315972.0634920635,168217.39999999982,315972.06349206384
299481,2026-08-04,263206.7,311306.1904761905,263206.7,311306.1904761905
299592,2026-08-04,1672268.25,2939615.015873016,1672268.2500000019,1500632.0447182343
299660,2026-08-04,66818.4,107846.38095238095,66818.4,107846.38095238095
299724,2026-08-04,4429566.65,4615496.412698412,4429566.650000003,4615496.412698416
300198,2026-08-04,1760119.1,1578540.8095238095,1760119.1,1578540.8095238095
300199,2026-08-04,656681.8,437592.74603174604,656681.8,437592.74603174604
300200,2026-08-04,716054.3,859164.9047619047,716054.3,859164.9047619047
300371,2026-08-04,42299.1,30831.93650793651,42299.1,30831.93650793651
300460,2026-08-04,2668995.6,4252470.253968254,2668995.6,4252470.253968254
300477,2026-08-04,1270525.95,1755433.142857143,1270525.95,1755433.1428571434
300504,2026-08-04,65473.3,77316.63492063493,65473.3,77316.63492063498
300674,2026-08-04,657888.05,819241.9841269841,657888.05,819241.9841269841
300754,2026-08-04,1166255.85,1067370.9206349207,1166255.85,1067370.9206349207
300827,2026-08-04,2880713.75,2892874.8571428573,2880713.7500000047,2892874.8571428577
300938,2026-08-04,1028850.25,1410483.1746031747,1028850.25,1410483.1746031747
300939,2026-08-04,158975.75,156663.52380952382,158975.75,156663.52380952382
301142,2026-08-04,212226.95,298227.7619047619,212226.95,298227.7619047619
301143,2026-08-04,9572560.15,9565138.603174603,9572560.15,9565138.603174603
301144,2026-08-04,5862.45,6394.31746031746,5862.45,6394.31746031746
301222,2026-08-04,4626732.0,4486972.603174604,4626732.0,4486972.603174604
301251,2026-08-04,1355930.55,2003139.0,1355930.55,2003139.0
301383,2026-08-04,1807939.2,2356087.9206349207,1807939.2,2356087.9206349207
301415,2026-08-04,574480.1,894266.5396825396,574480.1,894266.5396825396
301416,2026-08-04,171644.45,161943.96825396825,171644.45,161943.96825396825
301547,2026-08-04,796685.5,798215.9365079365,796685.5,798215.9365079365
301600,2026-08-04,1033889.8,1672860.0634920634,1033889.8000000004,1672860.0634920641
301704,2026-08-04,117496.15,124181.58730158731,117496.15,124181.58730158731
301729,2026-08-04,170142.3,143056.42857142858,170142.3,143056.42857142858
301813,2026-08-04,409545.4,764878.5079365079,409545.4,764878.5079365079
301816,2026-08-04,1357859.35,1363366.1746031747,1357859.35,1363366.1746031747
301890,2026-08-04,502251.9,658012.6666666666,502251.9,658012.6666666666
301953,2026-08-04,604874.15,668983.5873015873,604874.15,668983.5873015873
301986,2026-08-04,1350165.2,1976260.142857143,1350165.2,1976260.142857143
301999,2026-08-04,889038.9,822185.3650793651,889038.9,822185.3650793651
302018,2026-08-04,421096.1,467369.5238095238,421096.1,467369.5238095238
302549,2026-08-04,1694050.95,1856759.2857142857,1694050.95,1856759.2857142857
302550,2026-08-04,299534.4,422717.1111111111,299534.4,422717.1111111111
302887,2026-08-04,9526455.55,31150727.555555556,9526455.55,31150727.555555556
302961,2026-08-04,1377148.65,1393495.6984126985,1377148.65,1393495.6984126985
303184,2026-08-04,3010283.95,2147479.634920635,3010283.95,2147479.634920635
303219,2026-08-04,14023.0,38056.50793650794,14023.0,38056.50793650791
303340,2026-08-04,582709.0,717985.5396825396,582709.0000000003,823737.4277019602
303377,2026-08-04,322972.1,307721.5238095238,322972.1,307721.5238095238
303519,2026-08-04,445646.5,537669.0476190476,445646.5,537669.0476190476
303526,2026-08-04,5739470.05,4251482.333333333,5739470.05,4251482.333333333
303838,2026-08-04,3918482.7,4626147.047619048,3918482.7,4626147.047619048
303840,2026-08-04,7923606.35,10205213.285714285,7923606.35,10205213.285714285
303930,2026-08-04,2713956.5,3318664.5714285714,2713956.5,3318664.5714285714
303958,2026-08-04,2035929.7,2044524.650793651,2035929.7,2044524.650793651
303983,2026-08-04,1076397.4,1705021.349206349,1076397.4,1705021.349206349
304081,2026-08-04,166835.3,200094.7619047619,166835.3,200094.7619047619
304084,2026-08-04,1098481.7,1665920.9047619049,1098481.7,1665920.9047619049
304086,2026-08-04,48427.15,30720.126984126986,48427.14999999999,28842.52698412698
304199,2026-08-04,1541223.3,1518807.7936507936,1541223.3,1518807.7936507936
304230,2026-08-04,495618.35,518205.8095238095,495618.35,518205.8095238095
304232,2026-08-04,735844.9,805745.2222222222,735844.9,805745.2222222222
304236,2026-08-04,849399.8,809913.2857142857,849399.8,809913.2857142857
304657,2026-08-04,569822.85,593490.619047619,569822.85,593490.619047619
304724,2026-08-04,903372.95,1348733.2222222222,903372.95,1348733.2222222222
304768,2026-08-04,1495551.35,2113281.507936508,1495551.35,2113281.507936508
304818,2026-08-04,172375.6,169688.49206349207,172375.6,169688.49206349207
304839,2026-08-04,1022412.6,1216888.2063492064,1022412.6,1216888.2063492064
304874,2026-08-04,2382166.0,4460003.857142857,2382166.0,4460003.857142857
304963,2026-08-04,25773396.6,27696563.42857143,25773396.6,27696563.42857143
305109,2026-08-04,3739400.9,4066715.8253968256,3739400.9,4066715.8253968256
305164,2026-08-04,180445.25,188038.68253968254,180445.25,188038.68253968254
305229,2026-08-04,2139012.3,3006993.015873016,2139012.3,3006993.015873016
305265,2026-08-04,6793348.0,6520837.714285715,6793348.0,6520837.714285715
305272,2026-08-04,2118561.45,2469843.714285714,2118561.45,2469843.714285714
305321,2026-08-04,1875764.3,2088040.9365079366,1875764.3,2088040.9365079366
305474,2026-08-04,236355.7,241945.17460317462,236355.7,241945.17460317462
305737,2026-08-04,2245805.25,2156823.634920635,2245805.25,2156823.634920635
305788,2026-08-04,375360.2,337110.2698412698,375360.20000000036,337110.2698412703
305815,2026-08-04,7905494.65,2802979.1428571427,9550874.042060956,3677287.5707057174
305959,2026-08-04,3158916.2,3818058.523809524,3158916.2,3818058.523809524
305960,2026-08-04,675284.55,578569.3333333334,675284.55,578569.3333333334
305965,2026-08-04,1116901.6,1260845.396825397,1116901.6,1260845.396825397
306021,2026-08-04,913057.9,1161371.634920635,913057.9,1161371.634920635
306055,2026-08-04,1344759.0,883270.2857142857,1344759.0,883270.2857142857
306186,2026-08-04,166872.55,149789.20634920636,166872.55,149789.20634920636
306200,2026-08-04,1979996.15,1986140.4126984128,1979996.15,1986140.4126984128
306206,2026-08-04,2708165.75,3957841.3492063493,2708165.75,3957841.3492063493
306256,2026-08-04,395373.0,925759.4761904762,395373.00000000594,925759.476190498
306323,2026-08-04,8573.0,10967.57142857143,8573.0,10967.57142857143
306417,2026-08-04,1408976.75,1355907.5714285714,1408976.75,1355907.5714285714
306450,2026-08-04,3775467.0,6715974.746031746,3775467.0,6715974.746031746
306507,2026-08-04,1968747.85,1697997.857142857,1968747.85,1697997.857142857
306508,2026-08-04,1030999.2,1372110.1587301588,1030999.2,1372110.1587301588
306510,2026-08-04,787466.1,770537.9523809524,787466.1,770537.9523809524
306569,2026-08-04,456781.8,688848.4285714285,456781.8,688848.4285714285
306796,2026-08-04,655534.75,879701.2698412698,655534.75,879701.2698412698
306884,2026-08-04,165950.4,153196.6349206349,165950.4,153196.6349206349
307092,2026-08-04,1599413.75,1900606.0952380951,1599413.75,1900606.0952380951
307093,2026-08-04,938538.85,1017010.6349206349,938538.85,1017010.6349206349
307094,2026-08-04,174629.0,195601.49206349207,174629.0,195601.49206349207
307095,2026-08-04,249094.2,413774.09523809527,249094.2,413774.09523809527
307096,2026-08-04,1578507.35,1849699.238095238,1578507.35,1849699.238095238
307121,2026-08-04,1917827.1,1562043.8412698412,1917827.1,1562043.8412698412
307225,2026-08-04,532423.25,704148.3492063492,532423.25,704148.3492063492
307226,2026-08-04,233810.3,205845.90476190476,233810.3,205845.90476190476
307235,2026-08-04,229560.25,252087.60317460317,229560.25,252087.6031746027
307264,2026-08-04,767318.6,880923.4603174604,767318.6,880923.4603174604
307266,2026-08-04,909707.65,797832.5873015873,909707.65,797832.5873015873
307273,2026-08-04,1574761.15,2126748.476190476,1574761.15,2126748.476190476
307386,2026-08-04,1569160.05,2582141.3174603176,1569160.05,2582141.3174603176
307677,2026-08-04,428018.25,611802.3174603175,428018.25,611802.3174603175
307733,2026-08-04,331130.1,194369.25396825396,331130.1,194369.25396825396
307735,2026-08-04,4721186.75,3721263.095238095,4721186.75,3721263.095238095
307781,2026-08-04,66874.4,62485.77777777778,66874.4,62485.77777777778
307782,2026-08-04,444276.55,611812.0,444276.55,611812.0
307784,2026-08-04,4747205.35,4012135.8095238097,4747205.349999994,4012135.809523834
307899,2026-08-04,17945637.95,14058962.873015873,17945637.95,14058962.873015873
307900,2026-08-04,1962140.2,2002497.4126984128,1962140.2,2002497.4126984128
307923,2026-08-04,3716140.25,3675362.9365079366,3716140.25,3675362.9365079366
307925,2026-08-04,6488821.7,8903682.698412698,6488821.7,8903682.698412698
307931,2026-08-04,1385717.45,1981428.1746031747,1385717.45,1981428.1746031747
307959,2026-08-04,11964353.1,32677989.698412698,11964353.1,32677989.698412698
307961,2026-08-04,273740.5,397324.22222222225,273740.5,397324.22222222225
307978,2026-08-04,6271283.25,6452406.333333333,6271283.25,6452406.333333333
308012,2026-08-04,336119.3,347672.74603174604,336119.3,347672.74603174604
308040,2026-08-04,2259295.7,2076659.5714285714,2259295.7,2076659.5714285714
308055,2026-08-04,1992332.65,2103084.984126984,1992332.65,2103084.984126984
308068,2026-08-04,1050751.95,1327150.746031746,1050751.95,1327150.746031746
308178,2026-08-04,109459.5,173879.31746031746,109459.5,173879.31746031746
308430,2026-08-04,450255.0,332474.0634920635,450255.0,332474.0634920635
308617,2026-08-04,22554415.35,31574723.53968254,22554415.35,31574723.53968254
308686,2026-08-04,489901.4,573178.9206349206,489901.4,573178.9206349206
308747,2026-08-04,2112388.15,2865713.8571428573,2112388.15,2865713.8571428573
308794,2026-08-04,44990.55,87076.36507936507,44990.55,87076.36507936526
308822,2026-08-04,4889697.35,5955244.285714285,4889697.35,5955244.285714285
308823,2026-08-04,37557.85,23110.380952380954,37557.85,23110.380952380954
308916,2026-08-04,58670.15,66085.3492063492,58670.15,66085.3492063492
308938,2026-08-04,272581.95,588168.4761904762,272581.9499999999,258083.06190476188
308945,2026-08-04,706078.8,822317.4761904762,706078.8,822317.4761904762
309036,2026-08-04,3215831.85,3974605.365079365,3215831.85,3974605.365079365
309061,2026-08-04,613597.55,720281.4285714285,613597.55,720281.4285714285
309066,2026-08-04,2195385.25,2687470.793650794,2195385.25,2687470.793650794
309093,2026-08-04,1681727.7,2038707.8095238095,1681727.7,2038707.8095238095
309183,2026-08-04,6923105.05,8191319.111111111,6923105.05,8191319.111111111
312222,2026-08-04,83612.4,67394.0,83612.4,67394.0
312226,2026-08-04,576845.8,666466.0476190476,576845.8,666466.0476190476
312270,2026-08-04,1891555.95,1594063.7777777778,2644580.315698006,2268003.551545416
312291,2026-08-04,238548.05,399652.22222222225,238548.05,399652.22222222225
312434,2026-08-04,107491070.75,85611437.38095239,107491070.75,85611437.38095239
312437,2026-08-04,1053065.4,1375526.1904761905,1053065.4,1375526.1904761905
312438,2026-08-04,3471447.0,4886497.603174604,3471446.999999997,4886497.603174605
312486,2026-08-04,6024135.5,6732163.063492063,6024135.5,6732163.063492063
312511,2026-08-04,744714.4,665471.5555555555,744714.4,665471.5555555555
312514,2026-08-04,1831280.0,2487515.873015873,1831280.0,2487515.873015873
312525,2026-08-04,2150708.2,2305704.0793650793,2150708.2,2305704.0793650793
312538,2026-08-04,1366845.3,1719520.8412698412,1366845.3,1719520.8412698412
312776,2026-08-04,542720.35,462964.7301587302,542720.35,462964.7301587302
313647,2026-08-04,6902287.3,3562749.9682539683,6902287.3,3562749.9682539683
313919,2026-08-04,5332972.4,7567734.968253968,5332972.4,7567734.968253968
314003,2026-08-04,387754.25,493553.65079365077,387754.25,493553.65079365077
314005,2026-08-04,5959699.1,9667600.063492063,5959699.1,9667600.063492063
314059,2026-08-04,1166080.25,1484710.9841269841,1166080.25,1484710.9841269841
314060,2026-08-04,116296.1,100139.52380952382,116296.1,100139.52380952382
314304,2026-08-04,89046.4,74644.57142857143,89046.4,74644.57142857143
314371,2026-08-04,31408.95,3099628.507936508,31408.95,431513.24404761905
314555,2026-08-04,180148.5,76899.63492063493,183437.62973983568,85784.29586304812
314904,2026-08-04,560120.55,505490.74603174604,560120.55,505490.74603174604
314965,2026-08-04,497347.8,705490.0476190476,497347.8,705490.0476190476
315296,2026-08-04,319358.15,396835.1111111111,319358.15,396835.1111111111
315465,2026-08-04,1331479.7,3588910.0317460317,1331479.7,3588910.0317460317
315531,2026-08-04,4612130.85,5919817.095238095,4612130.85,5919817.095238095
315715,2026-08-04,10434365.1,11660041.07936508,10434365.1,11660041.07936508
315716,2026-08-04,1804679.45,4404592.571428572,1804679.45,4404592.571428572
315739,2026-08-04,3056970.45,2740437.492063492,3056970.45,2740437.492063492
315828,2026-08-04,5214140.05,5278787.412698412,5214140.05,5278787.412698412
315876,2026-08-04,528334.0,680251.3650793651,60204.39644867277,36196.712574386715
315894,2026-08-04,11240272.75,13811288.857142856,11240272.75,13811288.857142856
315976,2026-08-04,704236.95,942815.2063492064,704236.95,942815.2063492064
316011,2026-08-04,1781266.45,1795922.253968254,1781266.45,1795922.253968254
316146,2026-08-04,1552314.55,1982832.507936508,1552314.55,1982832.507936508
316171,2026-08-04,1455588.85,2117070.523809524,1455588.85,2117070.523809524
316243,2026-08-04,283373.45,301681.22222222225,283373.45,301681.22222222225
316273,2026-08-04,3228928.95,4247457.444444444,3228928.95,4247457.444444444
316274,2026-08-04,59015.7,60503.52380952381,59015.70000000005,60503.52380952378
316279,2026-08-04,11136748.4,17456251.15873016,11136748.4,17456251.15873016
316297,2026-08-04,2643568.8,4917960.841269841,2643568.8,4917960.841269841
316385,2026-08-04,149716.35,272470.4126984127,149716.35,272470.4126984127
316524,2026-08-04,879177.85,1333631.5238095238,879177.85,1333631.5238095238
316525,2026-08-04,224853.4,557980.2063492064,224853.4,557980.2063492064
316526,2026-08-04,27013249.8,34925944.65079365,900441.4619028723,1164197.8989029122
316582,2026-08-04,97880.05,94374.80952380953,97880.05,94374.80952380953
316636,2026-08-04,2366281.3,2061802.4761904762,2366281.3,2061802.4761904762
316643,2026-08-04,600010.2,1083812.7301587302,600010.2,1083812.7301587302
316677,2026-08-04,1876808.15,1435596.349206349,1876808.15,1435596.349206349
316698,2026-08-04,570901.2,607553.5714285715,570901.2,607553.5714285715
316708,2026-08-04,645245.5,834454.5079365079,645245.5,834454.5079365079
316711,2026-08-04,163407.85,148532.44444444444,163407.85,148532.44444444444
316725,2026-08-04,16239485.85,20094893.015873015,16239485.85,20094893.015873015
316830,2026-08-04,238897.45,338209.04761904763,238897.45,338209.04761904763
316880,2026-08-04,13142675.35,10690886.682539683,13142675.35,10690886.682539683
316881,2026-08-04,5101679.8,7341851.857142857,5101679.8,7341851.857142857
316985,2026-08-04,335568.5,431562.4285714286,335568.5,431562.4285714286
316988,2026-08-04,827972.65,1102703.7936507936,827972.65,1102703.7936507936
317025,2026-08-04,4235318.0,4193802.507936508,4235318.0,4193802.507936508
317293,2026-08-04,53743.6,43323.19047619047,53743.6,43323.19047619047
317296,2026-08-04,813971.45,1103600.380952381,813971.45,1103600.380952381
317354,2026-08-04,3685631.8,3801160.9365079366,3685631.8000000045,3801160.9365079356
317383,2026-08-04,8385494.1,5370790.317460317,8385494.1,12060148.984126983
317410,2026-08-04,874753.2,852161.9523809524,874753.2,852161.9523809524
317431,2026-08-04,7694862.95,9600768.111111112,7694862.95,9600768.111111112
317487,2026-08-04,1627174.35,10202228.714285715,1627174.3499999978,1235654.9849632294
317546,2026-08-04,763552.05,778839.3333333334,763552.05,778839.3333333334
317576,2026-08-04,2092193.35,2826857.26984127,2092193.35,2826857.26984127
317619,2026-08-04,5174323.25,3911360.0,5174323.25,3911360.0
317624,2026-08-04,909102.65,1713479.3333333333,909102.65,1713479.3333333333
317738,2026-08-04,205902.15,238314.4126984127,205902.15,238314.4126984127
317756,2026-08-04,3229776.9,3394836.0634920634,3229776.9,3394836.0634920634
317764,2026-08-04,2791861.45,2901950.238095238,2791861.45,2901950.238095238
317806,2026-08-04,2632832.35,3405692.9523809524,2632832.35,3405692.9523809524
317812,2026-08-04,303620.25,474611.68253968254,303620.25,474611.68253968254
317904,2026-08-04,60672.95,55326.968253968254,60672.95,55326.968253968254
318251,2026-08-04,13991.05,24277.365079365078,13991.050000001258,24277.365079364074
318274,2026-08-04,1621552.15,2536986.492063492,1621552.15,2536986.492063492
318278,2026-08-04,11099.05,19896.15873015873,11099.05,19896.15873015873
318283,2026-08-04,595946.35,964911.5873015873,595946.35,964911.5873015873
318285,2026-08-04,734056.55,1229748.5873015872,734056.55,1229748.5873015872
318322,2026-08-04,80509.7,97206.12698412698,80509.7,97206.12698412698
318414,2026-08-04,567086.05,827344.3333333334,567086.05,827344.3333333334
318490,2026-08-04,11122391.45,12497591.634920634,11122391.45,12497591.634920634
318491,2026-08-04,451958.9,446883.0634920635,451958.9,446883.0634920635
318634,2026-08-04,301864.75,364274.0634920635,301864.75,364274.0634920635
318638,2026-08-04,1773705.65,2029884.5238095238,1773705.649999997,2029884.5238095124
318639,2026-08-04,4069041.85,5580509.888888889,4069041.85,5580509.888888889
318731,2026-08-04,13956.55,19998.52380952381,13956.55,19998.52380952381
318749,2026-08-04,631323.1,833313.6984126985,631323.1,833313.6984126985
319157,2026-08-04,129646.75,132346.09523809524,129646.75,132346.09523809518
319245,2026-08-04,2943907.9,3165257.9365079366,2943907.9,3165257.9365079366
319263,2026-08-04,14625039.75,18892990.222222224,14625039.75,18892990.222222224
319272,2026-08-04,3062453.2,4013025.9682539683,3062453.2,4013025.9682539683
319290,2026-08-04,710907.55,1010874.8253968254,710907.55,1010874.8253968254
319338,2026-08-04,2798519.95,3188170.1587301586,2798519.95,3188170.1587301586
319362,2026-08-04,4164730.7,5592157.53968254,4164730.7,5592157.53968254
319614,2026-08-04,7296419.25,11853757.063492063,7296419.25,11853757.063492063
319622,2026-08-04,457819.15,516228.5238095238,457819.15,516228.5238095238
319709,2026-08-04,259655.95,300299.74603174604,259655.95,300299.74603174604
319763,2026-08-04,125626.75,89203.25396825396,125626.75,89203.25396825396
319809,2026-08-04,4870244.6,5843234.063492063,4870244.6,5843234.063492063
319883,2026-08-04,842484.5,942517.9365079365,842484.5,942517.9365079365
319898,2026-08-04,1575802.95,1854938.238095238,1575802.95,1854938.238095238
319899,2026-08-04,140967.25,156284.44444444444,140967.25,156284.44444444444
320043,2026-08-04,4389353.65,5855466.53968254,4389353.65,5855466.53968254
320135,2026-08-04,3154513.95,4558749.031746032,3154513.95,4558749.031746032
320171,2026-08-04,1231243.2,1630532.9365079366,1231243.2,1630532.9365079366
320203,2026-08-04,1598730.9,1235556.5555555555,1598730.9,1235556.5555555555
320204,2026-08-04,1056305.7,1428663.396825397,1056305.7,1428663.396825397
320245,2026-08-04,61214.1,83843.04761904762,61214.1,83843.04761904762
320319,2026-08-04,1017765.85,1189924.492063492,1017765.85,1189924.492063492
320320,2026-08-04,2159190.75,2436735.1587301586,2159190.75,2436735.1587301586
320357,2026-08-04,15528377.4,22135063.603174604,15528377.4,22135063.603174604
320816,2026-08-04,423839.55,589626.5238095238,423839.55,589626.5238095238
320847,2026-08-04,160244.8,173313.9365079365,160244.8,173313.9365079365
321294,2026-08-04,4707457.95,5733622.206349206,4707457.95,5733622.206349206
321378,2026-08-04,2379348.7,2765403.984126984,2379348.7,2765403.984126984
321386,2026-08-04,858869.6,1098615.253968254,858869.6,1098615.253968254
321416,2026-08-04,916623.05,1347370.9365079366,916623.05,1347370.9365079366
321600,2026-08-04,1173150.2,2012853.3333333333,1173150.2,2012853.3333333333
321601,2026-08-04,1092633.8,1709855.746031746,1092633.8,1709855.746031746
321603,2026-08-04,307944.75,216299.85714285713,307944.75,216299.85714285713
321623,2026-08-04,1469930.4,1306181.7142857143,1469930.4,1306181.7142857143
321875,2026-08-04,297094.4,454844.5873015873,297094.4,454844.5873015873
321925,2026-08-04,42232801.1,40317512.47619048,42232801.1,40317512.47619048
321953,2026-08-04,2001495.4,1980740.6825396826,2001495.4,1980740.6825396826
322132,2026-08-04,353045.85,651635.9365079365,353045.85,651635.9365079365
322136,2026-08-04,95958.15,94505.68253968254,95958.15,94505.68253968254
322747,2026-08-04,1153450.65,1237407.2063492064,1153450.65,1237407.2063492064
322748,2026-08-04,1334721.2,1816274.365079365,1334721.2,1816274.365079365
322908,2026-08-04,883438.6,1287056.6666666667,883438.6,1287056.6666666667
322910,2026-08-04,2212411.2,2246551.984126984,2212411.2,2246551.984126984
322933,2026-08-04,48108.1,63428.39682539683,48108.1,63428.39682539683
322934,2026-08-04,102133.25,105364.39682539682,102133.25,105364.39682539682
323028,2026-08-04,13120.35,15753.253968253968,13120.35,15753.253968253968
323127,2026-08-04,1851976.7,2674616.1904761903,1851976.7,2674616.1904761903
323456,2026-08-04,1406652.2,2296164.5714285714,1406652.2,2296164.571428571
324138,2026-08-04,931699.1,1366352.349206349,931699.1,1366352.349206349
324434,2026-08-04,3983721.35,3911866.1587301586,3983721.35,3911866.1587301586
324435,2026-08-04,7365364.3,6608067.317460317,7365364.3,6608067.317460317
324609,2026-08-04,15638251.3,21624823.126984127,15638251.3,21624823.126984127
324772,2026-08-04,996446.95,1054605.4603174604,996446.9499999996,1054605.4603174606
324846,2026-08-04,97239.9,149076.80952380953,97239.89999999982,149076.80952380958
324847,2026-08-04,1197677.35,1704582.8095238095,1197677.35,1704582.8095238095
324918,2026-08-04,199051.35,285000.74603174604,199051.35,285000.74603174604
324941,2026-08-04,701346.25,737234.8095238095,701346.2499999988,737234.809523809
325214,2026-08-04,2854989.65,2812203.253968254,2854989.65,2812203.253968254
325251,2026-08-04,1748577.55,1751742.8412698412,1748577.55,1751742.8412698412
325566,2026-08-04,1686646.25,1590208.1904761905,1686646.25,1590208.1904761905
325634,2026-08-04,189334.3,378138.3968253968,189334.3,378138.3968253968
325861,2026-08-04,1865057.05,1897430.650793651,1865057.05,1897430.650793651
325903,2026-08-04,100812.45,82088.09523809524,100812.45,82088.09523809524
326321,2026-08-04,2186330.7,2518462.873015873,2186330.7,2518462.873015873
326322,2026-08-04,28280350.65,28164937.825396825,28280350.65,28164937.825396825
326420,2026-08-04,7107876.5,11786557.698412698,7107876.5,11786557.698412698
326472,2026-08-04,1072346.1,1555700.492063492,1072346.1,1555700.492063492
326480,2026-08-04,2740283.15,2812271.984126984,2740283.15,2812271.984126984
326618,2026-08-04,972455.5,1568754.0317460317,972455.5,1568754.0317460317
326752,2026-08-04,2750278.85,3652567.0317460317,2750278.85,3652567.0317460317
326845,2026-08-04,4378458.95,7335376.73015873,4378458.95,7335376.73015873
326909,2026-08-04,72559501.4,55974902.190476194,72559501.4,55974902.190476194
326923,2026-08-04,5871367.4,6134712.317460317,5871367.4,6134712.317460317
326975,2026-08-04,4132173.0,4126216.301587302,4132173.0,4126216.301587302
327035,2026-08-04,3887256.8,5378173.476190476,3887256.8,5378173.476190476
327038,2026-08-04,10779693.6,8460084.07936508,10779693.600000005,8460084.07936508
327045,2026-08-04,266092.25,440135.6666666667,266092.25,440135.6666666667
327193,2026-08-04,1663633.9,1594901.4285714286,1663633.9,1594901.4285714286
327413,2026-08-04,731715.15,697710.1428571428,731715.15,697710.1428571428
327455,2026-08-04,8153032.7,8038536.174603174,8153032.7,8038536.174603174
327498,2026-08-04,4224781.75,5582738.523809524,4224781.75,5582738.523809524
327499,2026-08-04,2231961.3,3443112.777777778,2231961.3,3443112.777777778
327574,2026-08-04,2463146.3,3933740.26984127,2463146.3,3933740.26984127
327599,2026-08-04,669409.5,19264876.46031746,669409.4999999993,1249041.476190475
327609,2026-08-04,920566.25,1312323.4603174604,920566.25,1312323.4603174604
327814,2026-08-04,470523.8,679293.7936507936,470523.8,679293.7936507936
327959,2026-08-04,1173688.0,2017959.761904762,1173688.0,2017959.761904762
327960,2026-08-04,3679995.4,3514710.1904761903,3679995.4,3514710.1904761903
327968,2026-08-04,1787819.45,1574354.5238095238,1787819.45,1574354.5238095238
328318,2026-08-04,2307266.65,1923400.857142857,2307266.65,1923400.857142857
328350,2026-08-04,1532661.8,1937100.5238095238,1532661.8,1937100.5238095238
328520,2026-08-04,28852941.2,29649018.285714287,28852941.2,29649018.285714287
328698,2026-08-04,1442265.05,2792227.746031746,1442265.05,2792227.746031746
328700,2026-08-04,198523.35,326980.7301587302,198523.35,326980.7301587302
328707,2026-08-04,548731.75,726022.8253968254,548731.75,726022.8253968254
328716,2026-08-04,8723895.7,3619381.634920635,8723895.7,3619381.634920635
328767,2026-08-04,999594.2,800256.0476190476,999594.2,800256.0476190476
328769,2026-08-04,85880.25,109552.33333333333,85880.25,109552.33333333333
328899,2026-08-04,363585.55,563726.4444444445,363585.55,563726.4444444445
328948,2026-08-04,1341731.15,1865104.0158730159,1341731.15,1865104.0158730159
328971,2026-08-04,3478517.1,4536037.015873016,3478517.1,4536037.015873016
328989,2026-08-04,28751599.7,25906230.492063493,28751599.7,25906230.492063493
329074,2026-08-04,910004.0,850385.6507936508,910004.0,850385.6507936508
329088,2026-08-04,4398337.4,4178865.9206349207,4398337.4,4178865.9206349207
329184,2026-08-04,583983.3,793040.9841269841,583983.3,793040.9841269841
329236,2026-08-04,6291469.3,6450072.047619048,6291469.3,6450072.047619048
329268,2026-08-04,130178.2,120003.31746031746,130178.2,120003.31746031746
329316,2026-08-04,690542.5,960829.3015873015,690542.5,960829.3015873015
329402,2026-08-04,2453805.35,3983820.888888889,2453805.35,3983820.888888889
329635,2026-08-04,590346.2,606007.3333333334,590346.2,606007.3333333334
329700,2026-08-04,1154271.15,1358814.5396825396,1154271.15,1358814.5396825396
329703,2026-08-04,2143466.4,2938465.285714286,2143466.4,2938465.285714286
329706,2026-08-04,4896305.6,7821994.492063492,4896305.6,7821994.492063492
329744,2026-08-04,2682113.55,2134766.365079365,2682113.55,2134766.365079365
329750,2026-08-04,1850204.2,1854799.0476190476,1850204.2,1854799.0476190476
329822,2026-08-04,8065393.25,9094552.650793651,8065393.25,9094552.650793651
329823,2026-08-04,25912989.95,18921674.84126984,25912989.950000007,18921674.841269866
329825,2026-08-04,3808998.55,3956582.301587302,3808998.55,3956582.301587302
329870,2026-08-04,4858645.1,7918779.492063492,4858645.1,7918779.492063492
329911,2026-08-04,1729343.3,2636806.619047619,1729343.3,2636806.619047619
329944,2026-08-04,1445903.1,2636654.8571428573,1445903.1,2636654.8571428573
329951,2026-08-04,1057106.05,1419513.3333333333,1057106.05,1419513.3333333333
329954,2026-08-04,2669079.95,3128283.26984127,2669079.95,3128283.26984127
329999,2026-08-04,2956516.75,3073237.5555555555,2956516.75,3073237.5555555555
330011,2026-08-04,1362587.9,1906823.6825396826,1362587.9,1906823.6825396826
330072,2026-08-04,173841.25,157559.2857142857,173841.25,157559.2857142857
330080,2026-08-04,328051.6,249474.2857142857,328051.6,249474.2857142857
330162,2026-08-04,3184442.2,2248710.619047619,3184442.2,2248710.619047619
330201,2026-08-04,42182594.6,43569301.44444445,42182594.6,43569301.44444445
330202,2026-08-04,5569422.5,6169535.079365079,5569422.5,6169535.079365079
330206,2026-08-04,237069.05,311712.85714285716,237069.05,311712.85714285716
330258,2026-08-04,889058.2,1331821.4761904762,889058.2,1331821.4761904762
330322,2026-08-04,2992638.35,3186295.587301587,2992638.35,3186295.587301587
330328,2026-08-04,1123510.2,1365653.3015873015,1123510.2,1365653.3015873015
330341,2026-08-04,1239240.5,1505963.365079365,1239240.5,1505963.365079365
330366,2026-08-04,6139094.05,6688140.984126984,6139094.05,6688140.984126984
330367,2026-08-04,10808436.3,10507052.285714285,10808436.3,10507052.285714285
330508,2026-08-04,1264921.85,1274366.6825396826,1264921.85,1274366.6825396826
330511,2026-08-04,222320.1,303948.84126984124,222320.09999999963,303948.8412698402
330512,2026-08-04,3593111.15,5060845.571428572,3593111.15,5060845.571428572
330705,2026-08-04,6690723.45,6230194.46031746,6690723.45,6230194.46031746
330706,2026-08-04,702534.85,655584.2222222222,702534.85,655584.2222222222
330711,2026-08-04,2967668.55,3212756.6825396824,2967668.55,3212756.6825396824
330733,2026-08-04,334883.65,482264.22222222225,334883.65,482264.22222222225
330736,2026-08-04,1151261.0,973886.9682539683,1151261.0,973886.9682539683
330737,2026-08-04,4327326.7,7244732.26984127,4327326.7,7244732.26984127
330814,2026-08-04,1035547.25,1122291.492063492,1035547.25,1122291.492063492
331006,2026-08-04,267238.8,248029.5873015873,267238.8,248029.5873015873
331099,2026-08-04,2339580.6,3339336.492063492,2339580.6,3339336.492063492
331154,2026-08-04,200564.75,266261.0317460318,200564.75000000017,266261.0317460319
331157,2026-08-04,721657.45,831509.7142857143,721657.45,831509.7142857143
331159,2026-08-04,1109538.8,801500.3650793651,1109538.8,801500.3650793651
331210,2026-08-04,456728.4,224389.06896551725,456728.3999999998,194512.74344827587
331212,2026-08-04,2588836.25,3026994.4285714286,2588836.25,3026994.4285714286
331250,2026-08-04,380121.45,362245.5238095238,380121.45,362245.5238095238
331258,2026-08-04,551339.35,1079431.6984126985,551339.3500000245,1079431.6984126908
331315,2026-08-04,2167445.45,2636249.1587301586,2167445.45,2636249.1587301586
331316,2026-08-04,2355074.2,2482887.761904762,2355074.2,2482887.761904762
331372,2026-08-04,841668.15,1348062.5714285714,841668.15,1348062.5714285714
331412,2026-08-04,834222.4,1351334.5555555555,834222.4,1351334.5555555555
331445,2026-08-04,136898.35,207413.22222222222,136898.35,207413.22222222228
331479,2026-08-04,1245232.75,1992367.0952380951,1245232.75,1992367.0952380951
331481,2026-08-04,738691.95,943367.3968253968,738691.95,943367.3968253968
331525,2026-08-04,46479048.95,40615150.07936508,46479048.95,40615150.07936508
331526,2026-08-04,802445.75,822974.1746031746,802445.75,822974.1746031746
331672,2026-08-04,2709394.85,5290208.253968254,2709394.85,5290208.253968254
331673,2026-08-04,90373.1,158021.25396825396,90373.09999999986,158021.25396825362
331830,2026-08-04,892649.05,1670092.873015873,892649.0500000007,1670092.8730158734
331831,2026-08-04,101769.35,155149.3650793651,101769.35000000018,155149.36507936413
331833,2026-08-04,428945.2,750911.6349206349,428945.2,750911.6349206349
331834,2026-08-04,978047.25,1438857.888888889,978047.25,1438857.888888889
331836,2026-08-04,1360828.9,2242930.8571428573,1360828.9,2242930.8571428573
331885,2026-08-04,1253926.75,1359702.857142857,1253926.75,1359702.857142857
331887,2026-08-04,765606.5,799171.5873015873,765606.5000000007,799171.5873015876
331888,2026-08-04,2930785.8,3309449.3492063493,2930785.8,3309449.3492063493
331889,2026-08-04,499105.35,717904.1428571428,499105.35,717904.1428571428
331890,2026-08-04,3174825.3,3959433.4603174604,3174825.3,3959433.4603174604
331893,2026-08-04,2742552.85,3051052.5714285714,2742552.85,3051052.5714285714
331926,2026-08-04,1567135.15,2969688.26984127,1567135.15,2969688.26984127
331927,2026-08-04,2542547.4,3437398.5396825396,2542547.4,3437398.5396825396
331930,2026-08-04,12291736.75,4071809.761904762,12291736.75,4071809.761904762
331979,2026-08-04,18448362.7,26424729.968253966,18448362.7,26424729.968253966
331996,2026-08-04,1469190.9,1799259.507936508,1469190.9,1799259.507936508
332116,2026-08-04,303845.65,636768.3650793651,20256.379198714123,42451.22964502812
332118,2026-08-04,723463.5,885900.0476190476,723463.5,885900.0476190476
332157,2026-08-04,86331619.65,79227538.77777778,86331619.65,79227538.77777778
332221,2026-08-04,5554497.75,10390900.333333334,5554497.75,10390900.333333334
332227,2026-08-04,46747231.25,50606535.38095238,46747231.25,50606535.38095238
332335,2026-08-04,1350275.85,1524788.1587301588,1350275.85,1524788.1587301588
332372,2026-08-04,2381378.35,2041699.6825396826,2381378.35,2041699.6825396826
332424,2026-08-04,29221925.2,27255868.42857143,29221925.2,27255868.42857143
332513,2026-08-04,4642949.85,5822523.126984127,4642949.85,5822523.126984127
332521,2026-08-04,157939.65,174701.0634920635,157939.65,174701.0634920635
332573,2026-08-04,29660364.1,33116435.507936507,29660364.1,33116435.507936507
332579,2026-08-04,5299131.85,6320261.904761905,5299131.85,6320261.904761905
332580,2026-08-04,3514237.55,4808361.984126984,3514237.55,4808361.984126984
332583,2026-08-04,419722.2,614251.3333333334,419722.2,614251.3333333334
332643,2026-08-04,3454286.1,3847265.4603174604,3454286.1,3847265.4603174604
332697,2026-08-04,3972783.65,4373239.19047619,3972783.65,4373239.19047619
332702,2026-08-04,19070778.65,30646855.603174604,19070778.65,30646855.603174604
332707,2026-08-04,5138240.1,7443486.80952381,5138240.1,7443486.80952381
332727,2026-08-04,649117.25,851064.1746031746,649117.25,851064.1746031746
332857,2026-08-04,18483589.6,22849851.825396825,18483589.6,22849851.825396825
332999,2026-08-04,3696342.1,4546799.492063492,3696342.1,4546799.492063492
333118,2026-08-04,286400.6,307370.65079365077,286400.6,307370.65079365077
333125,2026-08-04,32205786.8,43842976.76190476,32205786.8,43842976.76190476
333305,2026-08-04,1015988.2,857631.6666666666,1015988.2,857631.6666666666
333313,2026-08-04,49912.25,130148.90476190476,49912.25,130148.90476190476
333614,2026-08-04,19916570.65,27243578.111111112,19916570.65,27243578.111111112
333683,2026-08-04,6138143.8,6865914.285714285,6138143.8,6865914.285714285
333684,2026-08-04,58135.3,63648.34920634921,58135.3,63648.34920634921
333839,2026-08-04,1053424.6,1146978.7936507936,1053424.6,1146978.7936507936
333943,2026-08-04,554507.35,1021498.6349206349,554507.35,1021498.6349206349
334005,2026-08-04,253493.4,167880.04761904763,253493.4,167880.04761904763
334009,2026-08-04,154100.5,148927.3015873016,154100.5000000001,148927.30158730148
334098,2026-08-04,3556294.75,4533439.53968254,3556294.75,4533439.53968254
334153,2026-08-04,15663629.3,37158444.603174604,15663629.3,37158444.603174604
334154,2026-08-04,1685150.95,1813030.8095238095,1685150.95,1813030.8095238095
334163,2026-08-04,1483360.45,1952746.3015873015,1483360.45,1952746.3015873015
334218,2026-08-04,1292066.35,1484237.2698412698,1292066.35,1484237.2698412698
334219,2026-08-04,667052.55,1154875.3174603174,667052.55,1154875.3174603174
334503,2026-08-04,648329.0,751266.619047619,648329.0,751266.619047619
334504,2026-08-04,119459.8,225795.74603174604,119459.8,225795.74603174604
334531,2026-08-04,187783.85,212425.11111111112,187783.85,212425.11111111112
334534,2026-08-04,1517343.4,2540220.793650794,1517343.4,2540220.793650794
334590,2026-08-04,15313697.25,27328075.603174604,15313697.25,27328075.603174604
334592,2026-08-04,1779158.8,3523577.619047619,1779158.8,3523577.6190476194
334750,2026-08-04,5883651.4,5986532.063492063,5883651.4,5986532.063492063
334754,2026-08-04,29350.2,31782.349206349205,29350.2,31782.349206349205
334784,2026-08-04,1021071.65,993085.7619047619,1021071.65,993085.7619047619
334811,2026-08-04,29977.6,59772.12698412698,29977.6,59772.12698412698
334815,2026-08-04,979884.35,1268881.9523809524,979884.35,1268881.9523809524
334829,2026-08-04,471307.2,723816.746031746,471307.2,723816.746031746
334872,2026-08-04,987469.65,1056319.253968254,987469.65,1056319.253968254
334946,2026-08-04,1253262.55,1355114.365079365,1253262.55,1355114.365079365
335123,2026-08-04,2530060.85,3657354.206349206,2530060.85,3657354.206349206
335192,2026-08-04,1048679.8,1186929.6666666667,1048679.8,1186929.6666666667
335193,2026-08-04,428214.15,418206.65079365077,428214.15,418206.65079365077
335195,2026-08-04,14480.65,21206.31746031746,14480.65,21206.31746031746
335199,2026-08-04,547538.1,511451.7619047619,547538.1,511451.7619047619
335212,2026-08-04,1699311.7,1963717.9047619049,1699311.7,1963717.9047619049
335264,2026-08-04,217619.15,489429.8095238095,217619.15,489429.8095238095
335266,2026-08-04,943052.05,1285784.888888889,943052.05,1285784.888888889
335313,2026-08-04,222197.35,109610.36507936507,222197.35,109610.36507936507
335321,2026-08-04,552693.95,896934.0476190476,552693.95,896934.0476190476
335370,2026-08-04,206851.2,274531.1111111111,206851.2,274531.1111111111
335377,2026-08-04,4123970.7,3649554.714285714,4123970.7,3649554.714285714
335430,2026-08-04,688599.95,704228.4444444445,688599.95,704228.4444444445
335434,2026-08-04,2104214.85,3317491.9682539683,2104214.85,3317491.9682539683
335446,2026-08-04,2350842.2,2099835.793650794,2350842.2,2099835.793650794
335764,2026-08-04,101058.8,79126.04761904762,101058.8,79126.04761904762
336149,2026-08-04,19112322.5,13629599.777777778,19112322.5,13629599.777777778
336168,2026-08-04,558186.9,229373.82539682538,558186.9,229373.82539682538
336272,2026-08-04,4058782.4,6892765.968253968,4058782.4,6892765.968253968
336371,2026-08-04,1030981.95,1140228.6825396826,1030981.95,1140228.6825396826
336373,2026-08-04,275949.65,362106.873015873,275949.65,362106.873015873
336495,2026-08-04,1020493.35,1861308.4761904762,1020493.35,1861308.4761904762
336499,2026-08-04,604820.5,906775.619047619,604820.5,906775.619047619
336621,2026-08-04,1449455.4,2147702.5714285714,1449455.4,2147702.5714285714
336622,2026-08-04,1941595.45,1909201.111111111,1941595.45,1909201.111111111
336675,2026-08-04,14883.05,20586.634920634922,14883.05,20586.634920634922
336684,2026-08-04,12370992.05,12034256.57142857,12370992.05,12034256.57142857
336737,2026-08-04,19360157.8,23759227.634920634,19360157.8,23759227.634920634
336813,2026-08-04,3325102.25,2931269.888888889,3325102.25,2931269.888888889
336873,2026-08-04,12748.5,11805.888888888889,12748.5,11805.888888888889
337152,2026-08-04,664142.65,999240.5555555555,664142.65,999240.5555555555
337363,2026-08-04,14394.55,21637.349206349205,14394.55,21637.349206349205
337368,2026-08-04,2424382.55,2954746.396825397,2424382.55,2954746.396825397
337372,2026-08-04,3042925.35,3475783.1904761903,3042925.35,3475783.1904761903
337375,2026-08-04,3751484.1,3831895.5396825396,3751484.1,3831895.5396825396
337461,2026-08-04,478767.7,541482.3015873015,478767.6999999989,541482.3015873014
337512,2026-08-04,4644432.35,8220860.73015873,4644432.35,8220860.73015873
337513,2026-08-04,5884895.8,6250488.73015873,5884895.8,6250488.73015873
337515,2026-08-04,1168596.7,1471851.492063492,1168596.7,1471851.492063492
337517,2026-08-04,1402016.6,2032605.7777777778,1402016.6,2032605.7777777778
337518,2026-08-04,547419.4,937138.2063492064,547419.4,937138.2063492064
337525,2026-08-04,172398.05,196221.7142857143,172398.0499999985,196221.71428571452
337579,2026-08-04,4170599.85,5530275.698412699,4170599.85,5530275.698412699
337724,2026-08-04,746534.2,1692743.9365079366,746534.2,1692743.9365079366
337733,2026-08-04,7488837.5,7516264.015873016,7488837.5,7516264.015873016
337794,2026-08-04,391518.65,866646.0952380953,391518.65,866646.0952380953
337799,2026-08-04,152318.6,119462.04761904762,152318.6,119462.04761904762
337804,2026-08-04,11427141.8,13968340.07936508,11427141.8,13968340.07936508
337830,2026-08-04,4653750.1,4724332.984126984,4653750.1,4724332.984126984
337852,2026-08-04,26261895.2,36415106.93650793,26261895.2,36415106.93650793
337872,2026-08-04,2406538.45,3913315.1587301586,2406538.45,3913315.1587301586
338306,2026-08-04,7506316.9,8624372.73015873,7506316.9,8624372.73015873
338318,2026-08-04,2134590.95,3284592.793650794,2134590.95,3284592.793650794
338320,2026-08-04,1273254.1,1774670.365079365,1273254.1,1774670.365079365
338363,2026-08-04,327834.85,398932.8095238095,327834.85,398932.80952380924
338364,2026-08-04,6228039.05,5729430.587301588,6228039.05,5729430.587301588
338375,2026-08-04,119212.5,122106.8253968254,119212.5,122106.8253968254
338416,2026-08-04,20364190.25,20849231.61904762,20364190.25,20849231.61904762
338481,2026-08-04,8959065.4,9126519.476190476,8959065.4,9126519.476190476
338485,2026-08-04,870150.2,1173718.0476190476,870150.1999999996,1173718.0476190478
338649,2026-08-04,3245834.95,3963521.476190476,3245834.95,3963521.476190476
338651,2026-08-04,83349936.2,59250522.85714286,83349936.2,59250522.85714286
338653,2026-08-04,1898409.3,3060992.3333333335,1898409.3,3060992.3333333335
338691,2026-08-04,211710.35,203246.88888888888,211710.35,203246.88888888888
338708,2026-08-04,21525811.25,38545668.253968254,21525811.25,38545668.253968254
338738,2026-08-04,614576.1,794130.619047619,614576.1,794130.619047619
338743,2026-08-04,90186.35,115566.84126984127,90186.35,115566.84126984127
338812,2026-08-04,430706.3,570570.5238095238,430706.3,570570.5238095238
338818,2026-08-04,7752931.5,12234732.222222222,7752931.5,12234732.222222222
338873,2026-08-04,118968.2,196365.11111111112,118968.2,196365.11111111112
338920,2026-08-04,176484.4,252585.17647058822,176484.4,252585.17647058822
338982,2026-08-04,1979504.45,2073377.2063492064,1979504.45,2073377.2063492064
338985,2026-08-04,1116936.35,1121776.3333333333,1116936.35,1121776.3333333333
339028,2026-08-04,444950.9,443685.85714285716,444950.9,443685.85714285716
339095,2026-08-04,826516.0,1297139.5714285714,82651.60000000033,129713.95714285722
339106,2026-08-04,879036.8,936642.0317460317,879036.8,936642.0317460317
339275,2026-08-04,220869.1,157400.92063492062,220869.1,157400.92063492062
339276,2026-08-04,1163708.45,1476950.1746031747,1163708.45,1476950.1746031747
339350,2026-08-04,83310.4,120271.55555555556,83310.4,120271.55555555556
339356,2026-08-04,140433.95,136807.57142857142,140433.95,136807.57142857142
339415,2026-08-04,132704.4,179186.6984126984,132704.4,179186.6984126984
339421,2026-08-04,153968.85,142856.15873015873,153968.85,142856.15873015873
339463,2026-08-04,24303253.95,29638146.777777776,24303253.95,29638146.777777776
339466,2026-08-04,1336944.2,1515700.380952381,1336944.2,1515700.380952381
339569,2026-08-04,878122.75,945135.7936507936,878122.75,945135.7936507936
339573,2026-08-04,1382675.8,1720417.5396825396,1382675.8,1720417.5396825396
339677,2026-08-04,2151146.95,1766733.380952381,2151146.95,1766733.380952381
339761,2026-08-04,324648.4,688058.0317460317,324648.4,688058.0317460317
339762,2026-08-04,160799.15,153939.3650793651,160799.1500000002,153939.36507936454
339767,2026-08-04,3909160.8,5483374.682539683,3909160.8,5483374.682539683
339786,2026-08-04,330307.7,389088.5873015873,330307.7,389088.5873015873
339896,2026-08-04,210555.15,138117.92063492062,210555.1499999999,138117.9206349205
339898,2026-08-04,3734232.05,3302109.0476190476,3734232.05,3302109.0476190476
340085,2026-08-04,1963992.65,2415893.3492063493,1963992.65,2415893.3492063493
340097,2026-08-04,1194261.85,1147757.9523809524,1194261.85,1147757.9523809524
340099,2026-08-04,535879.65,741021.9523809524,535879.65,741021.9523809524
340199,2026-08-04,3066731.3,3348367.8571428573,3066731.3,3348367.8571428573
340367,2026-08-04,121652.35,158101.42857142858,121652.35,158101.42857142858
340432,2026-08-04,2515656.25,3105443.619047619,2515656.25,3105443.619047619
340460,2026-08-04,1808207.3,2717486.73015873,1808207.3,2717486.73015873
340640,2026-08-04,1730784.25,1579768.238095238,1730784.25,1579768.238095238
340644,2026-08-04,1105793.85,3494157.6666666665,1105793.85,1195925.0476190476
340696,2026-08-04,7965135.25,8915068.698412698,7965135.25,8915068.698412698
340697,2026-08-04,80845.55,235513.0158730159,80845.55,235513.0158730159
340698,2026-08-04,1512923.9,1737356.507936508,1512923.9,1737356.507936508
340699,2026-08-04,2935317.9,4158876.8412698414,2935317.9,4158876.8412698414
340752,2026-08-04,889129.35,746596.0952380953,889129.349999999,746596.0952380954
340754,2026-08-04,803097.7,1059614.238095238,803097.7,1059614.238095238
340757,2026-08-04,2999853.35,3704573.3333333335,2999853.35,3704573.3333333335
341159,2026-08-04,148438.0,162843.77777777778,148438.0,162843.77777777784
341162,2026-08-04,95432.2,138700.20634920636,95432.2,138700.20634920636
341205,2026-08-04,908134.0,1105536.9523809524,908134.0,1105536.9523809524
341208,2026-08-04,20884263.5,11492254.492063493,20884263.5,11492254.492063493
341209,2026-08-04,503712.45,374862.1746031746,503712.45,374862.1746031746
341210,2026-08-04,902537.25,1119751.396825397,902537.25,1119751.396825397
341326,2026-08-04,6628413.6,8949485.523809524,6628413.6,8949485.523809524
341384,2026-08-04,3090149.7,3586611.412698413,3090149.7,3586611.412698413
341387,2026-08-04,1790999.45,1723630.746031746,1790999.45,1723630.746031746
341431,2026-08-04,2837766.15,4059445.301587302,2837766.15,4059445.301587302
341434,2026-08-04,1627677.6,1358393.9841269841,1627677.6,1358393.9841269841
341488,2026-08-04,317118.4,269662.49206349207,317118.4,269662.49206349207
341491,2026-08-04,1043082.9,903799.746031746,1043082.9,903799.746031746
341492,2026-08-04,266425.25,203753.0158730159,266425.25,203753.0158730159
341555,2026-08-04,22311.7,23203.809523809523,22311.700000000033,23203.80952380948
341568,2026-08-04,830312.3,725191.7936507936,830312.3,725191.7936507936
341593,2026-08-04,390558.95,468653.55555555556,390558.95,468653.55555555556
341659,2026-08-04,248415.05,278930.09523809527,248415.05,278930.09523809527
341660,2026-08-04,904479.4,962768.7301587302,904479.4,962768.7301587302
341661,2026-08-04,1125122.7,1459990.0317460317,1125122.7,1459990.0317460317
341662,2026-08-04,6899458.7,7954918.222222222,6899458.7,7954918.222222222
341663,2026-08-04,756824.9,998286.3492063492,756824.9,998286.3492063492
341664,2026-08-04,904055.05,1052411.349206349,904055.05,1052411.349206349
341674,2026-08-04,1031466.5,1153306.0317460317,1031466.5,1153306.0317460317
341692,2026-08-04,2379320.7,2806758.3333333335,2379320.7,2806758.3333333335
341739,2026-08-04,365200.95,414169.85714285716,365200.95,414169.85714285716
341740,2026-08-04,2467366.8,2705998.698412698,2467366.8,2705998.698412698
341743,2026-08-04,173211.6,154636.88888888888,173211.6,154636.88888888888
341746,2026-08-04,100658.25,276858.2380952381,100658.25,276858.2380952381
341783,2026-08-04,20291320.9,17122550.904761903,20291320.9,17122550.904761903
341999,2026-08-04,8606642.4,11693205.07936508,8606642.4,11693205.07936508
342005,2026-08-04,1156716.95,384200.9682539682,1156716.95,384200.9682539682
342221,2026-08-04,903273.1,1824745.1333333333,903273.1,1824745.1333333333
342302,2026-08-04,173957.9,192479.5873015873,173957.9,192479.5873015873
342309,2026-08-04,865837.25,1031669.5396825396,865837.25,1031669.5396825396
342345,2026-08-04,250777.2,236743.31746031746,250777.2,236743.31746031743
342348,2026-08-04,344401.7,288467.04761904763,344401.7,288467.0476190475
342349,2026-08-04,4658108.25,5105531.714285715,4658108.25,5105531.714285715
342359,2026-08-04,354693.4,374408.3333333333,354693.4,374408.3333333333
342360,2026-08-04,2133945.15,3217421.396825397,2133945.15,3217421.396825397
342467,2026-08-04,1768361.75,2057993.5555555555,1768361.75,2057993.5555555555
342519,2026-08-04,229975.55,335277.04761904763,229975.55,335277.04761904763
342520,2026-08-04,873828.5,1425272.888888889,873828.5,1425272.888888889
342531,2026-08-04,278085.45,379562.1111111111,278085.45,379562.1111111111
342566,2026-08-04,2200567.95,2604919.380952381,2200567.95,2604919.380952381
342573,2026-08-04,3447080.65,5480892.746031746,3447080.65,5480892.746031746
342628,2026-08-04,359270.0,267995.873015873,359270.0,267995.873015873
342629,2026-08-04,1716590.8,1992810.1746031747,1716590.8,1992810.1746031747
342630,2026-08-04,1884467.35,2408368.095238095,1884467.35,2408368.095238095
342631,2026-08-04,649262.7,671703.6349206349,649262.7,671703.6349206349
342633,2026-08-04,751686.6,1385944.396825397,751686.6,1385944.396825397
342636,2026-08-04,58007.75,65213.079365079364,58007.75,65213.079365079364
342723,2026-08-04,1255359.7,1901282.365079365,1255359.7,1901282.365079365
342770,2026-08-04,10319385.75,10527510.746031746,10319385.75,10527510.746031746
342772,2026-08-04,1008953.7,1443259.507936508,1008953.7,1443259.507936508
342820,2026-08-04,21154535.95,26907012.38095238,21154535.95,26907012.38095238
342823,2026-08-04,574491.95,986554.3015873015,574491.95,986554.3015873015
342877,2026-08-04,866871.6,1140267.238095238,866871.6,1140267.238095238
342878,2026-08-04,785217.15,1495433.2857142857,785217.15,1495433.2857142857
342879,2026-08-04,965678.25,1119657.3015873015,965678.25,1119657.3015873015
342884,2026-08-04,3137666.9,3993485.26984127,3137666.9,3993485.26984127
342915,2026-08-04,1479607.6,1439724.0,1479607.6,1439724.0
342937,2026-08-04,1625636.05,2288092.6507936507,1625636.05,2288092.6507936507
343118,2026-08-04,682883.65,826767.2222222222,682883.65,826767.2222222222
343120,2026-08-04,2974364.05,4473260.984126984,2974364.05,4473260.984126984
343219,2026-08-04,1075681.4,1225545.9523809524,1075681.4,1225545.9523809524
343746,2026-08-04,67427.55,117252.73015873016,67427.55,117252.73015873016
343833,2026-08-04,665533.2,652656.7936507936,665533.2,652656.7936507936
343924,2026-08-04,693450.15,1061103.126984127,693450.15,1061103.126984127
343990,2026-08-04,422624.65,500264.2698412698,422624.65,500264.2698412698
344073,2026-08-04,169765.1,994838.5238095238,169765.1,994838.5238095238
344199,2026-08-04,2696525.3,2706607.1587301586,2696525.3,2706607.1587301586
344245,2026-08-04,552171.95,801710.3174603175,552171.95,801710.3174603175
344246,2026-08-04,3937424.45,5456463.365079365,3937424.45,5456463.365079365
344247,2026-08-04,2584551.65,3594851.587301587,2584551.65,3594851.587301587
344249,2026-08-04,1682472.0,1631868.4285714286,1682472.0,1631868.4285714286
344320,2026-08-04,393747.8,342978.44444444444,393747.8,342978.44444444444
344322,2026-08-04,32975.55,62046.666666666664,32975.55,62046.666666666664
344507,2026-08-04,9966138.45,12870741.07936508,9966138.45,12870741.07936508
344512,2026-08-04,15670676.35,17374956.936507937,15670676.35,17374956.936507937
344567,2026-08-04,2618342.0,4516510.888888889,2618342.0,4516510.888888889
344713,2026-08-04,1912528.75,2626786.761904762,1912528.75,2626786.761904762
344770,2026-08-04,2428775.75,3290873.9365079366,2428775.75,3290873.9365079366
344842,2026-08-04,4671709.95,4729733.634920635,4671709.95,4729733.634920635
344845,2026-08-04,424990.5,680780.4761904762,424990.5,680780.4761904762
344915,2026-08-04,290752.35,345823.5238095238,290752.35,345823.5238095238
344920,2026-08-04,1081804.15,1284365.8095238095,1081804.15,1284365.8095238095
345187,2026-08-04,2693061.4,3197211.507936508,2693061.4,3197211.507936508
345208,2026-08-04,122045.1,163028.60317460317,122045.1,163028.60317460317
345365,2026-08-04,1635113.05,1419828.2857142857,1635113.05,1419828.2857142857
345366,2026-08-04,1255193.65,1341109.9682539683,1255193.65,1341109.9682539683
345369,2026-08-04,4124378.5,5508548.349206349,4124378.5,5508548.349206349
345449,2026-08-04,7526.15,8481.285714285714,7526.15,8481.285714285714
345496,2026-08-04,419069.65,796837.6031746032,419069.65,796837.6031746032
345609,2026-08-04,540027.65,635795.7777777778,540027.65,635795.7777777778
345612,2026-08-04,1031587.75,1630581.3333333333,1031587.75,1630581.3333333333
345615,2026-08-04,1220838.1,1179982.9841269841,1220838.1,1179982.9841269841
345800,2026-08-04,630799.2,1023403.7301587302,630799.2,1023403.7301587302
345824,2026-08-04,4054624.85,4450682.333333333,4054624.85,4450682.333333333
345849,2026-08-04,3829238.65,4748843.650793651,3829238.65,4748843.650793651
345850,2026-08-04,7598818.85,11993241.095238095,7598818.85,11993241.095238095
345919,2026-08-04,475060.25,486756.7619047619,475060.25,486756.7619047619
345922,2026-08-04,608086.5,1139584.619047619,608086.5,1139584.619047619
345925,2026-08-04,438662.5,643138.2222222222,438662.5,643138.2222222222
345951,2026-08-04,1235254.1,1164752.3174603174,1235254.1,1164752.3174603174
346006,2026-08-04,289404.75,295440.34920634923,289404.75,295440.34920634923
346066,2026-08-04,626397.55,661780.9365079365,626397.55,661780.9365079365
346113,2026-08-04,1117447.4,1362064.873015873,1117447.4,1362064.873015873
346115,2026-08-04,540744.0,889846.5555555555,540744.0,889846.5555555555
346158,2026-08-04,323980.1,401174.8253968254,323980.1,401174.8253968254
346371,2026-08-04,129507.7,117372.98412698413,129507.7,117372.98412698413
346373,2026-08-04,1779149.7,1756783.492063492,1779149.7,1756783.492063492
346408,2026-08-04,35337152.05,34503239.20634921,35337152.05,34503239.20634921
346418,2026-08-04,101247.25,173840.5873015873,101247.25,173840.5873015873
346421,2026-08-04,8946665.35,14473443.793650793,8946665.35,14473443.793650793
346493,2026-08-04,2650787.05,3696092.0634920634,2650787.05,3696092.0634920634
346501,2026-08-04,1024971.15,1064852.3015873015,1024971.15,1064852.3015873015
347764,2026-08-04,9328431.0,13369914.714285715,9328431.0,13369914.714285715
347771,2026-08-04,2400757.95,2811576.5714285714,2400757.95,2811576.5714285714
347773,2026-08-04,46984118.5,49708812.365079366,46984118.5,49708812.365079366
347878,2026-08-04,5985579.9,5972743.968253968,5985579.9,5972743.968253968
347951,2026-08-04,28973.15,30291.698412698413,28973.15,30291.698412698413
348295,2026-08-04,1788964.35,2212494.9682539683,1788964.35,2212494.9682539683
348629,2026-08-04,203883.15,395327.95238095237,203883.15,395327.95238095237
348753,2026-08-04,151097.3,164711.15873015873,151097.3,164711.15873015873
348774,2026-08-04,5806893.35,6595265.746031746,5806893.35,6595265.746031746
348839,2026-08-04,103951476.4,74037764.73015873,103951476.4,74037764.73015873
348841,2026-08-04,120050.8,211055.85714285713,120050.8,211055.85714285713
349070,2026-08-04,219145.1,184237.7619047619,256847.44512833058,215934.54948981176
349071,2026-08-04,445082.4,601472.9365079365,445082.4,601472.9365079365
349072,2026-08-04,552445.75,935613.8888888889,552445.75,935613.8888888889
349143,2026-08-04,6115685.65,16228416.442307692,6115685.65,16228416.442307692
349257,2026-08-04,5411623.35,6118503.031746032,5411623.35,6118503.031746032
349384,2026-08-04,1721172.25,1774431.4285714286,1721172.25,1774431.4285714286
349540,2026-08-04,1185894.0,1231342.9047619049,1185894.0,1231342.9047619049
349778,2026-08-04,2481552.588235294,2481552.588235294,2481552.588235294,2481552.588235294
349925,2026-08-04,320160.15,430054.126984127,320160.1499999991,430054.12698412745
350100,2026-08-04,7462614.1,8259015.666666667,7462614.1,8259015.666666667
350129,2026-08-04,1817718.95,1607540.492063492,1817718.95,1607540.492063492
350186,2026-08-04,121831.1,115264.67741935483,121831.1,115264.67741935483
350251,2026-08-04,830192.8,1073644.90625,830192.8,1073644.90625
350311,2026-08-04,2093339.25,2281709.603174603,2093339.25,2281709.603174603
350459,2026-08-04,2715826.5,3664823.4444444445,2715826.5,3664823.4444444445
350617,2026-08-04,126697.45,101167.12765957447,126697.45,101167.12765957447
350664,2026-08-04,485748.0,636543.3888888889,485748.0,636543.3888888889
350719,2026-08-04,5878961.8,8201816.952380952,5878961.8,8201816.952380952
350814,2026-08-04,1284959.6,1247784.634920635,1284959.6,1247784.634920635
350847,2026-08-04,1592238.2,1616725.0476190476,1592238.2,1616725.0476190476
352027,2026-08-04,258237.75,304601.25396825396,258237.75,304601.25396825396
352031,2026-08-04,57946.6,73010.60317460318,57946.6,73010.60317460318
352061,2026-08-04,6071686.45,7328479.079365079,6071686.45,7328479.079365079
352236,2026-08-04,51453.05,73214.93650793651,51453.05,73214.93650793651
352525,2026-08-04,35843.05,22801.93650793651,35843.05,22801.93650793651
352733,2026-08-04,2514891.0,3427099.26984127,2514891.0,3427099.26984127
353154,2026-08-04,657718.95,737346.0634920635,657718.95,737346.0634920635
353606,2026-08-04,1201236.2,2551134.412698413,1201236.2,2551134.412698413
353716,2026-08-04,1291011.9,1477527.0,1291011.9,1477527.0
353719,2026-08-04,617841.05,698401.7936507936,617841.05,698401.7936507936
353971,2026-08-04,272649.65,358037.3968253968,272649.65,358037.3968253968
354493,2026-08-04,34595290.15,29706058.19047619,34595290.15,29706058.19047619
354518,2026-08-04,167572.75,202919.0634920635,167572.75,202919.0634920635
354723,2026-08-04,61102.75,63185.36507936508,61102.75,63185.36507936508
354767,2026-08-04,1489040.6,1461799.0793650793,1489040.6,1461799.0793650793
355698,2026-08-04,3949424.65,6217567.857142857,3949424.65,6217567.857142857
355809,2026-08-04,2037019.45,2177724.396825397,2037019.45,2177724.396825397
355892,2026-08-04,13331364.5,17859850.873015873,13331364.5,17859850.873015873
356326,2026-08-04,112841.3,203727.11111111112,112841.3,203727.11111111112
356623,2026-08-04,8415.95,12013.63492063492,8415.95,12013.63492063492
356690,2026-08-04,1284150.1,1133797.2063492064,1284150.1,1133797.2063492064
356725,2026-08-04,301404.5,264448.92063492065,301404.5,264448.92063492065
357118,2026-08-04,8732724.8,11605744.26984127,8732724.8,11605744.26984127
357126,2026-08-04,604104.05,733339.4920634921,604104.05,733339.4920634921
357766,2026-08-04,4048077.6,5533936.253968254,4048077.6,5533936.253968254
357770,2026-08-04,5776815.55,8075404.857142857,5776815.55,8075404.857142857
357878,2026-08-04,47397.65,34343.09523809524,47397.65,34343.09523809524
357981,2026-08-04,74791.9,120313.6507936508,74791.9,120313.6507936508
358180,2026-08-04,333791.4,476549.1111111111,333791.4,476549.1111111111
358205,2026-08-04,2001405.85,2890742.26984127,2001405.85,2890742.26984127
358352,2026-08-04,293601.9,180765.33333333334,293601.9,180765.33333333334
358708,2026-08-04,3635579.95,3367408.714285714,3635579.95,3367408.714285714
358837,2026-08-04,8459705.75,7048012.777777778,8459705.75,7048012.777777778
358930,2026-08-04,2024053.9,2412776.6507936507,2024053.9,2412776.6507936507
359097,2026-08-04,7722.3,7212.063492063492,7722.3,7212.063492063492
359120,2026-08-04,4058428.0,5044953.666666667,4058428.0,5044953.666666667
359145,2026-08-04,841132.55,1011254.8095238095,841132.55,1011254.8095238095
359340,2026-08-04,549132.7,1097125.9523809524,549132.7,1097125.9523809524
359692,2026-08-04,667730.55,820257.4126984127,667730.55,820257.4126984127
359752,2026-08-04,2307386.05,2862837.301587302,2307386.05,2862837.301587302
360035,2026-08-04,1932685.7,3293898.476190476,1932685.7,3293898.476190476
360151,2026-08-04,6039511.15,5358783.063492063,6039511.15,5358783.063492063
360681,2026-08-04,498681.2,525692.9206349206,498681.2,525692.9206349206
360739,2026-08-04,441428.7,526517.2380952381,441428.7,526517.2380952381
360950,2026-08-04,115862.55,188987.19047619047,115862.55,188987.19047619047
361071,2026-08-04,2651167.0,4154166.5396825396,2651167.0,4154166.5396825396
361072,2026-08-04,572332.95,731796.7619047619,572332.95,731796.7619047619
361194,2026-08-04,1612860.8,1854452.1587301588,1612860.8,1854452.1587301588
361195,2026-08-04,3282826.0,3227718.1587301586,3282826.0,3227718.1587301586
361212,2026-08-04,704479.55,1427116.1904761905,704479.55,1427116.1904761905
361732,2026-08-04,3601760.2,3480560.603174603,3601760.2,3480560.603174603
363049,2026-08-04,511621.6,518003.68253968254,511621.6,518003.68253968254
363621,2026-08-04,360797.65,489804.31746031746,360797.65,489804.31746031746
363882,2026-08-04,19798075.95,21078437.34920635,19798075.95,21078437.34920635
364326,2026-08-04,14569599.9,17152898.301587302,14569599.9,17152898.301587302
364383,2026-08-04,563426.1,834385.2380952381,563426.1,834385.2380952381
364488,2026-08-04,587497.9,595727.619047619,587497.9,595727.619047619
364519,2026-08-04,683192.85,828128.8888888889,683192.85,828128.8888888889
364704,2026-08-04,868974.45,1232995.0476190476,868974.45,1232995.0476190476
364783,2026-08-04,3429246.6,3336182.873015873,3429246.6,3336182.873015873
364985,2026-08-04,1568126.85,1517843.888888889,1568126.85,1517843.888888889
365179,2026-08-04,760254.15,1001340.253968254,760254.15,1001340.253968254
365180,2026-08-04,313898.65,423196.2698412698,313898.65,423196.2698412698
365181,2026-08-04,1728990.85,2050491.7777777778,1728990.85,2050491.7777777778
365304,2026-08-04,342323.25,383224.8888888889,342323.25,383224.8888888889
365577,2026-08-04,1229324.2,2619561.984126984,1229324.2,2619561.984126984
365578,2026-08-04,995797.05,1092534.5238095238,995797.05,1092534.5238095238
365644,2026-08-04,10398328.75,14391896.222222222,10398328.75,14391896.222222222
365706,2026-08-04,725018.65,1468350.0,725018.65,1468350.0
365930,2026-08-04,1612527.35,2102432.412698413,1612527.35,2102432.412698413
366217,2026-08-04,304656.5,308587.8253968254,304656.5,308587.8253968254
366225,2026-08-04,448087.95,767108.380952381,448087.95,767108.380952381
366529,2026-08-04,575393.75,662584.0476190476,575393.75,662584.0476190469
366708,2026-08-04,143802.75,147101.7142857143,143802.75,147101.7142857143
366834,2026-08-04,6470588.7,10311966.301587302,6470588.7,10311966.301587302
366874,2026-08-04,796257.75,2063568.873015873,796257.75,2063568.873015873
366971,2026-08-04,3597793.2,4259432.19047619,3597793.2,4259432.19047619
367002,2026-08-04,4384062.05,6494270.047619048,4384062.05,6494270.047619048
367009,2026-08-04,26825.0,44016.09523809524,26825.0,44016.09523809524
367241,2026-08-04,222598.95,112611.52380952382,222598.95,112611.52380952382
367252,2026-08-04,1192632.6,1571033.603174603,1192632.6,1571033.603174603
367253,2026-08-04,1775205.05,2252857.238095238,1775205.05,2252857.238095238
367496,2026-08-04,1457790.25,2345469.761904762,1457790.25,2345469.761904762
367599,2026-08-04,571276.2,739821.9523809524,571276.2,739821.9523809524
367822,2026-08-04,237940.45,378881.04761904763,237940.45,378881.04761904763
368058,2026-08-04,137895.0,152785.87301587302,137895.00000000017,152785.8730158726
368119,2026-08-04,935371.5,899538.9523809524,935371.5,899538.9523809524
368279,2026-08-04,461925.1,482896.5238095238,461925.1,482896.5238095238
368450,2026-08-04,6234395.9,10811016.841269841,6234395.9,10811016.841269841
369200,2026-08-04,239361.25,291709.6349206349,239361.25,291709.6349206349
369580,2026-08-04,101548.8,153287.6349206349,101548.8,153287.6349206349
369880,2026-08-04,2112984.85,2165145.0317460317,2112984.85,2165145.0317460317
369883,2026-08-04,350950.65,281502.31746031746,350950.65,281502.31746031746
370034,2026-08-04,9418.0,9418.0,9418.0,9418.0
370089,2026-08-04,50595.4,76556.03174603175,50595.4,76556.03174603175
370353,2026-08-04,458519.6,557489.6666666666,458519.6,557489.6666666666
370363,2026-08-04,13142888.4,13914173.365079366,13142888.4,13914173.365079366
370390,2026-08-04,940441.55,1048818.111111111,940441.55,1048818.111111111
370396,2026-08-04,190026.2,207450.42857142858,190026.2,207450.42857142858
370417,2026-08-04,518523.1,555655.7301587302,518523.1,555655.7301587302
370423,2026-08-04,4720564.95,3789652.507936508,4720564.95,3789652.507936508
370522,2026-08-04,3728197.35,4245291.158730159,3728197.35,4245291.158730159
370561,2026-08-04,560850.9,501951.15873015876,560850.9,501951.15873015876
370643,2026-08-04,2219903.1,3226197.1587301586,2219903.1,3226197.1587301586
370661,2026-08-04,1079287.2,1046584.0634920635,1079287.2,1046584.0634920635
370690,2026-08-04,546618.05,710013.3492063492,546618.05,710013.3492063492
370701,2026-08-04,359898.1,416406.8253968254,359898.1,416406.8253968254
371064,2026-08-04,3376614.75,5867606.650793651,3376614.75,5867606.650793651
371248,2026-08-04,3088392.45,4676980.174603174,3088392.45,4676980.174603174
371480,2026-08-04,4572300.45,5898710.507936508,4572300.45,5898710.507936508
371512,2026-08-04,5989824.25,5338726.587301588,5989824.25,5338726.587301588
371554,2026-08-04,135565.65,282408.7301587302,135565.65,282408.7301587302
371706,2026-08-04,51820.05,56408.5,51820.05,56408.5
371731,2026-08-04,1084826.25,1684726.0476190476,1084826.25,1684726.0476190476
371776,2026-08-04,2881202.8,2862345.523809524,2881202.8,2862345.523809524
371852,2026-08-04,256364.35,304315.8095238095,256364.35,304315.8095238095
371969,2026-08-04,873265.75,946946.253968254,873265.75,946946.253968254
371995,2026-08-04,927477.9,1007702.1428571428,927477.9,1007702.1428571428
372102,2026-08-04,156003.9,241877.50793650793,156003.9,241877.50793650793
372116,2026-08-04,232945.65,209052.9365079365,232945.65,209052.9365079365
372117,2026-08-04,1874669.85,1696825.650793651,1874669.85,1696825.650793651
372293,2026-08-04,686990.95,914979.5873015873,686990.95,914979.5873015873
372302,2026-08-04,2443494.1,3562675.9523809524,2443494.1,3562675.9523809524
372303,2026-08-04,616456.6,776999.5555555555,616456.6,776999.5555555555
372423,2026-08-04,1897015.6,2905129.3174603176,1897015.6,2905129.3174603176
372583,2026-08-04,2114643.5,2772655.0634920634,2114643.5,2772655.0634920634
372600,2026-08-04,26155.2,24040.619047619046,26155.2,24040.619047619046
372602,2026-08-04,203401.25,320999.15873015876,203401.25,320999.15873015876
372909,2026-08-04,251547.95,226003.2380952381,251547.95,226003.2380952381
373124,2026-08-04,263899.7,372228.01587301586,263899.7,372228.01587301586
373282,2026-08-04,569991.65,733316.2222222222,569991.65,733316.2222222222
373314,2026-08-04,2789247.75,2695244.746031746,2789247.75,2695244.746031746
373317,2026-08-04,355275.0,367884.5714285714,355275.0,367884.5714285714
373454,2026-08-04,5170552.7,6505134.936507937,5170552.7,6505134.936507937
373667,2026-08-04,511078.0,668778.0158730159,511078.0,668778.0158730159
373751,2026-08-04,362204.8,346843.1111111111,362204.8,346843.1111111111
373776,2026-08-04,131675.25,210673.44444444444,131675.25,210673.44444444444
373821,2026-08-04,1202362.85,1302917.4761904762,1202362.85,1302917.4761904762
373835,2026-08-04,241156.15,349329.0317460318,241156.15,349329.0317460318
374297,2026-08-04,134910.45,210306.19047619047,134910.45,210306.19047619047
374300,2026-08-04,523943.9,554873.6507936508,523943.9,554873.6507936508
374561,2026-08-04,791653.2,965491.380952381,791653.2,965491.380952381
374571,2026-08-04,989007.9,1050510.9047619049,989007.9,1050510.9047619049
374692,2026-08-04,48991.8,64281.8253968254,48991.8,64281.8253968254
374909,2026-08-04,1635849.25,1444030.0317460317,1635849.25,1444030.0317460317
375687,2026-08-04,734208.95,856002.1587301587,734208.95,856002.1587301587
375694,2026-08-04,510380.95,697063.8888888889,510380.95,697063.8888888889
375697,2026-08-04,772094.15,780411.380952381,772094.15,780411.380952381
376020,2026-08-04,44876.8,43762.346153846156,44876.8,43762.346153846156
376033,2026-08-04,794039.55,843688.8412698413,794039.55,843688.8412698413
376036,2026-08-04,298940.55,408746.09523809527,298940.55,408746.09523809527
376037,2026-08-04,1308943.4,786002.873015873,1308943.4,786002.873015873
376061,2026-08-04,86473.15,102396.11111111111,86473.15,102396.11111111111
376130,2026-08-04,1683526.35,2048666.0793650793,1683526.35,2048666.0793650793
376149,2026-08-04,1377087.4,1197101.6666666667,1377087.4,1197101.6666666667
376205,2026-08-04,3132200.1,3895613.523809524,3132200.1,3895613.523809524
376207,2026-08-04,170621.25,169877.19047619047,170621.25,169877.19047619047
376277,2026-08-04,27190.35,15441.222222222223,27190.35,15441.222222222223
376279,2026-08-04,126737.6,178288.92063492062,126737.6,178288.92063492062
376385,2026-08-04,463333.3,832045.2222222222,463333.3,832045.2222222222
376415,2026-08-04,2225009.3,2823720.253968254,2225009.3,2823720.253968254
376435,2026-08-04,344953.25,365361.49206349207,344953.25,365361.49206349207
376437,2026-08-04,521664.6,595288.0158730159,521664.6,595288.0158730159
376441,2026-08-04,188115.4,196095.52380952382,188115.4,196095.52380952382
376676,2026-08-04,66013.3,84549.20634920635,66013.3,84549.20634920635
376716,2026-08-04,985388.75,1468949.0476190476,985388.75,1468949.0476190476
376752,2026-08-04,366258.1,395897.1746031746,366258.1,395897.1746031746
376760,2026-08-04,1997654.95,2623063.1746031744,1997654.95,2623063.1746031744
376785,2026-08-04,12998.4,13120.447368421053,12998.4,13120.447368421053
376909,2026-08-04,569267.15,651138.2857142857,569267.15,651138.2857142857
377451,2026-08-04,49559.35,56388.39682539683,49559.35,56388.39682539683
377605,2026-08-04,3448488.95,4425872.634920635,3448488.95,4425872.634920635
377691,2026-08-04,1424961.25,2549371.253968254,1424961.25,2549371.253968254
377730,2026-08-04,454711.85,660812.6825396825,454711.85,660812.6825396825
377744,2026-08-04,395986.15,481702.61904761905,395986.15,481702.61904761905
377908,2026-08-04,36266.95,77319.46031746031,36266.95,77319.46031746031
378032,2026-08-04,1376697.45,1626267.857142857,1376697.45,1626267.857142857
378088,2026-08-04,1041797.1,1261989.1746031747,1041797.1,1261989.1746031747
378473,2026-08-04,1713014.75,1850480.3174603174,1713014.75,1850480.3174603174
378574,2026-08-04,87765.6,96887.92063492064,87765.6,96887.92063492064
378825,2026-08-04,495785.15,722296.126984127,495785.15,722296.126984127
378859,2026-08-04,1197550.9,1679711.7936507936,1197550.9,1679711.7936507936
379038,2026-08-04,16538598.0,15883284.873015873,16538598.0,15883284.873015873
379074,2026-08-04,1226326.05,1241059.380952381,1226326.05,1241059.380952381
379163,2026-08-04,1413827.45,1064583.0317460317,1413827.45,1064583.0317460317
379184,2026-08-04,304578.5,408500.34920634923,304578.5,408500.34920634923
379200,2026-08-04,437898.0,576302.9047619047,437898.0,576302.9047619047
379423,2026-08-04,266845.0,281601.9365079365,266845.0,281601.9365079365
379425,2026-08-04,592700.4,478323.31746031746,592700.4,478323.31746031746
379598,2026-08-04,3772212.55,3521841.9206349207,3772212.55,3521841.9206349207
379631,2026-08-04,3864842.8,4516116.349206349,3864842.8,4516116.349206349
379661,2026-08-04,195946.5,177056.92063492062,195946.5,177056.92063492062
379790,2026-08-04,44838.75,40516.74603174603,44838.75,40516.74603174603
379905,2026-08-04,16398218.4,13840016.317460317,16398218.4,13840016.317460317
380064,2026-08-04,141405.8,177112.15873015873,141405.8,177112.15873015873
380195,2026-08-04,410844.4,369049.2380952381,410844.4,369049.2380952381
380955,2026-08-04,26980637.9,29314369.476190478,26980637.9,29314369.476190478
380996,2026-08-04,696432.4,1228715.650793651,696432.4,1228715.650793651
381058,2026-08-04,759097.8,717265.3015873015,759097.8,717265.3015873015
381468,2026-08-04,419420.75,666615.3492063492,419420.75,666615.3492063492
381500,2026-08-04,83169.55,76607.56,83169.55,76607.56
381874,2026-08-04,29924.85,40749.079365079364,29924.85,40749.079365079364
381978,2026-08-04,1348814.3,1089757.857142857,1348814.3,1089757.857142857
382165,2026-08-04,70680.75,59174.68253968254,70680.75,59174.68253968254
382232,2026-08-04,87537.95,121874.84126984127,87537.95,121874.84126984127
382388,2026-08-04,146944.75,160517.77777777778,146944.75,160517.77777777778
382389,2026-08-04,14972.15,17823.74603174603,14972.15,17823.74603174603
382557,2026-08-04,38957.85,38815.333333333336,38957.85,38815.333333333336
382748,2026-08-04,1594388.0,2012433.3333333333,1594388.0,2012433.3333333333
382749,2026-08-04,921673.15,1198641.4126984128,921673.15,1198641.4126984128
383210,2026-08-04,12580502.8,14860833.857142856,12580502.8,14860833.857142856
383221,2026-08-04,62609.95,90674.87301587302,62609.95,90674.87301587302
383248,2026-08-04,1212394.4,1231925.9841269841,1212394.4,1231925.9841269841
383282,2026-08-04,46397.75,91635.12698412698,46397.75,91635.12698412698
383286,2026-08-04,846792.15,1144249.746031746,846792.15,1144249.746031746
383361,2026-08-04,72962.35,70989.8253968254,72962.35,70989.8253968254
383363,2026-08-04,1616412.3,2412361.8095238097,1616412.3,2412361.8095238097
383407,2026-08-04,2397829.85,2372331.206349206,2397829.85,2372331.206349206
383421,2026-08-04,5253327.0,5669081.079365079,5253327.0,5669081.079365079
383443,2026-08-04,4761958.0,7277045.904761905,4761958.0,7277045.904761905
383453,2026-08-04,373919.35,531126.619047619,373919.35,531126.619047619
383602,2026-08-04,3779051.35,3367579.714285714,3779051.35,3367579.714285714
383605,2026-08-04,1160776.7,1267660.253968254,1160776.7,1267660.253968254
383854,2026-08-04,2724943.7,3004438.4603174604,2724943.7,3004438.4603174604
383898,2026-08-04,501693.9,506224.4655172414,501693.9,506224.4655172414
383900,2026-08-04,35533.6,49031.793650793654,35533.6,49031.793650793654
383977,2026-08-04,309635.7,306177.71428571426,309635.7,306177.71428571426
384028,2026-08-04,1859739.35,1868881.8253968253,1859739.35,1868881.8253968253
384133,2026-08-04,314705.0,283597.77777777775,314705.0,283597.77777777775
384215,2026-08-04,106720.6,145709.0,106720.6,145709.0
384367,2026-08-04,9382318.9,16342878.158730159,9382318.9,16342878.158730159
384648,2026-08-04,65898.55,101743.68253968254,65898.55,101743.68253968254
384969,2026-08-04,1460305.5,1544651.2698412698,1460305.5,1544651.2698412698
384971,2026-08-04,133160.5,170711.66666666666,133160.5,170711.66666666666
385013,2026-08-04,571797.3,716199.3650793651,571797.3,716199.3650793651
385014,2026-08-04,2436594.4,2024666.4761904762,2436594.4,2024666.4761904762
385063,2026-08-04,97557.55,60170.49206349206,97557.55,60170.49206349206
385159,2026-08-04,527730.6,747581.0634920635,527730.6,747581.0634920635
385181,2026-08-04,29114.0,52650.95238095238,29114.0,52650.95238095238
385210,2026-08-04,95453.85,114358.15873015873,95453.85,114358.15873015873
385213,2026-08-04,22969807.95,21704954.888888888,22969807.95,21704954.888888888
385252,2026-08-04,82259.1,108156.79365079365,82259.1,108156.79365079365
385445,2026-08-04,3385042.5,6725921.793650794,3385042.5,6725921.793650794
385448,2026-08-04,2754767.55,2493766.3333333335,2754767.55,2493766.3333333335
385482,2026-08-04,1080240.9,1463268.507936508,1080240.9,1463268.507936508
385602,2026-08-04,1420968.0,1635995.507936508,1420968.0,1635995.507936508
385635,2026-08-04,1202106.75,1917685.3333333333,1202106.75,1917685.3333333333
385792,2026-08-04,675425.4,622205.5714285715,675425.4,622205.5714285715
385979,2026-08-04,490654.29411764705,490654.29411764705,490654.29411764705,490654.29411764705
386603,2026-08-04,3684241.9,5387579.206349206,3684241.9,5387579.206349206
386669,2026-08-04,2849854.35,3833794.634920635,2849854.35,3833794.634920635
386671,2026-08-04,356567.0,285633.6984126984,356567.0,285633.6984126984
386700,2026-08-04,1512032.85,1578627.5714285714,1512032.85,1578627.5714285714
386701,2026-08-04,802110.25,1000301.3492063492,802110.25,1000301.3492063492
386711,2026-08-04,1092592.85,1910560.5238095238,1092592.85,1910560.5238095238
386745,2026-08-04,277771.4,593665.9047619047,277771.4,593665.9047619047
386899,2026-08-04,5686308.85,6818397.253968254,5686308.85,6818397.253968254
386900,2026-08-04,654716.8,1184643.0952380951,654716.8,1184643.0952380951
386955,2026-08-04,4678837.0,5696343.0,4678837.0,5696343.0
387014,2026-08-04,1785123.35,2068121.2698412698,1785123.35,2068121.2698412698
387336,2026-08-04,109391.55,124062.90476190476,109391.55,124062.90476190476
387471,2026-08-04,730959.2,689596.9302325582,730959.2,689596.9302325582
387533,2026-08-04,758048.95,946507.5555555555,758048.95,946507.5555555555
387563,2026-08-04,20137985.1,18947254.57142857,20137985.1,18947254.57142857
387592,2026-08-04,74533.3,76859.23809523809,74533.3,76859.23809523809
387887,2026-08-04,4066987.05,7358616.46031746,4066987.05,7358616.46031746
387911,2026-08-04,156054.45,118655.88888888889,156054.45,118655.88888888889
387915,2026-08-04,541888.75,631915.4444444445,541888.75,631915.4444444445
388010,2026-08-04,491667.65,388060.85714285716,491667.65,388060.85714285716
388208,2026-08-04,22342.0,28384.285714285714,22342.0,28384.285714285714
388398,2026-08-04,64116.55,45728.079365079364,64116.55,45728.079365079364
388587,2026-08-04,1538240.65,744381.2380952381,1538240.65,744381.2380952381
388715,2026-08-04,3613348.25,4437142.317460317,3613348.25,4437142.317460317
388717,2026-08-04,4122745.15,3118948.5555555555,4122745.15,3118948.5555555555
388803,2026-08-04,1955959.0,2079527.5396825396,1955959.0,2079527.5396825396
388873,2026-08-04,1356101.75,1645138.507936508,1356101.75,1645138.507936508
389000,2026-08-04,652643.35,793361.4761904762,652643.35,793361.4761904762
389013,2026-08-04,626550.9,756304.9841269841,626550.9,756304.9841269841
389241,2026-08-04,142836.1,222356.95238095237,142836.1,222356.95238095237
389444,2026-08-04,40176.6,76456.3492063492,40176.6,76456.3492063492
390033,2026-08-04,8851072.0,14124104.07936508,8851072.0,14124104.07936508
390348,2026-08-04,623541.85,672666.0793650794,623541.85,672666.0793650794
390417,2026-08-04,392398.05,780308.3064516129,392398.05,780308.3064516129
390510,2026-08-04,970988.85,1555941.2459016393,970988.85,1555941.2459016393
390650,2026-08-04,151748.95,302220.3728813559,151748.95,302220.3728813559
390681,2026-08-04,5304015.1,9610305.448275862,5304015.1,9610305.448275862
390686,2026-08-04,349586.8,354502.3448275862,349586.8,354502.3448275862
390748,2026-08-04,715303.75,2086426.0,715303.75,2086426.0
391245,2026-08-04,1602808.1,1958049.6333333333,1602808.1,1958049.6333333333
391388,2026-08-04,365946.25,444342.0232558139,365946.25,444342.0232558139
391958,2026-08-04,912312.45,1145139.4571428571,912312.45,1145139.4571428571
392059,2026-08-04,40179.85,42487.454545454544,40179.85,42487.454545454544
392065,2026-08-04,3871440.15,3524133.59375,3871440.15,3524133.59375
392153,2026-08-04,122092.30769230769,122092.30769230769,122092.30769230769,122092.30769230769
392181,2026-08-04,886137.1,755241.5333333333,886137.1,755241.5333333333
392199,2026-08-04,1528407.95,1420113.4666666666,1528407.95,1420113.4666666666
392253,2026-08-04,228212.6,255339.1,228212.6,255339.1
392428,2026-08-04,809226.4,760350.8846153846,809226.4,760350.8846153846
392465,2026-08-04,972748.65,956999.44,972748.65,956999.44
392466,2026-08-04,9917094.0,11266235.76,9917094.0,11266235.76
392489,2026-08-04,284434.7,324133.44,284434.7,324133.44
392529,2026-08-04,488926.35,517231.9583333333,488926.35,517231.9583333333
392542,2026-08-04,116988.25,116184.54166666667,116988.25,116184.54166666667
392543,2026-08-04,72750.15,77724.41666666667,72750.15,77724.41666666667
392711,2026-08-04,302979.65,291680.4285714286,302979.65,291680.4285714286
392726,2026-08-04,2194904.9,2200170.3333333335,2194904.9,2200170.3333333335
392777,2026-08-04,95450.8,95450.8,95450.8,95450.8
392783,2026-08-04,594014.55,594014.55,594014.55,594014.55
393155,2026-08-04,580884.0833333334,580884.0833333334,580884.0833333334,580884.0833333334
393290,2026-08-04,105301.2,105301.2,105301.2,105301.2
393310,2026-08-04,460808.6,460808.6,460808.6,460808.6
393363,2026-08-04,2120965.111111111,2120965.111111111,2120965.111111111,2120965.111111111
394736,2026-08-04,1008250.8,1008250.8,1008250.8,1008250.8
395123,2026-08-04,855989.0,855989.0,855989.0,855989.0
