security_id,in_parquet,in_pkl,active_in_jul_2026,parquet_col,pkl_col
136431,True,True,True,2102.0,2675
136643,True,True,True,2104.0,2678
136743,True,True,True,2107.0,2682
136748,True,True,True,2108.0,2683
137115,True,True,True,2111.0,2687
137341,True,True,True,2120.0,2697
137411,True,True,True,2121.0,2699
137887,True,True,True,2123.0,2701
138373,True,True,True,2132.0,2711
138494,True,True,True,2136.0,2715
139032,True,True,True,2137.0,2718
139836,True,True,True,2145.0,2728
139857,True,True,True,2146.0,2729
140095,True,True,True,2151.0,2737
140169,True,True,True,2153.0,2739
140201,True,True,True,2155.0,2741
140224,True,True,True,2156.0,2742
147424,True,True,True,2158.0,2744
147427,True,True,True,2159.0,2745
147429,True,True,True,2160.0,2746
147746,True,True,True,2169.0,2755
147750,True,True,True,2170.0,2756
147786,True,True,True,2171.0,2757
147787,True,True,True,2172.0,2758
148533,True,True,True,2175.0,2763
148710,True,True,True,2176.0,2764
149055,True,True,True,2179.0,2770
149659,True,True,True,2182.0,2773
149690,True,True,True,2184.0,2775
149752,True,True,True,2186.0,2777
149782,True,True,True,2188.0,2779
150187,True,True,True,2191.0,2786
150254,True,True,True,2193.0,2788
151431,True,True,True,2194.0,2789
151798,True,True,True,2196.0,2791
151923,True,True,True,2198.0,2793
152751,True,True,True,2201.0,2797
153004,True,True,True,2205.0,2801
153451,True,True,True,2209.0,2807
153452,True,True,True,2210.0,2808
153495,True,True,True,2212.0,2811
169130,True,True,True,2213.0,2813
169204,True,True,True,2214.0,2815
170478,True,True,True,2216.0,2821
170967,True,True,True,2218.0,2825
174045,True,True,True,2220.0,2827
182723,True,True,True,2221.0,2828
196789,True,True,True,2226.0,2836
205864,True,True,True,2230.0,2840
209869,True,True,True,2232.0,2842
213845,True,True,True,2237.0,2850
213945,True,True,True,2241.0,2854
214872,True,True,True,2245.0,2858
215062,True,True,True,2247.0,2860
215556,True,True,True,2250.0,2864
216044,True,True,True,2252.0,2867
216197,True,True,True,2253.0,2868
216209,True,True,True,2254.0,2869
216562,True,True,True,2255.0,2870
217232,True,True,True,2257.0,2872
217737,True,True,True,2258.0,2873
217855,True,True,True,2260.0,2875
218471,True,True,True,2264.0,2881
228976,True,True,True,2269.0,2889
228982,True,True,True,2270.0,2890
229000,True,True,True,2271.0,2891
229001,True,True,True,2272.0,2892
229496,True,True,True,2274.0,2895
230039,True,True,True,2277.0,2899
230040,True,True,True,2278.0,2900
230074,True,True,True,2279.0,2901
230093,True,True,True,2281.0,2903
230189,True,True,True,2282.0,2904
230233,True,True,True,2283.0,2905
230289,True,True,True,2285.0,2907
230574,True,True,True,2286.0,2908
230821,True,True,True,2290.0,2912
230971,True,True,True,2293.0,2917
231025,True,True,True,2294.0,2918
231323,True,True,True,2298.0,2924
231337,True,True,True,2299.0,2925
232337,True,True,True,2305.0,2933
234475,True,True,True,2306.0,2934
234659,True,True,True,2310.0,2939
234679,True,True,True,2312.0,2941
234767,True,True,True,2313.0,2942
235005,True,True,True,2316.0,2946
235089,True,True,True,2317.0,2947
241195,True,True,True,2321.0,2952
241473,True,True,True,2324.0,2956
241600,True,True,True,2327.0,2959
242608,True,True,True,2332.0,2968
242627,True,True,True,2333.0,2969
242655,True,True,True,2334.0,2970
242870,True,True,True,2337.0,2974
243193,True,True,True,2343.0,2981
243265,True,True,True,2346.0,2984
243505,True,True,True,2353.0,2991
243526,True,True,True,2354.0,2992
243544,True,True,True,2355.0,2993
244033,True,True,True,2359.0,2998
244403,True,True,True,2365.0,3007
244407,True,True,True,2366.0,3008
247036,True,True,True,2371.0,3016
248046,True,True,True,2375.0,3020
248049,True,True,True,2377.0,3022
248823,True,True,True,2379.0,3024
249020,True,True,True,2385.0,3030
249420,True,True,True,2387.0,3032
249641,True,True,True,2388.0,3033
249919,True,True,True,2391.0,3036
250122,True,True,True,2394.0,3039
250329,True,True,True,2396.0,3043
250625,True,True,True,2397.0,3044
250664,True,True,True,2398.0,3045
250829,True,True,True,2403.0,3051
251185,True,True,True,2409.0,3061
251186,True,True,True,2410.0,3062
251534,True,True,True,2414.0,3067
252173,True,True,True,2421.0,3080
254268,True,True,True,2425.0,3086
254453,True,True,True,2430.0,3093
255406,True,True,True,2435.0,3101
255914,True,True,True,2437.0,3105
255979,True,True,True,2439.0,3107
257167,True,True,True,2441.0,3112
257955,True,True,True,2443.0,3114
257991,True,True,True,2445.0,3116
258464,True,True,True,2450.0,3121
258717,True,True,True,2453.0,3127
258877,True,True,True,2458.0,3132
259401,True,True,True,2465.0,3139
259430,True,True,True,2466.0,3140
259497,True,True,True,2470.0,3144
259581,True,True,True,2473.0,3148
259632,True,True,True,2475.0,3150
259851,True,True,True,2479.0,3154
259974,True,True,True,2480.0,3156
260110,True,True,True,2482.0,3158
260365,True,True,True,2486.0,3162
260398,True,True,True,2487.0,3163
260534,True,True,True,2490.0,3166
260635,True,True,True,2494.0,3172
260654,True,True,True,2497.0,3175
260801,True,True,True,2502.0,3180
261113,True,True,True,2509.0,3189
261151,True,True,True,2511.0,3191
261267,True,True,True,2516.0,3198
261387,True,True,True,2517.0,3199
261481,True,True,True,2518.0,3202
261708,True,True,True,2519.0,3203
262026,True,True,True,2527.0,3213
262331,True,True,True,2530.0,3217
262346,True,True,True,2531.0,3218
262368,True,True,True,2533.0,3220
262597,True,True,True,2541.0,3228
262649,True,True,True,2542.0,3230
262670,True,True,True,2543.0,3231
262945,True,True,True,2545.0,3233
263154,True,True,True,2549.0,3238
263157,True,True,True,2551.0,3240
263280,True,True,True,2554.0,3243
263844,True,True,True,2562.0,3253
263875,True,True,True,2567.0,3258
263886,True,True,True,2568.0,3259
264126,True,True,True,2573.0,3266
264211,True,True,True,2574.0,3267
264410,True,True,True,2578.0,3272
264639,True,True,True,2579.0,3273
264656,True,True,True,2580.0,3274
264705,True,True,True,2582.0,3276
265027,True,True,True,2587.0,3283
265079,True,True,True,2588.0,3284
265148,True,True,True,2593.0,3289
265337,True,True,True,2595.0,3291
265414,True,True,True,2599.0,3295
265458,True,True,True,2600.0,3296
265592,True,True,True,2605.0,3301
265899,True,True,True,2606.0,3304
266302,True,True,True,2615.0,3315
266330,True,True,True,2616.0,3317
266371,True,True,True,2617.0,3320
266394,True,True,True,2619.0,3323
266459,True,True,True,2621.0,3325
266490,True,True,True,2623.0,3327
266563,True,True,True,2625.0,3330
266655,True,True,True,2627.0,3332
266666,True,True,True,2628.0,3333
266769,True,True,True,2632.0,3337
266770,True,True,True,2633.0,3338
266919,True,True,True,2638.0,3344
267035,True,True,True,2646.0,3354
267316,True,True,True,2651.0,3360
267386,True,True,True,2653.0,3362
267403,True,True,True,2654.0,3363
267416,True,True,True,2655.0,3364
267491,True,True,True,2657.0,3367
267521,True,True,True,2659.0,3371
267619,True,True,True,2663.0,3377
267837,True,True,True,2671.0,3385
267906,True,True,True,2674.0,3388
268002,True,True,True,2677.0,3392
268003,True,True,True,2678.0,3393
268066,True,True,True,2682.0,3399
268068,True,True,True,2683.0,3400
268082,True,True,True,2684.0,3401
268120,True,True,True,2687.0,3407
268153,True,True,True,2689.0,3410
268179,True,True,True,2690.0,3411
268479,True,True,True,2691.0,3414
268592,True,True,True,2701.0,3426
268606,True,True,True,2704.0,3430
268629,True,True,True,2706.0,3432
268677,True,True,True,2709.0,3435
268681,True,True,True,2711.0,3437
268900,True,True,True,2716.0,3447
268936,True,True,True,2719.0,3451
269012,True,True,True,2720.0,3452
269017,True,True,True,2721.0,3453
269020,True,True,True,2722.0,3454
269023,True,True,True,2723.0,3455
269086,True,True,True,2724.0,3457
269201,True,True,True,2726.0,3460
269353,True,True,True,2728.0,3463
269355,True,True,True,2730.0,3465
269356,True,True,True,2731.0,3466
269379,True,True,True,2732.0,3467
269420,True,True,True,2735.0,3470
269481,True,True,True,2738.0,3474
269508,True,True,True,2741.0,3479
269541,True,True,True,2742.0,3480
269638,True,True,True,2745.0,3484
269685,True,True,True,2749.0,3488
269706,True,True,True,2750.0,3489
269904,True,True,True,2755.0,3496
269980,True,True,True,2756.0,3497
270034,True,True,True,2757.0,3498
270061,True,True,True,2759.0,3500
270062,True,True,True,2760.0,3501
270171,True,True,True,2765.0,3508
270662,True,True,True,2770.0,3514
270767,True,True,True,2771.0,3515
270878,True,True,True,2772.0,3517
271295,True,True,True,2773.0,3519
272269,True,True,True,2774.0,3520
272789,True,True,True,2775.0,3522
273566,True,True,True,2776.0,3524
273772,True,True,True,2783.0,3531
273831,True,True,True,2787.0,3535
273879,True,True,True,2792.0,3541
273892,True,True,True,2793.0,3542
274008,True,True,True,2799.0,3549
274033,True,True,True,2801.0,3551
274120,True,True,True,2802.0,3552
274211,True,True,True,2804.0,3556
274681,True,True,True,2808.0,3563
274736,True,True,True,2809.0,3564
274778,True,True,True,2811.0,3567
274779,True,True,True,2812.0,3568
274808,True,True,True,2813.0,3570
274898,True,True,True,2818.0,3578
274924,True,True,True,2820.0,3582
274996,True,True,True,2821.0,3584
275041,True,True,True,2825.0,3589
275185,True,True,True,2832.0,3598
275224,True,True,True,2834.0,3601
275245,True,True,True,2836.0,3603
275280,True,True,True,2838.0,3606
275281,True,True,True,2839.0,3607
275485,True,True,True,2843.0,3614
275595,True,True,True,2847.0,3621
275908,True,True,True,2849.0,3624
276039,True,True,True,2855.0,3631
276083,True,True,True,2857.0,3633
276215,True,True,True,2861.0,3637
276380,True,True,True,2863.0,3639
276566,True,True,True,2869.0,3645
276567,True,True,True,2870.0,3646
276573,True,True,True,2873.0,3649
276609,True,True,True,2876.0,3652
276709,True,True,True,2882.0,3660
276766,True,True,True,2885.0,3663
276767,True,True,True,2886.0,3664
277212,True,True,True,2888.0,3672
277225,True,True,True,2889.0,3673
277226,True,True,True,2890.0,3674
277331,True,True,True,2897.0,3688
277335,True,True,True,2899.0,3691
277423,True,True,True,2901.0,3694
277431,True,True,True,2903.0,3698
277585,True,True,True,2910.0,3708
278145,True,True,True,2912.0,3712
278176,True,True,True,2913.0,3713
278225,True,True,True,2915.0,3715
278243,True,True,True,2916.0,3716
278295,True,True,True,2918.0,3718
278431,True,True,True,2925.0,3730
278567,True,True,True,2930.0,3736
278571,True,True,True,2931.0,3737
278788,True,True,True,2940.0,3746
278888,True,True,True,2942.0,3748
279021,True,True,True,2946.0,3754
279022,True,True,True,2947.0,3755
279107,True,True,True,2949.0,3760
279126,True,True,True,2951.0,3762
279180,True,True,True,2955.0,3766
279182,True,True,True,2956.0,3767
279267,True,True,True,2959.0,3771
279836,True,True,True,2972.0,3794
279859,True,True,True,2973.0,3796
279862,True,True,True,2974.0,3797
279902,True,True,True,2978.0,3801
280197,True,True,True,2984.0,3808
280248,True,True,True,2985.0,3809
280249,True,True,True,2986.0,3810
280257,True,True,True,2987.0,3811
280550,True,True,True,2988.0,3814
280623,True,True,True,2989.0,3815
280665,True,True,True,2993.0,3824
280684,True,True,True,2994.0,3826
280696,True,True,True,2995.0,3827
280752,True,True,True,2996.0,3828
281262,True,True,True,3000.0,3836
281545,True,True,True,3002.0,3841
281669,True,True,True,3004.0,3844
281809,True,True,True,3005.0,3846
281861,True,True,True,3007.0,3850
282039,True,True,True,3012.0,3856
282040,True,True,True,3013.0,3857
282041,True,True,True,3014.0,3858
282101,True,True,True,3015.0,3859
282185,True,True,True,3016.0,3860
282300,True,True,True,3017.0,3863
282343,True,True,True,3019.0,3865
282449,True,True,True,3021.0,3868
282602,True,True,True,3025.0,3874
282606,True,True,True,3026.0,3876
282629,True,True,True,3027.0,3877
282712,True,True,True,3029.0,3880
283365,True,True,True,3032.0,3884
283427,True,True,True,3033.0,3886
283583,True,True,True,3036.0,3891
283589,True,True,True,3037.0,3892
283661,True,True,True,3040.0,3896
283672,True,True,True,3042.0,3898
283713,True,True,True,3045.0,3902
283851,True,True,True,3051.0,3909
283856,True,True,True,3054.0,3913
283857,True,True,True,3055.0,3914
283887,True,True,True,3056.0,3915
283890,True,True,True,3058.0,3918
284029,True,True,True,3061.0,3922
284106,True,True,True,3062.0,3924
284109,True,True,True,3064.0,3926
284411,True,True,True,3067.0,3932
284500,True,True,True,3071.0,3938
284524,True,True,True,3073.0,3940
284546,True,True,True,3074.0,3941
284584,True,True,True,3075.0,3942
284799,True,True,True,3078.0,3948
284815,True,True,True,3080.0,3950
284902,True,True,True,3083.0,3953
285293,True,True,True,3087.0,3959
285308,True,True,True,3088.0,3960
285325,True,True,True,3090.0,3962
285376,True,True,True,3091.0,3963
285509,True,True,True,3092.0,3966
285534,True,True,True,3093.0,3968
285536,True,True,True,3094.0,3969
285557,True,True,True,3095.0,3970
285614,True,True,True,3096.0,3971
285632,True,True,True,3098.0,3973
285790,True,True,True,3101.0,3979
285828,True,True,True,3103.0,3981
285982,True,True,True,3106.0,3986
286133,True,True,True,3109.0,3990
286253,True,True,True,3111.0,3993
286315,True,True,True,3114.0,3998
286451,True,True,True,3116.0,4000
286452,True,True,True,3117.0,4001
286465,True,True,True,3118.0,4002
286883,True,True,True,3124.0,4009
287143,True,True,True,3129.0,4016
288606,True,True,True,3134.0,4025
289030,True,True,True,3135.0,4026
289138,True,True,True,3136.0,4027
289247,True,True,True,3138.0,4029
289530,True,True,True,3143.0,4037
289745,True,True,True,3145.0,4040
289873,True,True,True,3147.0,4043
289972,True,True,True,3148.0,4044
290022,True,True,True,3149.0,4045
290278,True,True,True,3154.0,4051
290557,True,True,True,3157.0,4057
290589,True,True,True,3158.0,4058
290899,True,True,True,3159.0,4061
291621,True,True,True,3165.0,4069
291757,True,True,True,3168.0,4074
291872,True,True,True,3171.0,4077
292017,True,True,True,3174.0,4082
292018,True,True,True,3175.0,4083
292097,True,True,True,3176.0,4085
292443,True,True,True,3177.0,4087
292620,True,True,True,3181.0,4091
292621,True,True,True,3182.0,4092
292693,True,True,True,3184.0,4094
292713,True,True,True,3185.0,4095
292741,True,True,True,3187.0,4100
292862,True,True,True,3190.0,4106
292885,True,True,True,3191.0,4107
292895,True,True,True,3192.0,4108
292971,True,True,True,3199.0,4117
293141,True,True,True,3201.0,4120
293142,True,True,True,3202.0,4121
293228,True,True,True,3203.0,4122
293261,True,True,True,3205.0,4124
293384,True,True,True,3207.0,4127
293433,True,True,True,3209.0,4130
293436,True,True,True,3211.0,4132
293452,True,True,True,3212.0,4133
293499,True,True,True,3213.0,4134
293733,True,True,True,3218.0,4139
293756,True,True,True,3220.0,4141
294014,True,True,True,3221.0,4143
294227,True,True,True,3225.0,4150
294251,True,True,True,3226.0,4151
294252,True,True,True,3227.0,4152
294908,True,True,True,3233.0,4164
295151,True,True,True,3236.0,4169
295239,True,True,True,3241.0,4174
295240,True,True,True,3242.0,4175
295272,True,True,True,3243.0,4176
295277,True,True,True,3244.0,4177
295748,True,True,True,3246.0,4182
295761,True,True,True,3247.0,4183
296076,True,True,True,3253.0,4192
296242,True,True,True,3255.0,4194
296497,True,True,True,3257.0,4196
296509,True,True,True,3258.0,4198
296542,True,True,True,3259.0,4199
296581,True,True,True,3260.0,4201
296684,True,True,True,3261.0,4203
296823,True,True,True,3264.0,4207
296918,True,True,True,3265.0,4209
296935,True,True,True,3267.0,4213
296936,True,True,True,3268.0,4214
296977,True,True,True,3270.0,4218
297018,True,True,True,3272.0,4220
297021,True,True,True,3273.0,4221
297220,True,True,True,3275.0,4227
297221,True,True,True,3276.0,4228
297324,True,True,True,3279.0,4231
297580,True,True,True,3281.0,4233
297582,True,True,True,3283.0,4235
297632,True,True,True,3284.0,4236
297733,True,True,True,3285.0,4238
298339,True,True,True,3293.0,4251
298509,True,True,True,3295.0,4255
298592,True,True,True,3296.0,4256
298778,True,True,True,3299.0,4259
299592,True,True,True,3307.0,4277
299724,True,True,True,3310.0,4282
300198,True,True,True,3314.0,4290
300199,True,True,True,3315.0,4291
300200,True,True,True,3316.0,4292
300460,True,True,True,3319.0,4299
300477,True,True,True,3320.0,4300
300674,True,True,True,3322.0,4303
300827,True,True,True,3324.0,4306
300938,True,True,True,3325.0,4307
301143,True,True,True,3329.0,4311
301222,True,True,True,3330.0,4313
301251,True,True,True,3332.0,4315
301383,True,True,True,3333.0,4317
301416,True,True,True,3334.0,4319
301600,True,True,True,3339.0,4326
301728,True,True,True,3340.0,4330
301813,True,True,True,3345.0,4336
301816,True,True,True,3346.0,4337
301890,True,True,True,3347.0,4338
301999,True,True,True,3351.0,4347
302018,True,True,True,3353.0,4349
302549,True,True,True,3355.0,4355
302550,True,True,True,3356.0,4356
302961,True,True,True,3360.0,4360
303340,True,True,True,3364.0,4365
303526,True,True,True,3366.0,4369
303838,True,True,True,3367.0,4371
303840,True,True,True,3368.0,4372
303930,True,True,True,3369.0,4373
303958,True,True,True,3370.0,4374
304230,True,True,True,3376.0,4386
304236,True,True,True,3378.0,4388
304724,True,True,True,3383.0,4394
304768,True,True,True,3385.0,4396
304839,True,True,True,3387.0,4399
304874,True,True,True,3388.0,4401
304963,True,True,True,3389.0,4402
305109,True,True,True,3390.0,4405
305229,True,True,True,3392.0,4411
305265,True,True,True,3393.0,4412
305272,True,True,True,3394.0,4414
305321,True,True,True,3395.0,4415
305737,True,True,True,3397.0,4418
305959,True,True,True,3402.0,4427
305960,True,True,True,3403.0,4428
305965,True,True,True,3405.0,4430
306021,True,True,True,3406.0,4432
306055,True,True,True,3408.0,4436
306200,True,True,True,3409.0,4438
306206,True,True,True,3410.0,4439
306417,True,True,True,3413.0,4444
306450,True,True,True,3414.0,4445
306507,True,True,True,3417.0,4449
306508,True,True,True,3418.0,4450
306510,True,True,True,3419.0,4451
307092,True,True,True,3427.0,4466
307093,True,True,True,3428.0,4467
307095,True,True,True,3430.0,4469
307096,True,True,True,3431.0,4470
307225,True,True,True,3434.0,4475
307264,True,True,True,3438.0,4481
307266,True,True,True,3439.0,4482
307273,True,True,True,3440.0,4483
307386,True,True,True,3444.0,4488
307733,True,True,True,3447.0,4492
307735,True,True,True,3448.0,4493
307782,True,True,True,3450.0,4497
307784,True,True,True,3452.0,4499
307843,True,True,True,3454.0,4501
307899,True,True,True,3456.0,4503
307923,True,True,True,3458.0,4505
307925,True,True,True,3460.0,4507
307931,True,True,True,3461.0,4508
307978,True,True,True,3463.0,4514
308012,True,True,True,3464.0,4515
308040,True,True,True,3465.0,4516
308055,True,True,True,3466.0,4517
308068,True,True,True,3467.0,4518
308617,True,True,True,3469.0,4525
308686,True,True,True,3471.0,4528
308747,True,True,True,3473.0,4530
308822,True,True,True,3475.0,4533
308945,True,True,True,3481.0,4543
309036,True,True,True,3482.0,4544
309061,True,True,True,3483.0,4545
309066,True,True,True,3484.0,4546
309093,True,True,True,3485.0,4547
309183,True,True,True,3487.0,4549
312270,True,True,True,3490.0,4556
312434,True,True,True,3493.0,4560
312437,True,True,True,3494.0,4561
312438,True,True,True,3495.0,4562
312486,True,True,True,3497.0,4564
312511,True,True,True,3498.0,4565
312514,True,True,True,3499.0,4566
312525,True,True,True,3500.0,4567
312538,True,True,True,3501.0,4568
313647,True,True,True,3505.0,4578
313919,True,True,True,3506.0,4580
314005,True,True,True,3507.0,4583
314059,True,True,True,3508.0,4584
315465,True,True,True,3516.0,4608
315531,True,True,True,3517.0,4609
315715,True,True,True,3518.0,4613
315716,True,True,True,3519.0,4614
315739,True,True,True,3520.0,4615
315894,True,True,True,3524.0,4621
316011,True,True,True,3528.0,4628
316146,True,True,True,3530.0,4630
316171,True,True,True,3531.0,4631
316243,True,True,True,3532.0,4632
316273,True,True,True,3534.0,4634
316279,True,True,True,3536.0,4638
316297,True,True,True,3537.0,4639
316524,True,True,True,3538.0,4642
316636,True,True,True,3543.0,4649
316677,True,True,True,3545.0,4651
316708,True,True,True,3550.0,4658
316725,True,True,True,3551.0,4660
316880,True,True,True,3554.0,4665
316881,True,True,True,3555.0,4666
316988,True,True,True,3557.0,4668
317025,True,True,True,3559.0,4670
317296,True,True,True,3561.0,4673
317354,True,True,True,3562.0,4674
317383,True,True,True,3563.0,4675
317431,True,True,True,3566.0,4679
317487,True,True,True,3568.0,4681
317546,True,True,True,3569.0,4682
317576,True,True,True,3571.0,4684
317619,True,True,True,3572.0,4685
317624,True,True,True,3574.0,4688
317738,True,True,True,3575.0,4689
317756,True,True,True,3576.0,4690
317764,True,True,True,3578.0,4692
317806,True,True,True,3581.0,4695
318283,True,True,True,3586.0,4703
318285,True,True,True,3587.0,4704
318322,True,True,True,3589.0,4706
318490,True,True,True,3591.0,4709
318491,True,True,True,3592.0,4710
318634,True,True,True,3595.0,4716
318639,True,True,True,3597.0,4718
318749,True,True,True,3599.0,4723
319245,True,True,True,3602.0,4729
319263,True,True,True,3603.0,4731
319272,True,True,True,3605.0,4734
319338,True,True,True,3609.0,4738
319362,True,True,True,3610.0,4739
319614,True,True,True,3612.0,4742
319809,True,True,True,3616.0,4748
319883,True,True,True,3617.0,4749
319898,True,True,True,3618.0,4750
320043,True,True,True,3619.0,4752
320171,True,True,True,3621.0,4755
320203,True,True,True,3622.0,4756
320204,True,True,True,3623.0,4757
320320,True,True,True,3627.0,4764
320357,True,True,True,3628.0,4765
320816,True,True,True,3630.0,4772
321294,True,True,True,3632.0,4776
321378,True,True,True,3633.0,4777
321386,True,True,True,3634.0,4778
321600,True,True,True,3637.0,4781
321601,True,True,True,3638.0,4782
321623,True,True,True,3639.0,4784
321925,True,True,True,3642.0,4791
321953,True,True,True,3643.0,4794
322747,True,True,True,3648.0,4804
322748,True,True,True,3649.0,4805
322908,True,True,True,3651.0,4808
322910,True,True,True,3652.0,4809
323127,True,True,True,3653.0,4814
323456,True,True,True,3654.0,4815
324138,True,True,True,3656.0,4817
324434,True,True,True,3657.0,4818
324435,True,True,True,3658.0,4819
324609,True,True,True,3659.0,4821
324772,True,True,True,3660.0,4822
324941,True,True,True,3666.0,4828
325214,True,True,True,3667.0,4829
325251,True,True,True,3668.0,4830
325566,True,True,True,3670.0,4833
326321,True,True,True,3675.0,4843
326322,True,True,True,3676.0,4844
326420,True,True,True,3677.0,4845
326472,True,True,True,3678.0,4846
326480,True,True,True,3680.0,4848
326618,True,True,True,3684.0,4854
326752,True,True,True,3688.0,4858
326845,True,True,True,3689.0,4859
326909,True,True,True,3691.0,4863
326923,True,True,True,3692.0,4864
327035,True,True,True,3693.0,4866
327038,True,True,True,3694.0,4867
327193,True,True,True,3701.0,4877
327455,True,True,True,3704.0,4884
327498,True,True,True,3705.0,4885
327499,True,True,True,3706.0,4886
327574,True,True,True,3707.0,4887
327814,True,True,True,3712.0,4895
327959,True,True,True,3713.0,4896
327960,True,True,True,3714.0,4897
327968,True,True,True,3716.0,4900
328318,True,True,True,3717.0,4901
328520,True,True,True,3720.0,4908
328899,True,True,True,3726.0,4919
328948,True,True,True,3730.0,4924
328971,True,True,True,3731.0,4925
328989,True,True,True,3732.0,4926
329074,True,True,True,3733.0,4928
329088,True,True,True,3735.0,4930
329184,True,True,True,3736.0,4933
329236,True,True,True,3738.0,4935
329402,True,True,True,3741.0,4939
329700,True,True,True,3745.0,4945
329703,True,True,True,3746.0,4946
329706,True,True,True,3747.0,4947
329744,True,True,True,3749.0,4949
329750,True,True,True,3751.0,4951
329822,True,True,True,3753.0,4953
329823,True,True,True,3754.0,4954
329825,True,True,True,3756.0,4956
329911,True,True,True,3758.0,4960
329944,True,True,True,3759.0,4962
329951,True,True,True,3760.0,4963
329954,True,True,True,3761.0,4964
329999,True,True,True,3762.0,4966
330011,True,True,True,3763.0,4967
330162,True,True,True,3767.0,4974
330201,True,True,True,3768.0,4975
330202,True,True,True,3769.0,4976
330258,True,True,True,3772.0,4980
330328,True,True,True,3775.0,4984
330341,True,True,True,3776.0,4985
330366,True,True,True,3777.0,4986
330367,True,True,True,3778.0,4987
330512,True,True,True,3783.0,4998
330705,True,True,True,3785.0,5004
330706,True,True,True,3786.0,5005
330711,True,True,True,3787.0,5006
330733,True,True,True,3789.0,5008
330736,True,True,True,3790.0,5010
330737,True,True,True,3791.0,5011
330814,True,True,True,3792.0,5012
331154,True,True,True,3795.0,5019
331157,True,True,True,3797.0,5021
331212,True,True,True,3799.0,5024
331258,True,True,True,3802.0,5028
331316,True,True,True,3804.0,5033
331372,True,True,True,3805.0,5034
331412,True,True,True,3806.0,5035
331479,True,True,True,3807.0,5037
331525,True,True,True,3809.0,5041
331834,True,True,True,3815.0,5049
331836,True,True,True,3816.0,5051
331885,True,True,True,3817.0,5053
331887,True,True,True,3818.0,5054
331888,True,True,True,3819.0,5055
331889,True,True,True,3820.0,5056
331890,True,True,True,3821.0,5057
331926,True,True,True,3823.0,5061
331927,True,True,True,3824.0,5062
331979,True,True,True,3825.0,5066
331996,True,True,True,3827.0,5068
332157,True,True,True,3831.0,5077
332227,True,True,True,3833.0,5080
332335,True,True,True,3834.0,5081
332372,True,True,True,3835.0,5083
332424,True,True,True,3838.0,5088
332513,True,True,True,3839.0,5089
332573,True,True,True,3840.0,5092
332579,True,True,True,3841.0,5093
332580,True,True,True,3842.0,5094
332643,True,True,True,3844.0,5097
332697,True,True,True,3846.0,5100
332702,True,True,True,3847.0,5103
332707,True,True,True,3848.0,5105
332857,True,True,True,3852.0,5109
332999,True,True,True,3854.0,5112
333125,True,True,True,3857.0,5119
333614,True,True,True,3859.0,5126
333683,True,True,True,3860.0,5127
333943,True,True,True,3861.0,5134
334098,True,True,True,3863.0,5141
334153,True,True,True,3865.0,5144
334154,True,True,True,3866.0,5145
334163,True,True,True,3867.0,5147
334218,True,True,True,3869.0,5149
334219,True,True,True,3870.0,5150
334503,True,True,True,3873.0,5154
334534,True,True,True,3876.0,5158
334590,True,True,True,3877.0,5161
334592,True,True,True,3878.0,5163
334750,True,True,True,3879.0,5165
334784,True,True,True,3880.0,5169
334815,True,True,True,3882.0,5174
334872,True,True,True,3885.0,5179
335123,True,True,True,3892.0,5194
335199,True,True,True,3894.0,5200
335218,True,True,True,3895.0,5203
335266,True,True,True,3896.0,5208
335377,True,True,True,3897.0,5213
335446,True,True,True,3901.0,5219
336272,True,True,True,3903.0,5233
336621,True,True,True,3906.0,5249
336622,True,True,True,3907.0,5250
336684,True,True,True,3908.0,5252
336737,True,True,True,3909.0,5254
336813,True,True,True,3910.0,5255
337152,True,True,True,3917.0,5266
337372,True,True,True,3919.0,5276
337375,True,True,True,3920.0,5277
337512,True,True,True,3926.0,5286
337513,True,True,True,3927.0,5287
337515,True,True,True,3928.0,5289
337517,True,True,True,3929.0,5290
337579,True,True,True,3931.0,5296
337733,True,True,True,3932.0,5301
337804,True,True,True,3934.0,5307
337830,True,True,True,3935.0,5308
337852,True,True,True,3936.0,5309
338306,True,True,True,3939.0,5327
338318,True,True,True,3940.0,5328
338320,True,True,True,3941.0,5329
338363,True,True,True,3942.0,5330
338364,True,True,True,3943.0,5331
338416,True,True,True,3945.0,5335
338481,True,True,True,3946.0,5343
338649,True,True,True,3950.0,5349
338650,True,True,True,3951.0,5350
338651,True,True,True,3952.0,5351
338653,True,True,True,3953.0,5352
338708,True,True,True,3956.0,5356
338812,True,True,True,3961.0,5366
338818,True,True,True,3962.0,5368
338982,True,True,True,3964.0,5375
338985,True,True,True,3965.0,5376
339028,True,True,True,3967.0,5378
339106,True,True,True,3969.0,5383
339463,True,True,True,3972.0,5393
339573,True,True,True,3973.0,5400
339677,True,True,True,3974.0,5402
339762,True,True,True,3975.0,5404
339767,True,True,True,3976.0,5406
339786,True,True,True,3977.0,5407
339898,True,True,True,3980.0,5410
340085,True,True,True,3982.0,5414
340097,True,True,True,3983.0,5416
340199,True,True,True,3985.0,5418
340432,True,True,True,3989.0,5423
340460,True,True,True,3991.0,5425
340640,True,True,True,3992.0,5426
340644,True,True,True,3993.0,5427
340696,True,True,True,3994.0,5428
340698,True,True,True,3995.0,5430
340699,True,True,True,3996.0,5431
340752,True,True,True,3997.0,5432
340754,True,True,True,3998.0,5433
340757,True,True,True,3999.0,5434
341208,True,True,True,4002.0,5443
341326,True,True,True,4003.0,5446
341384,True,True,True,4004.0,5447
341387,True,True,True,4005.0,5448
341431,True,True,True,4006.0,5451
341434,True,True,True,4009.0,5454
341568,True,True,True,4012.0,5461
341660,True,True,True,4014.0,5465
341661,True,True,True,4015.0,5466
341662,True,True,True,4016.0,5467
341663,True,True,True,4017.0,5468
341664,True,True,True,4018.0,5469
341692,True,True,True,4019.0,5474
341740,True,True,True,4020.0,5476
341783,True,True,True,4021.0,5480
341999,True,True,True,4022.0,5482
342309,True,True,True,4023.0,5491
342349,True,True,True,4024.0,5494
342359,True,True,True,4025.0,5500
342467,True,True,True,4027.0,5503
342520,True,True,True,4029.0,5505
342566,True,True,True,4031.0,5508
342573,True,True,True,4034.0,5512
342630,True,True,True,4035.0,5516
342723,True,True,True,4038.0,5521
342770,True,True,True,4039.0,5523
342772,True,True,True,4040.0,5524
342820,True,True,True,4042.0,5527
342827,True,True,True,4044.0,5532
342877,True,True,True,4045.0,5533
342915,True,True,True,4047.0,5538
342937,True,True,True,4048.0,5539
343833,True,True,True,4051.0,5551
344199,True,True,True,4053.0,5556
344245,True,True,True,4055.0,5559
344246,True,True,True,4056.0,5560
344247,True,True,True,4057.0,5561
344249,True,True,True,4058.0,5562
344320,True,True,True,4062.0,5566
344507,True,True,True,4063.0,5570
344512,True,True,True,4064.0,5571
344567,True,True,True,4067.0,5575
344713,True,True,True,4070.0,5580
344770,True,True,True,4071.0,5582
344829,True,True,True,4072.0,5583
344842,True,True,True,4073.0,5584
344915,True,True,True,4074.0,5587
344920,True,True,True,4075.0,5588
345187,True,True,True,4076.0,5594
345366,True,True,True,4078.0,5602
345369,True,True,True,4079.0,5603
345615,True,True,True,4083.0,5613
345800,True,True,True,4087.0,5618
345824,True,True,True,4088.0,5620
345849,True,True,True,4089.0,5621
345850,True,True,True,4090.0,5622
345951,True,True,True,4093.0,5628
346113,True,True,True,4096.0,5633
346115,True,True,True,4097.0,5634
346158,True,True,True,4098.0,5637
346373,True,True,True,4099.0,5640
346408,True,True,True,4100.0,5641
346421,True,True,True,4101.0,5644
347764,True,True,True,4104.0,5650
347771,True,True,True,4105.0,5651
347773,True,True,True,4106.0,5652
347878,True,True,True,4108.0,5655
348774,True,True,True,4109.0,5665
348839,True,True,True,4111.0,5667
349257,True,True,True,4112.0,5673
349540,True,True,True,4113.0,5675
349778,True,True,True,4114.0,5678
350129,True,True,True,4116.0,5685
350311,True,True,True,4117.0,5690
350459,True,True,True,4118.0,5692
350719,True,True,True,4119.0,5696
352061,True,True,True,4121.0,5705
352733,True,True,True,4122.0,5710
353719,True,True,True,4125.0,5719
353971,True,True,True,4126.0,5720
354493,True,True,True,4127.0,5722
354518,True,True,True,4128.0,5723
354767,True,True,True,4129.0,5727
355698,True,True,True,4130.0,5730
355809,True,True,True,4131.0,5731
357118,True,True,True,4135.0,5739
357126,True,True,True,4136.0,5740
357766,True,True,True,4137.0,5741
357770,True,True,True,4138.0,5743
358205,True,True,True,4139.0,5747
358708,True,True,True,4140.0,5749
358837,True,True,True,4141.0,5750
358930,True,True,True,4142.0,5751
359120,True,True,True,4143.0,5753
359145,True,True,True,4144.0,5754
359692,True,True,True,4145.0,5757
359752,True,True,True,4146.0,5758
360035,True,True,True,4147.0,5759
360151,True,True,True,4148.0,5760
360681,True,True,True,4149.0,5762
360739,True,True,True,4150.0,5763
36100,True,True,True,2.0,3
361071,True,True,True,4151.0,5767
361072,True,True,True,4152.0,5768
361194,True,True,True,4153.0,5769
361195,True,True,True,4154.0,5770
361212,True,True,True,4155.0,5771
361732,True,True,True,4156.0,5773
363049,True,True,True,4157.0,5779
363621,True,True,True,4159.0,5783
363882,True,True,True,4160.0,5784
364326,True,True,True,4162.0,5786
364383,True,True,True,4163.0,5787
364488,True,True,True,4164.0,5788
364519,True,True,True,4165.0,5789
364783,True,True,True,4166.0,5791
364985,True,True,True,4167.0,5792
365179,True,True,True,4168.0,5793
365180,True,True,True,4169.0,5794
365181,True,True,True,4170.0,5795
365304,True,True,True,4171.0,5796
365577,True,True,True,4172.0,5797
365644,True,True,True,4173.0,5799
365930,True,True,True,4175.0,5803
366217,True,True,True,4177.0,5806
366529,True,True,True,4178.0,5808
366834,True,True,True,4179.0,5811
366971,True,True,True,4182.0,5814
367002,True,True,True,4183.0,5815
367252,True,True,True,4185.0,5819
367253,True,True,True,4186.0,5820
367496,True,True,True,4187.0,5821
367599,True,True,True,4188.0,5822
368279,True,True,True,4189.0,5828
368450,True,True,True,4190.0,5829
369200,True,True,True,4191.0,5830
369880,True,True,True,4192.0,5832
370353,True,True,True,4194.0,5838
370363,True,True,True,4195.0,5839
370390,True,True,True,4196.0,5840
370423,True,True,True,4197.0,5845
370522,True,True,True,4198.0,5847
370643,True,True,True,4199.0,5850
370690,True,True,True,4200.0,5852
371064,True,True,True,4201.0,5855
371248,True,True,True,4202.0,5857
371480,True,True,True,4203.0,5858
371512,True,True,True,4204.0,5859
371731,True,True,True,4205.0,5862
371776,True,True,True,4206.0,5864
371969,True,True,True,4207.0,5866
371995,True,True,True,4208.0,5867
372117,True,True,True,4211.0,5870
372293,True,True,True,4212.0,5871
372302,True,True,True,4213.0,5872
372303,True,True,True,4214.0,5873
372423,True,True,True,4215.0,5874
372583,True,True,True,4216.0,5875
372909,True,True,True,4218.0,5881
373124,True,True,True,4219.0,5882
373282,True,True,True,4220.0,5884
373314,True,True,True,4221.0,5886
373317,True,True,True,4222.0,5887
373454,True,True,True,4223.0,5888
373667,True,True,True,4224.0,5890
373821,True,True,True,4225.0,5893
373835,True,True,True,4226.0,5894
374561,True,True,True,4228.0,5901
374571,True,True,True,4229.0,5902
375687,True,True,True,4230.0,5909
375697,True,True,True,4231.0,5911
376033,True,True,True,4232.0,5914
376036,True,True,True,4233.0,5915
376130,True,True,True,4234.0,5920
376149,True,True,True,4235.0,5921
376205,True,True,True,4236.0,5923
376415,True,True,True,4238.0,5929
376716,True,True,True,4240.0,5934
376760,True,True,True,4241.0,5936
376909,True,True,True,4242.0,5938
377605,True,True,True,4243.0,5941
377691,True,True,True,4244.0,5942
378032,True,True,True,4245.0,5947
378473,True,True,True,4246.0,5952
378825,True,True,True,4247.0,5956
378859,True,True,True,4248.0,5957
379038,True,True,True,4250.0,5960
379074,True,True,True,4251.0,5961
379200,True,True,True,4254.0,5965
379423,True,True,True,4255.0,5968
379425,True,True,True,4256.0,5969
379598,True,True,True,4257.0,5970
379631,True,True,True,4258.0,5972
379905,True,True,True,4260.0,5975
380064,True,True,True,4261.0,5977
380955,True,True,True,4262.0,5981
380996,True,True,True,4263.0,5982
381058,True,True,True,4264.0,5984
381468,True,True,True,4265.0,5985
382748,True,True,True,4267.0,5998
382749,True,True,True,4268.0,5999
383210,True,True,True,4269.0,6002
383248,True,True,True,4270.0,6004
383363,True,True,True,4271.0,6008
383407,True,True,True,4272.0,6009
383421,True,True,True,4273.0,6010
383443,True,True,True,4274.0,6011
383602,True,True,True,4276.0,6014
383605,True,True,True,4277.0,6015
383854,True,True,True,4278.0,6017
384028,True,True,True,4279.0,6022
384367,True,True,True,4280.0,6028
384969,True,True,True,4281.0,6030
385014,True,True,True,4282.0,6033
385159,True,True,True,4283.0,6035
385213,True,True,True,4284.0,6038
385445,True,True,True,4285.0,6040
385448,True,True,True,4286.0,6041
385482,True,True,True,4287.0,6042
385602,True,True,True,4288.0,6043
385635,True,True,True,4289.0,6044
386603,True,True,True,4290.0,6049
386669,True,True,True,4291.0,6050
386700,True,True,True,4292.0,6052
386701,True,True,True,4293.0,6053
386711,True,True,True,4294.0,6054
386899,True,True,True,4295.0,6056
386900,True,True,True,4296.0,6057
386955,True,True,True,4297.0,6058
387014,True,True,True,4298.0,6059
387533,True,True,True,4299.0,6062
387563,True,True,True,4300.0,6063
387887,True,True,True,4301.0,6065
387915,True,True,True,4302.0,6067
388587,True,True,True,4303.0,6073
388715,True,True,True,4304.0,6074
388717,True,True,True,4305.0,6075
388803,True,True,True,4306.0,6076
388873,True,True,True,4307.0,6077
389013,True,True,True,4308.0,6079
390033,True,True,True,4309.0,6082
390348,True,True,True,4310.0,6083
390510,True,True,True,4311.0,6085
390650,True,True,True,4312.0,6086
390681,True,True,True,4313.0,6087
390686,True,True,True,4314.0,6088
391245,True,True,True,4315.0,6090
392065,True,True,True,4316.0,6094
392199,True,True,True,4317.0,6097
392428,True,True,True,4318.0,6099
392465,True,True,True,4319.0,6100
392466,True,True,True,4320.0,6101
392529,True,True,True,4321.0,6103
392726,True,True,True,4322.0,6107
39985,True,True,True,3.0,4
39988,True,True,True,4.0,5
40142,True,True,True,5.0,6
42241,True,True,True,6.0,7
45293,True,True,True,7.0,8
46092,True,True,True,8.0,9
46113,True,True,True,9.0,10
46120,True,True,True,10.0,11
46150,True,True,True,12.0,13
46157,True,True,True,13.0,14
46169,True,True,True,14.0,15
46171,True,True,True,15.0,16
46182,True,True,True,16.0,17
46238,True,True,True,17.0,18
46243,True,True,True,18.0,19
46244,True,True,True,19.0,20
46415,True,True,True,20.0,21
46418,True,True,True,21.0,22
46422,True,True,True,22.0,23
46588,True,True,True,23.0,24
46668,True,True,True,24.0,25
46669,True,True,True,25.0,26
46712,True,True,True,26.0,27
49155,True,True,True,27.0,28
49167,True,True,True,30.0,31
49187,True,True,True,31.0,33
49211,True,True,True,32.0,34
49234,True,True,True,33.0,35
49256,True,True,True,34.0,36
49310,True,True,True,38.0,40
49350,True,True,True,40.0,42
49353,True,True,True,41.0,43
49359,True,True,True,42.0,44
49381,True,True,True,44.0,47
49443,True,True,True,51.0,56
49459,True,True,True,52.0,58
49480,True,True,True,53.0,62
49497,True,True,True,55.0,65
49524,True,True,True,57.0,67
49529,True,True,True,58.0,68
49537,True,True,True,59.0,69
49550,True,True,True,60.0,70
49560,True,True,True,61.0,71
49574,True,True,True,64.0,76
49584,True,True,True,65.0,77
49588,True,True,True,66.0,78
49596,True,True,True,67.0,81
49670,True,True,True,74.0,91
49725,True,True,True,78.0,95
49733,True,True,True,79.0,96
49734,True,True,True,80.0,97
49754,True,True,True,81.0,98
49764,True,True,True,82.0,99
49787,True,True,True,85.0,102
49792,True,True,True,86.0,103
49847,True,True,True,91.0,108
49856,True,True,True,92.0,109
49860,True,True,True,93.0,110
49895,True,True,True,97.0,114
49903,True,True,True,99.0,116
49918,True,True,True,100.0,118
49934,True,True,True,102.0,120
49936,True,True,True,103.0,121
49941,True,True,True,104.0,122
49961,True,True,True,106.0,125
49964,True,True,True,107.0,126
49972,True,True,True,108.0,127
49991,True,True,True,109.0,129
50018,True,True,True,111.0,132
50049,True,True,True,114.0,135
50057,True,True,True,115.0,136
50058,True,True,True,116.0,137
50080,True,True,True,117.0,138
50104,True,True,True,120.0,145
50106,True,True,True,121.0,146
50108,True,True,True,122.0,148
50111,True,True,True,123.0,149
50159,True,True,True,128.0,154
50161,True,True,True,129.0,155
50201,True,True,True,130.0,156
50219,True,True,True,134.0,163
50225,True,True,True,135.0,164
50252,True,True,True,136.0,166
50301,True,True,True,141.0,173
50309,True,True,True,142.0,174
50311,True,True,True,144.0,176
50334,True,True,True,145.0,177
50338,True,True,True,147.0,179
50346,True,True,True,148.0,180
50356,True,True,True,150.0,182
50364,True,True,True,151.0,183
50381,True,True,True,152.0,184
50395,True,True,True,153.0,185
50417,True,True,True,154.0,187
50421,True,True,True,155.0,188
50425,True,True,True,156.0,189
50434,True,True,True,157.0,191
50511,True,True,True,159.0,195
50523,True,True,True,161.0,197
50569,True,True,True,165.0,201
50586,True,True,True,167.0,203
50617,True,True,True,169.0,208
50638,True,True,True,172.0,212
50659,True,True,True,173.0,213
50679,True,True,True,175.0,216
50684,True,True,True,176.0,217
50717,True,True,True,178.0,221
50750,True,True,True,181.0,225
50771,True,True,True,182.0,226
50784,True,True,True,183.0,228
50787,True,True,True,184.0,230
50791,True,True,True,185.0,231
50805,True,True,True,187.0,233
50864,True,True,True,191.0,238
50872,True,True,True,192.0,239
50893,True,True,True,195.0,242
50947,True,True,True,198.0,246
50990,True,True,True,201.0,253
51004,True,True,True,204.0,256
51032,True,True,True,205.0,257
51066,True,True,True,208.0,261
51077,True,True,True,210.0,264
51105,True,True,True,215.0,269
51134,True,True,True,218.0,272
51155,True,True,True,219.0,273
51173,True,True,True,220.0,275
51185,True,True,True,221.0,276
51199,True,True,True,222.0,278
51205,True,True,True,224.0,280
51207,True,True,True,225.0,281
51211,True,True,True,226.0,282
51295,True,True,True,228.0,286
51296,True,True,True,229.0,287
51303,True,True,True,230.0,288
51342,True,True,True,232.0,290
51345,True,True,True,233.0,291
51379,True,True,True,236.0,297
51388,True,True,True,237.0,298
51392,True,True,True,239.0,300
51400,True,True,True,240.0,301
51425,True,True,True,241.0,302
51429,True,True,True,242.0,303
51528,True,True,True,255.0,319
51572,True,True,True,257.0,321
51603,True,True,True,259.0,323
51609,True,True,True,260.0,325
51612,True,True,True,261.0,326
51627,True,True,True,265.0,330
51637,True,True,True,266.0,331
51650,True,True,True,267.0,332
51657,True,True,True,269.0,334
51672,True,True,True,270.0,335
51683,True,True,True,272.0,337
51697,True,True,True,273.0,338
51700,True,True,True,274.0,339
51754,True,True,True,276.0,343
51778,True,True,True,279.0,346
51781,True,True,True,280.0,347
51789,True,True,True,282.0,350
51793,True,True,True,283.0,351
51823,True,True,True,284.0,353
51843,True,True,True,286.0,355
51846,True,True,True,287.0,356
51889,True,True,True,291.0,362
51906,True,True,True,293.0,364
51922,True,True,True,294.0,365
51936,True,True,True,295.0,366
51939,True,True,True,296.0,368
51959,True,True,True,298.0,371
52036,True,True,True,301.0,375
52050,True,True,True,303.0,378
52070,True,True,True,305.0,380
52105,True,True,True,309.0,385
52146,True,True,True,312.0,389
52164,True,True,True,313.0,390
52167,True,True,True,315.0,392
52175,True,True,True,316.0,394
52236,True,True,True,321.0,400
52243,True,True,True,322.0,401
52268,True,True,True,325.0,405
52286,True,True,True,326.0,407
52298,True,True,True,327.0,408
52318,True,True,True,330.0,412
52343,True,True,True,331.0,415
52363,True,True,True,333.0,417
52364,True,True,True,334.0,418
52370,True,True,True,335.0,419
52373,True,True,True,336.0,420
52386,True,True,True,337.0,422
52399,True,True,True,338.0,423
52400,True,True,True,339.0,424
52411,True,True,True,340.0,425
52420,True,True,True,341.0,426
52508,True,True,True,344.0,432
52516,True,True,True,346.0,434
52577,True,True,True,350.0,439
52586,True,True,True,352.0,442
52590,True,True,True,353.0,443
52596,True,True,True,354.0,444
52603,True,True,True,356.0,446
52604,True,True,True,357.0,447
52605,True,True,True,358.0,448
52608,True,True,True,359.0,450
52611,True,True,True,360.0,451
52759,True,True,True,361.0,453
52798,True,True,True,362.0,456
52825,True,True,True,363.0,458
52838,True,True,True,364.0,459
52840,True,True,True,366.0,461
52841,True,True,True,367.0,462
52853,True,True,True,368.0,464
52854,True,True,True,369.0,465
52862,True,True,True,370.0,466
52864,True,True,True,371.0,467
52870,True,True,True,373.0,469
52871,True,True,True,374.0,470
52895,True,True,True,379.0,475
52896,True,True,True,380.0,476
52905,True,True,True,382.0,478
52920,True,True,True,384.0,481
52935,True,True,True,385.0,483
52936,True,True,True,386.0,484
52940,True,True,True,387.0,485
52942,True,True,True,388.0,486
52945,True,True,True,390.0,488
52987,True,True,True,392.0,491
53026,True,True,True,393.0,496
53027,True,True,True,394.0,497
53031,True,True,True,395.0,498
53092,True,True,True,398.0,503
53106,True,True,True,399.0,505
53117,True,True,True,401.0,507
53154,True,True,True,403.0,512
53161,True,True,True,404.0,513
53162,True,True,True,405.0,514
53172,True,True,True,407.0,516
53177,True,True,True,408.0,517
53195,True,True,True,410.0,519
53406,True,True,True,412.0,522
53434,True,True,True,415.0,526
53569,True,True,True,417.0,532
53577,True,True,True,418.0,533
53582,True,True,True,419.0,534
53665,True,True,True,425.0,541
53686,True,True,True,426.0,542
53726,True,True,True,430.0,546
53744,True,True,True,431.0,547
53748,True,True,True,432.0,549
53753,True,True,True,433.0,550
53811,True,True,True,437.0,554
53849,True,True,True,439.0,558
53876,True,True,True,442.0,561
53910,True,True,True,443.0,562
53954,True,True,True,444.0,563
54005,True,True,True,449.0,572
54007,True,True,True,450.0,573
54008,True,True,True,451.0,574
54017,True,True,True,452.0,575
54068,True,True,True,453.0,578
54159,True,True,True,454.0,579
54171,True,True,True,455.0,580
54172,True,True,True,456.0,581
54173,True,True,True,457.0,582
54176,True,True,True,458.0,584
54178,True,True,True,459.0,585
54181,True,True,True,461.0,587
54183,True,True,True,463.0,589
54192,True,True,True,466.0,592
54195,True,True,True,467.0,593
54202,True,True,True,471.0,597
54221,True,True,True,474.0,602
54223,True,True,True,475.0,603
54228,True,True,True,476.0,605
54231,True,True,True,477.0,606
54233,True,True,True,478.0,607
54235,True,True,True,479.0,608
54245,True,True,True,482.0,611
54253,True,True,True,483.0,612
54254,True,True,True,484.0,613
54323,True,True,True,489.0,620
54332,True,True,True,491.0,622
54338,True,True,True,492.0,623
54344,True,True,True,494.0,625
54353,True,True,True,496.0,628
54355,True,True,True,497.0,629
54362,True,True,True,499.0,631
54370,True,True,True,501.0,634
54380,True,True,True,503.0,636
54395,True,True,True,505.0,638
54399,True,True,True,506.0,639
54401,True,True,True,507.0,640
54404,True,True,True,509.0,642
54405,True,True,True,510.0,643
54413,True,True,True,513.0,646
54420,True,True,True,515.0,648
54519,True,True,True,517.0,652
54531,True,True,True,518.0,653
54532,True,True,True,519.0,654
54558,True,True,True,520.0,655
54562,True,True,True,521.0,656
54576,True,True,True,523.0,659
54614,True,True,True,528.0,664
54648,True,True,True,530.0,667
54655,True,True,True,531.0,668
54660,True,True,True,532.0,669
54676,True,True,True,534.0,673
54710,True,True,True,535.0,675
54789,True,True,True,540.0,681
54829,True,True,True,543.0,684
54830,True,True,True,544.0,685
54849,True,True,True,546.0,687
54851,True,True,True,547.0,688
54997,True,True,True,555.0,701
55116,True,True,True,558.0,705
55192,True,True,True,562.0,710
55196,True,True,True,563.0,711
55206,True,True,True,564.0,712
55278,True,True,True,568.0,719
55322,True,True,True,571.0,722
55369,True,True,True,573.0,725
55370,True,True,True,574.0,726
55433,True,True,True,577.0,731
55438,True,True,True,578.0,732
55444,True,True,True,579.0,733
55483,True,True,True,580.0,734
55510,True,True,True,583.0,739
55517,True,True,True,585.0,741
55538,True,True,True,587.0,743
55539,True,True,True,588.0,744
55548,True,True,True,589.0,745
55665,True,True,True,593.0,754
55672,True,True,True,594.0,755
55690,True,True,True,598.0,762
55696,True,True,True,599.0,763
55698,True,True,True,600.0,764
55721,True,True,True,604.0,769
55722,True,True,True,605.0,770
55723,True,True,True,606.0,771
55726,True,True,True,607.0,772
55727,True,True,True,608.0,773
55728,True,True,True,609.0,774
55729,True,True,True,610.0,775
55732,True,True,True,612.0,777
55736,True,True,True,614.0,779
55738,True,True,True,616.0,781
55743,True,True,True,618.0,783
55744,True,True,True,619.0,784
55746,True,True,True,620.0,785
55749,True,True,True,621.0,786
55751,True,True,True,622.0,787
55765,True,True,True,624.0,789
55771,True,True,True,625.0,790
55789,True,True,True,627.0,793
55819,True,True,True,628.0,795
55855,True,True,True,630.0,799
55892,True,True,True,631.0,804
55925,True,True,True,633.0,807
55952,True,True,True,634.0,809
55969,True,True,True,636.0,811
55973,True,True,True,637.0,812
56122,True,True,True,644.0,821
56131,True,True,True,645.0,823
56141,True,True,True,647.0,825
56213,True,True,True,650.0,829
56460,True,True,True,652.0,832
56465,True,True,True,653.0,833
56571,True,True,True,658.0,839
56574,True,True,True,660.0,842
56577,True,True,True,662.0,844
56580,True,True,True,663.0,845
56581,True,True,True,664.0,846
56592,True,True,True,665.0,847
56603,True,True,True,667.0,849
56625,True,True,True,671.0,853
56626,True,True,True,672.0,854
56638,True,True,True,674.0,856
56643,True,True,True,675.0,857
56647,True,True,True,676.0,858
56660,True,True,True,680.0,863
56662,True,True,True,681.0,864
56679,True,True,True,682.0,866
56709,True,True,True,684.0,869
56737,True,True,True,686.0,872
56747,True,True,True,687.0,873
56754,True,True,True,688.0,874
56766,True,True,True,691.0,877
56768,True,True,True,692.0,878
56803,True,True,True,695.0,883
56806,True,True,True,696.0,885
56816,True,True,True,697.0,886
56842,True,True,True,699.0,889
56945,True,True,True,700.0,892
56976,True,True,True,702.0,894
56992,True,True,True,703.0,895
57047,True,True,True,704.0,899
57050,True,True,True,706.0,902
57051,True,True,True,707.0,903
57061,True,True,True,709.0,905
57064,True,True,True,710.0,906
57075,True,True,True,711.0,907
57084,True,True,True,712.0,908
57085,True,True,True,713.0,909
57093,True,True,True,714.0,910
57094,True,True,True,715.0,911
57102,True,True,True,718.0,914
57109,True,True,True,719.0,915
57112,True,True,True,720.0,916
57124,True,True,True,721.0,917
57133,True,True,True,722.0,918
57140,True,True,True,723.0,920
57142,True,True,True,724.0,922
57143,True,True,True,725.0,923
57151,True,True,True,729.0,927
57152,True,True,True,730.0,928
57192,True,True,True,733.0,931
57199,True,True,True,734.0,932
57204,True,True,True,735.0,934
57211,True,True,True,736.0,936
57220,True,True,True,737.0,937
57231,True,True,True,738.0,938
57251,True,True,True,741.0,941
57255,True,True,True,742.0,942
57261,True,True,True,743.0,943
57263,True,True,True,745.0,945
57267,True,True,True,747.0,947
57269,True,True,True,748.0,948
57271,True,True,True,750.0,950
57272,True,True,True,751.0,951
57281,True,True,True,754.0,954
57283,True,True,True,755.0,956
57284,True,True,True,756.0,957
57285,True,True,True,757.0,958
57291,True,True,True,758.0,959
57302,True,True,True,760.0,961
57317,True,True,True,761.0,962
57324,True,True,True,762.0,963
57399,True,True,True,767.0,968
57400,True,True,True,768.0,969
57410,True,True,True,770.0,971
57421,True,True,True,772.0,973
57422,True,True,True,773.0,974
57465,True,True,True,778.0,980
57468,True,True,True,780.0,982
57475,True,True,True,781.0,983
57599,True,True,True,784.0,989
57615,True,True,True,785.0,990
57653,True,True,True,787.0,993
57699,True,True,True,789.0,996
57723,True,True,True,791.0,999
57734,True,True,True,794.0,1002
57774,True,True,True,795.0,1005
57827,True,True,True,798.0,1009
57832,True,True,True,799.0,1010
58133,True,True,True,804.0,1017
58145,True,True,True,806.0,1019
58209,True,True,True,810.0,1025
58272,True,True,True,811.0,1028
58314,True,True,True,813.0,1030
58334,True,True,True,815.0,1032
58450,True,True,True,818.0,1039
58466,True,True,True,819.0,1041
58512,True,True,True,821.0,1043
58524,True,True,True,822.0,1045
58527,True,True,True,823.0,1046
58595,True,True,True,825.0,1051
58596,True,True,True,826.0,1052
58675,True,True,True,831.0,1060
58748,True,True,True,841.0,1070
58862,True,True,True,842.0,1072
58885,True,True,True,844.0,1075
58923,True,True,True,846.0,1082
58976,True,True,True,849.0,1086
59026,True,True,True,850.0,1088
59030,True,True,True,851.0,1090
59041,True,True,True,852.0,1091
59060,True,True,True,854.0,1095
59063,True,True,True,855.0,1096
59088,True,True,True,856.0,1097
59398,True,True,True,857.0,1099
59426,True,True,True,860.0,1102
59433,True,True,True,862.0,1104
59436,True,True,True,863.0,1105
59441,True,True,True,864.0,1106
59442,True,True,True,865.0,1107
59444,True,True,True,866.0,1108
59445,True,True,True,867.0,1109
59446,True,True,True,868.0,1110
59463,True,True,True,869.0,1111
59470,True,True,True,871.0,1113
59490,True,True,True,872.0,1114
59510,True,True,True,874.0,1116
59530,True,True,True,875.0,1117
59559,True,True,True,878.0,1120
59565,True,True,True,879.0,1121
59568,True,True,True,880.0,1123
59581,True,True,True,881.0,1124
59586,True,True,True,882.0,1125
59612,True,True,True,883.0,1127
59616,True,True,True,884.0,1128
59621,True,True,True,885.0,1129
59642,True,True,True,887.0,1131
59676,True,True,True,891.0,1137
59693,True,True,True,892.0,1138
59734,True,True,True,895.0,1141
59748,True,True,True,897.0,1143
59759,True,True,True,898.0,1144
59804,True,True,True,899.0,1147
59812,True,True,True,901.0,1149
59819,True,True,True,902.0,1150
59820,True,True,True,903.0,1151
59880,True,True,True,905.0,1154
59888,True,True,True,907.0,1156
59896,True,True,True,908.0,1158
59919,True,True,True,909.0,1159
59973,True,True,True,914.0,1164
59998,True,True,True,916.0,1166
60007,True,True,True,917.0,1167
60043,True,True,True,918.0,1171
60046,True,True,True,919.0,1172
60057,True,True,True,920.0,1174
60079,True,True,True,923.0,1178
60107,True,True,True,924.0,1179
60129,True,True,True,926.0,1182
60138,True,True,True,928.0,1185
60148,True,True,True,930.0,1187
60151,True,True,True,931.0,1188
60163,True,True,True,934.0,1191
60185,True,True,True,937.0,1196
60186,True,True,True,938.0,1197
60190,True,True,True,939.0,1198
60219,True,True,True,940.0,1200
60227,True,True,True,941.0,1201
60234,True,True,True,942.0,1202
60275,True,True,True,945.0,1205
60279,True,True,True,946.0,1206
60301,True,True,True,948.0,1210
60328,True,True,True,949.0,1211
60335,True,True,True,950.0,1212
60364,True,True,True,955.0,1218
60412,True,True,True,956.0,1223
60413,True,True,True,957.0,1224
60415,True,True,True,958.0,1225
60426,True,True,True,959.0,1227
60434,True,True,True,961.0,1229
60489,True,True,True,965.0,1237
60520,True,True,True,966.0,1238
60528,True,True,True,967.0,1239
60529,True,True,True,968.0,1240
60530,True,True,True,969.0,1241
60542,True,True,True,970.0,1243
60571,True,True,True,974.0,1247
60600,True,True,True,975.0,1248
60602,True,True,True,976.0,1249
60623,True,True,True,980.0,1253
60628,True,True,True,981.0,1254
60677,True,True,True,983.0,1259
60702,True,True,True,985.0,1261
60710,True,True,True,986.0,1263
60718,True,True,True,987.0,1264
60723,True,True,True,988.0,1265
60724,True,True,True,989.0,1266
60727,True,True,True,990.0,1267
60728,True,True,True,991.0,1268
60731,True,True,True,992.0,1269
60734,True,True,True,993.0,1270
60755,True,True,True,995.0,1272
60801,True,True,True,998.0,1278
60810,True,True,True,999.0,1280
60819,True,True,True,1000.0,1281
60835,True,True,True,1002.0,1284
60836,True,True,True,1003.0,1285
60876,True,True,True,1005.0,1288
60906,True,True,True,1006.0,1289
60940,True,True,True,1008.0,1292
60943,True,True,True,1009.0,1293
60972,True,True,True,1010.0,1296
60979,True,True,True,1011.0,1297
60997,True,True,True,1013.0,1299
61039,True,True,True,1014.0,1301
61049,True,True,True,1015.0,1302
61052,True,True,True,1016.0,1303
61066,True,True,True,1017.0,1305
61068,True,True,True,1018.0,1306
61080,True,True,True,1019.0,1307
61103,True,True,True,1020.0,1310
61120,True,True,True,1022.0,1312
61162,True,True,True,1024.0,1317
61197,True,True,True,1027.0,1320
61199,True,True,True,1028.0,1321
61214,True,True,True,1029.0,1322
61229,True,True,True,1031.0,1324
61264,True,True,True,1034.0,1328
61268,True,True,True,1035.0,1329
61343,True,True,True,1040.0,1334
61349,True,True,True,1041.0,1336
61387,True,True,True,1045.0,1341
61410,True,True,True,1047.0,1343
61416,True,True,True,1048.0,1344
61437,True,True,True,1052.0,1350
61457,True,True,True,1053.0,1352
61464,True,True,True,1054.0,1353
61475,True,True,True,1056.0,1355
61489,True,True,True,1057.0,1356
61498,True,True,True,1059.0,1358
61515,True,True,True,1061.0,1360
61516,True,True,True,1062.0,1361
61527,True,True,True,1063.0,1362
61535,True,True,True,1064.0,1363
61551,True,True,True,1065.0,1364
61559,True,True,True,1067.0,1366
61571,True,True,True,1069.0,1369
61593,True,True,True,1070.0,1370
61597,True,True,True,1071.0,1371
61606,True,True,True,1073.0,1373
61624,True,True,True,1075.0,1376
61627,True,True,True,1076.0,1377
61629,True,True,True,1077.0,1379
61873,True,True,True,1080.0,1384
61886,True,True,True,1081.0,1385
61954,True,True,True,1083.0,1389
61979,True,True,True,1085.0,1393
61980,True,True,True,1086.0,1394
61993,True,True,True,1087.0,1395
62098,True,True,True,1092.0,1403
62131,True,True,True,1093.0,1406
62190,True,True,True,1096.0,1412
62274,True,True,True,1099.0,1419
62281,True,True,True,1100.0,1420
62285,True,True,True,1101.0,1421
62293,True,True,True,1102.0,1422
62296,True,True,True,1103.0,1423
62300,True,True,True,1106.0,1426
62303,True,True,True,1107.0,1427
62305,True,True,True,1108.0,1428
62308,True,True,True,1109.0,1429
62321,True,True,True,1112.0,1434
62340,True,True,True,1116.0,1438
62344,True,True,True,1117.0,1439
62366,True,True,True,1120.0,1442
62369,True,True,True,1121.0,1443
62372,True,True,True,1122.0,1444
62376,True,True,True,1123.0,1445
62379,True,True,True,1125.0,1447
62385,True,True,True,1127.0,1449
62393,True,True,True,1129.0,1451
62394,True,True,True,1130.0,1452
62408,True,True,True,1133.0,1455
62411,True,True,True,1135.0,1457
62416,True,True,True,1137.0,1459
62417,True,True,True,1138.0,1460
62432,True,True,True,1140.0,1464
62433,True,True,True,1141.0,1465
62436,True,True,True,1142.0,1466
62439,True,True,True,1143.0,1467
62441,True,True,True,1145.0,1469
62443,True,True,True,1147.0,1471
62445,True,True,True,1148.0,1472
62448,True,True,True,1150.0,1475
62452,True,True,True,1151.0,1476
62465,True,True,True,1156.0,1482
62472,True,True,True,1160.0,1486
62473,True,True,True,1161.0,1487
62506,True,True,True,1162.0,1488
62548,True,True,True,1167.0,1493
62563,True,True,True,1168.0,1496
62603,True,True,True,1169.0,1501
62634,True,True,True,1173.0,1507
62731,True,True,True,1176.0,1514
62734,True,True,True,1177.0,1515
62814,True,True,True,1181.0,1525
62914,True,True,True,1184.0,1533
62930,True,True,True,1185.0,1535
62968,True,True,True,1187.0,1537
63068,True,True,True,1188.0,1538
63119,True,True,True,1191.0,1541
63136,True,True,True,1193.0,1546
63141,True,True,True,1195.0,1548
63142,True,True,True,1196.0,1549
63143,True,True,True,1197.0,1550
63144,True,True,True,1198.0,1551
63145,True,True,True,1199.0,1552
63147,True,True,True,1200.0,1553
63155,True,True,True,1202.0,1555
63164,True,True,True,1204.0,1557
63180,True,True,True,1206.0,1560
63181,True,True,True,1207.0,1561
63194,True,True,True,1209.0,1564
63196,True,True,True,1210.0,1565
63200,True,True,True,1211.0,1566
63203,True,True,True,1213.0,1568
63204,True,True,True,1214.0,1569
63207,True,True,True,1216.0,1571
6347,True,True,True,0.0,1
63613,True,True,True,1220.0,1578
63619,True,True,True,1222.0,1580
63649,True,True,True,1226.0,1584
63650,True,True,True,1227.0,1585
63655,True,True,True,1228.0,1586
63661,True,True,True,1229.0,1587
63663,True,True,True,1230.0,1588
63675,True,True,True,1233.0,1591
63678,True,True,True,1234.0,1592
63685,True,True,True,1237.0,1595
63688,True,True,True,1239.0,1597
63696,True,True,True,1240.0,1598
63707,True,True,True,1242.0,1600
63722,True,True,True,1245.0,1603
63732,True,True,True,1247.0,1605
63743,True,True,True,1248.0,1606
63779,True,True,True,1250.0,1609
63800,True,True,True,1251.0,1610
63802,True,True,True,1252.0,1611
63826,True,True,True,1253.0,1613
63915,True,True,True,1256.0,1616
63919,True,True,True,1257.0,1617
63931,True,True,True,1259.0,1619
63956,True,True,True,1261.0,1621
63961,True,True,True,1263.0,1623
63962,True,True,True,1264.0,1624
63963,True,True,True,1265.0,1625
63964,True,True,True,1266.0,1626
63965,True,True,True,1267.0,1627
63968,True,True,True,1268.0,1628
63971,True,True,True,1269.0,1629
63982,True,True,True,1272.0,1632
63988,True,True,True,1275.0,1635
63990,True,True,True,1276.0,1636
63991,True,True,True,1277.0,1637
63995,True,True,True,1278.0,1639
64003,True,True,True,1280.0,1641
64010,True,True,True,1281.0,1642
64012,True,True,True,1282.0,1643
64024,True,True,True,1286.0,1648
64048,True,True,True,1291.0,1655
64058,True,True,True,1292.0,1656
64065,True,True,True,1295.0,1659
64074,True,True,True,1297.0,1661
64084,True,True,True,1299.0,1663
64099,True,True,True,1302.0,1666
64100,True,True,True,1303.0,1667
64105,True,True,True,1304.0,1668
64106,True,True,True,1305.0,1669
64111,True,True,True,1306.0,1671
64118,True,True,True,1307.0,1673
64119,True,True,True,1308.0,1674
64122,True,True,True,1309.0,1675
64127,True,True,True,1311.0,1677
64128,True,True,True,1312.0,1678
64130,True,True,True,1313.0,1679
64132,True,True,True,1314.0,1680
64133,True,True,True,1315.0,1681
64135,True,True,True,1316.0,1682
64150,True,True,True,1322.0,1688
64158,True,True,True,1323.0,1689
64162,True,True,True,1324.0,1690
64166,True,True,True,1327.0,1693
64169,True,True,True,1329.0,1695
64173,True,True,True,1330.0,1696
64176,True,True,True,1332.0,1698
64185,True,True,True,1334.0,1700
64195,True,True,True,1335.0,1701
64197,True,True,True,1336.0,1702
64200,True,True,True,1337.0,1703
64203,True,True,True,1338.0,1704
64205,True,True,True,1339.0,1705
64206,True,True,True,1340.0,1706
64208,True,True,True,1341.0,1707
64214,True,True,True,1342.0,1709
64222,True,True,True,1344.0,1711
64223,True,True,True,1345.0,1712
64237,True,True,True,1349.0,1716
64239,True,True,True,1350.0,1717
64242,True,True,True,1351.0,1718
64253,True,True,True,1353.0,1720
64262,True,True,True,1355.0,1724
64265,True,True,True,1356.0,1725
64269,True,True,True,1357.0,1726
64271,True,True,True,1358.0,1727
64280,True,True,True,1360.0,1730
64286,True,True,True,1364.0,1734
64305,True,True,True,1369.0,1739
64306,True,True,True,1370.0,1740
64308,True,True,True,1372.0,1742
64309,True,True,True,1373.0,1743
64322,True,True,True,1375.0,1745
64327,True,True,True,1376.0,1746
64397,True,True,True,1380.0,1750
64421,True,True,True,1382.0,1752
64453,True,True,True,1383.0,1753
64462,True,True,True,1384.0,1754
64488,True,True,True,1385.0,1756
64542,True,True,True,1389.0,1761
64546,True,True,True,1390.0,1762
64561,True,True,True,1392.0,1764
64615,True,True,True,1393.0,1768
64644,True,True,True,1394.0,1770
64660,True,True,True,1395.0,1771
64738,True,True,True,1397.0,1780
64758,True,True,True,1398.0,1781
64766,True,True,True,1401.0,1784
64779,True,True,True,1403.0,1786
64810,True,True,True,1406.0,1790
64814,True,True,True,1408.0,1792
64823,True,True,True,1410.0,1794
64826,True,True,True,1411.0,1796
64839,True,True,True,1412.0,1798
64877,True,True,True,1413.0,1800
64894,True,True,True,1414.0,1801
64895,True,True,True,1415.0,1802
64907,True,True,True,1417.0,1804
64962,True,True,True,1420.0,1807
64972,True,True,True,1422.0,1809
65012,True,True,True,1423.0,1812
65033,True,True,True,1425.0,1814
65037,True,True,True,1427.0,1816
65038,True,True,True,1428.0,1817
65039,True,True,True,1429.0,1818
65042,True,True,True,1430.0,1820
65043,True,True,True,1431.0,1821
65044,True,True,True,1432.0,1822
65046,True,True,True,1433.0,1823
65048,True,True,True,1434.0,1824
65049,True,True,True,1435.0,1825
65050,True,True,True,1436.0,1826
65051,True,True,True,1437.0,1827
65053,True,True,True,1438.0,1828
65056,True,True,True,1439.0,1829
65057,True,True,True,1440.0,1830
65062,True,True,True,1441.0,1831
65067,True,True,True,1443.0,1833
65068,True,True,True,1444.0,1834
65071,True,True,True,1445.0,1835
65073,True,True,True,1447.0,1837
65079,True,True,True,1450.0,1840
65087,True,True,True,1451.0,1842
65088,True,True,True,1452.0,1843
65089,True,True,True,1453.0,1844
65093,True,True,True,1454.0,1847
65095,True,True,True,1455.0,1848
65100,True,True,True,1456.0,1849
65103,True,True,True,1457.0,1851
65123,True,True,True,1460.0,1856
65128,True,True,True,1461.0,1858
65129,True,True,True,1462.0,1859
65130,True,True,True,1463.0,1860
65141,True,True,True,1464.0,1861
65152,True,True,True,1465.0,1862
65170,True,True,True,1468.0,1866
65171,True,True,True,1469.0,1867
65197,True,True,True,1473.0,1871
65270,True,True,True,1479.0,1878
65300,True,True,True,1480.0,1880
65305,True,True,True,1481.0,1881
65333,True,True,True,1482.0,1882
65359,True,True,True,1483.0,1883
65418,True,True,True,1489.0,1891
65597,True,True,True,1498.0,1907
65613,True,True,True,1499.0,1909
65726,True,True,True,1501.0,1912
65765,True,True,True,1502.0,1914
65802,True,True,True,1504.0,1917
65849,True,True,True,1505.0,1918
65896,True,True,True,1509.0,1922
65923,True,True,True,1510.0,1923
65943,True,True,True,1512.0,1925
66050,True,True,True,1514.0,1930
66063,True,True,True,1517.0,1933
66080,True,True,True,1519.0,1935
66086,True,True,True,1520.0,1936
66088,True,True,True,1521.0,1937
66151,True,True,True,1525.0,1942
66158,True,True,True,1526.0,1943
66265,True,True,True,1528.0,1946
66281,True,True,True,1529.0,1947
66353,True,True,True,1530.0,1948
66443,True,True,True,1532.0,1950
66550,True,True,True,1533.0,1953
66623,True,True,True,1534.0,1956
66658,True,True,True,1536.0,1958
66664,True,True,True,1539.0,1961
66667,True,True,True,1540.0,1962
66678,True,True,True,1541.0,1964
66714,True,True,True,1542.0,1967
66726,True,True,True,1544.0,1969
66761,True,True,True,1545.0,1970
66771,True,True,True,1546.0,1971
66806,True,True,True,1549.0,1975
66821,True,True,True,1551.0,1978
66837,True,True,True,1552.0,1979
66846,True,True,True,1553.0,1980
66980,True,True,True,1563.0,1993
66982,True,True,True,1564.0,1994
66988,True,True,True,1565.0,1995
67009,True,True,True,1568.0,1999
67024,True,True,True,1570.0,2003
67055,True,True,True,1575.0,2008
67060,True,True,True,1577.0,2010
67070,True,True,True,1578.0,2011
67091,True,True,True,1579.0,2013
67102,True,True,True,1580.0,2014
67118,True,True,True,1581.0,2015
67129,True,True,True,1583.0,2017
67131,True,True,True,1585.0,2019
67140,True,True,True,1587.0,2021
67141,True,True,True,1588.0,2022
67144,True,True,True,1589.0,2023
67147,True,True,True,1591.0,2025
67153,True,True,True,1593.0,2029
67155,True,True,True,1594.0,2030
67157,True,True,True,1595.0,2031
67164,True,True,True,1597.0,2033
67166,True,True,True,1598.0,2034
67171,True,True,True,1601.0,2038
67176,True,True,True,1602.0,2039
67186,True,True,True,1605.0,2042
67191,True,True,True,1606.0,2043
67193,True,True,True,1607.0,2044
67194,True,True,True,1608.0,2045
67195,True,True,True,1609.0,2046
67206,True,True,True,1612.0,2049
67215,True,True,True,1615.0,2052
67223,True,True,True,1616.0,2053
67228,True,True,True,1618.0,2055
67235,True,True,True,1620.0,2057
67241,True,True,True,1621.0,2058
67254,True,True,True,1623.0,2061
67306,True,True,True,1625.0,2066
67370,True,True,True,1626.0,2069
67396,True,True,True,1628.0,2072
67415,True,True,True,1630.0,2074
67443,True,True,True,1633.0,2078
67470,True,True,True,1635.0,2081
67477,True,True,True,1636.0,2082
67489,True,True,True,1638.0,2084
67501,True,True,True,1639.0,2085
67527,True,True,True,1641.0,2087
67534,True,True,True,1642.0,2089
67563,True,True,True,1644.0,2092
67574,True,True,True,1645.0,2093
67624,True,True,True,1647.0,2096
67640,True,True,True,1650.0,2099
67681,True,True,True,1652.0,2103
67718,True,True,True,1654.0,2106
67744,True,True,True,1655.0,2108
67756,True,True,True,1657.0,2110
67773,True,True,True,1658.0,2113
67815,True,True,True,1661.0,2116
67855,True,True,True,1665.0,2121
67890,True,True,True,1666.0,2125
67975,True,True,True,1672.0,2134
67980,True,True,True,1673.0,2135
67981,True,True,True,1674.0,2136
67986,True,True,True,1675.0,2137
68009,True,True,True,1678.0,2142
68011,True,True,True,1679.0,2143
68019,True,True,True,1680.0,2144
68027,True,True,True,1681.0,2146
68049,True,True,True,1683.0,2148
68055,True,True,True,1684.0,2150
68056,True,True,True,1685.0,2151
68067,True,True,True,1686.0,2152
68148,True,True,True,1689.0,2157
68204,True,True,True,1697.0,2167
68208,True,True,True,1698.0,2168
68212,True,True,True,1699.0,2170
68214,True,True,True,1700.0,2171
68220,True,True,True,1701.0,2172
68229,True,True,True,1702.0,2173
68230,True,True,True,1703.0,2174
68246,True,True,True,1705.0,2176
68262,True,True,True,1707.0,2178
68404,True,True,True,1715.0,2191
68447,True,True,True,1719.0,2195
68461,True,True,True,1720.0,2196
68473,True,True,True,1722.0,2200
68475,True,True,True,1723.0,2201
68509,True,True,True,1725.0,2204
68513,True,True,True,1726.0,2205
68519,True,True,True,1728.0,2207
68522,True,True,True,1729.0,2208
68526,True,True,True,1730.0,2209
68567,True,True,True,1732.0,2212
68571,True,True,True,1733.0,2213
68578,True,True,True,1734.0,2214
68606,True,True,True,1735.0,2216
68629,True,True,True,1737.0,2219
68644,True,True,True,1738.0,2221
68650,True,True,True,1740.0,2223
68669,True,True,True,1743.0,2226
68768,True,True,True,1746.0,2232
68826,True,True,True,1747.0,2233
68904,True,True,True,1751.0,2238
68958,True,True,True,1754.0,2243
68990,True,True,True,1755.0,2245
69030,True,True,True,1756.0,2246
69073,True,True,True,1759.0,2250
69189,True,True,True,1766.0,2262
69204,True,True,True,1767.0,2264
69333,True,True,True,1771.0,2268
69444,True,True,True,1774.0,2273
69527,True,True,True,1776.0,2275
69543,True,True,True,1777.0,2276
69564,True,True,True,1779.0,2278
69570,True,True,True,1780.0,2279
69583,True,True,True,1781.0,2280
69598,True,True,True,1782.0,2282
69660,True,True,True,1787.0,2288
69661,True,True,True,1788.0,2289
69663,True,True,True,1789.0,2290
69664,True,True,True,1790.0,2291
69665,True,True,True,1791.0,2292
69670,True,True,True,1792.0,2293
69671,True,True,True,1793.0,2294
69672,True,True,True,1794.0,2295
69676,True,True,True,1796.0,2297
69680,True,True,True,1799.0,2300
69686,True,True,True,1800.0,2301
69689,True,True,True,1801.0,2302
69690,True,True,True,1802.0,2303
69692,True,True,True,1803.0,2304
69695,True,True,True,1804.0,2305
69698,True,True,True,1805.0,2306
69708,True,True,True,1808.0,2310
69710,True,True,True,1810.0,2312
69711,True,True,True,1811.0,2313
69718,True,True,True,1812.0,2316
69724,True,True,True,1814.0,2318
69732,True,True,True,1816.0,2321
69735,True,True,True,1817.0,2322
69738,True,True,True,1818.0,2323
69740,True,True,True,1819.0,2324
69744,True,True,True,1820.0,2325
69750,True,True,True,1821.0,2326
69755,True,True,True,1822.0,2327
69763,True,True,True,1824.0,2330
69769,True,True,True,1825.0,2331
69772,True,True,True,1826.0,2332
69859,True,True,True,1830.0,2338
69869,True,True,True,1831.0,2340
69882,True,True,True,1833.0,2342
69887,True,True,True,1834.0,2343
69897,True,True,True,1835.0,2344
69901,True,True,True,1836.0,2345
69904,True,True,True,1838.0,2347
69907,True,True,True,1839.0,2348
69957,True,True,True,1840.0,2350
69980,True,True,True,1842.0,2352
69990,True,True,True,1844.0,2354
69999,True,True,True,1846.0,2356
70064,True,True,True,1847.0,2360
70074,True,True,True,1848.0,2362
70087,True,True,True,1850.0,2364
70120,True,True,True,1856.0,2371
70122,True,True,True,1857.0,2372
70159,True,True,True,1858.0,2373
70252,True,True,True,1863.0,2380
70269,True,True,True,1865.0,2382
70270,True,True,True,1866.0,2383
70273,True,True,True,1868.0,2385
70285,True,True,True,1869.0,2386
70294,True,True,True,1870.0,2387
70304,True,True,True,1871.0,2388
70307,True,True,True,1872.0,2389
70312,True,True,True,1874.0,2391
70317,True,True,True,1875.0,2392
70338,True,True,True,1876.0,2394
70356,True,True,True,1879.0,2397
70369,True,True,True,1880.0,2398
70451,True,True,True,1883.0,2402
70459,True,True,True,1884.0,2404
70469,True,True,True,1886.0,2407
70485,True,True,True,1887.0,2409
70569,True,True,True,1889.0,2413
70617,True,True,True,1891.0,2417
70699,True,True,True,1894.0,2420
70848,True,True,True,1900.0,2429
70925,True,True,True,1907.0,2437
70960,True,True,True,1908.0,2438
71049,True,True,True,1910.0,2441
71055,True,True,True,1911.0,2442
71287,True,True,True,1914.0,2451
71288,True,True,True,1915.0,2452
71290,True,True,True,1917.0,2454
71301,True,True,True,1919.0,2456
71316,True,True,True,1920.0,2457
71322,True,True,True,1921.0,2458
71332,True,True,True,1923.0,2461
71386,True,True,True,1926.0,2465
71388,True,True,True,1927.0,2466
71412,True,True,True,1929.0,2468
71454,True,True,True,1930.0,2470
71461,True,True,True,1931.0,2471
71484,True,True,True,1932.0,2474
71490,True,True,True,1934.0,2476
71492,True,True,True,1936.0,2478
71508,True,True,True,1939.0,2482
71532,True,True,True,1944.0,2487
71540,True,True,True,1946.0,2489
71590,True,True,True,1948.0,2492
71596,True,True,True,1949.0,2493
71617,True,True,True,1951.0,2495
71618,True,True,True,1952.0,2496
71623,True,True,True,1953.0,2497
71659,True,True,True,1956.0,2502
71672,True,True,True,1957.0,2503
71685,True,True,True,1958.0,2504
71693,True,True,True,1959.0,2505
71700,True,True,True,1960.0,2506
71734,True,True,True,1965.0,2511
71735,True,True,True,1966.0,2512
71775,True,True,True,1971.0,2517
71789,True,True,True,1972.0,2518
71822,True,True,True,1976.0,2523
71833,True,True,True,1977.0,2524
71836,True,True,True,1978.0,2525
71932,True,True,True,1980.0,2528
71939,True,True,True,1981.0,2529
71981,True,True,True,1982.0,2530
71986,True,True,True,1983.0,2531
72001,True,True,True,1984.0,2532
72004,True,True,True,1985.0,2533
72168,True,True,True,1992.0,2543
72195,True,True,True,1993.0,2544
72234,True,True,True,1995.0,2546
72316,True,True,True,1999.0,2551
72380,True,True,True,2003.0,2557
72412,True,True,True,2005.0,2559
72457,True,True,True,2008.0,2562
72548,True,True,True,2010.0,2565
72558,True,True,True,2011.0,2566
72573,True,True,True,2012.0,2567
72600,True,True,True,2015.0,2570
72629,True,True,True,2016.0,2572
72671,True,True,True,2018.0,2574
72846,True,True,True,2024.0,2583
72872,True,True,True,2025.0,2584
72874,True,True,True,2026.0,2585
72877,True,True,True,2029.0,2588
72878,True,True,True,2030.0,2589
72881,True,True,True,2032.0,2591
72882,True,True,True,2033.0,2592
72883,True,True,True,2034.0,2593
72884,True,True,True,2035.0,2594
72885,True,True,True,2036.0,2595
72886,True,True,True,2037.0,2596
72888,True,True,True,2038.0,2597
72890,True,True,True,2039.0,2598
72891,True,True,True,2040.0,2599
72893,True,True,True,2041.0,2600
72900,True,True,True,2044.0,2604
72902,True,True,True,2045.0,2605
72903,True,True,True,2046.0,2606
72908,True,True,True,2048.0,2609
72910,True,True,True,2049.0,2610
72915,True,True,True,2051.0,2612
72918,True,True,True,2052.0,2613
72919,True,True,True,2053.0,2614
72920,True,True,True,2054.0,2615
72922,True,True,True,2055.0,2616
72928,True,True,True,2056.0,2618
72937,True,True,True,2058.0,2621
72940,True,True,True,2059.0,2622
72943,True,True,True,2060.0,2623
72951,True,True,True,2061.0,2625
72952,True,True,True,2062.0,2626
72973,True,True,True,2065.0,2629
72976,True,True,True,2067.0,2631
72977,True,True,True,2068.0,2632
72979,True,True,True,2069.0,2633
72981,True,True,True,2070.0,2634
72983,True,True,True,2071.0,2635
72988,True,True,True,2072.0,2637
72990,True,True,True,2073.0,2638
73061,True,True,True,2075.0,2641
73113,True,True,True,2076.0,2642
73264,True,True,True,2078.0,2646
74139,True,True,True,2081.0,2650
74209,True,True,True,2083.0,2652
74213,True,True,True,2084.0,2653
74240,True,True,True,2085.0,2654
74302,True,True,True,2086.0,2656
74442,True,True,True,2088.0,2658
74538,True,True,True,2089.0,2659
74604,True,True,True,2093.0,2664
74660,True,True,True,2097.0,2668
136225,True,True,False,2100.0,2672
136334,True,True,False,2101.0,2673
136481,True,True,False,2103.0,2676
136667,True,True,False,2105.0,2680
136706,True,True,False,2106.0,2681
136762,True,True,False,2109.0,2685
137110,True,True,False,2110.0,2686
137116,True,True,False,2112.0,2688
137140,True,True,False,2113.0,2689
137144,True,True,False,2114.0,2690
137207,True,True,False,2115.0,2691
137240,True,True,False,2116.0,2692
137273,True,True,False,2117.0,2694
137325,True,True,False,2118.0,2695
137334,True,True,False,2119.0,2696
137669,True,True,False,2122.0,2700
138028,True,True,False,2124.0,2703
138051,True,True,False,2125.0,2704
138087,True,True,False,2126.0,2705
138159,True,True,False,2127.0,2706
138226,True,True,False,2128.0,2707
138227,True,True,False,2129.0,2708
138265,True,True,False,2130.0,2709
138294,True,True,False,2131.0,2710
138400,True,True,False,2133.0,2712
138460,True,True,False,2134.0,2713
138474,True,True,False,2135.0,2714
139127,True,True,False,2138.0,2719
139234,True,True,False,2139.0,2720
139264,True,True,False,2140.0,2721
139357,True,True,False,2141.0,2722
139675,True,True,False,2142.0,2725
139725,True,True,False,2143.0,2726
139773,True,True,False,2144.0,2727
139964,True,True,False,2147.0,2730
139974,True,True,False,2148.0,2731
139987,True,True,False,2149.0,2732
140068,True,True,False,2150.0,2736
140114,True,True,False,2152.0,2738
140199,True,True,False,2154.0,2740
140260,True,True,False,2157.0,2743
147432,True,True,False,2161.0,2747
147551,True,True,False,2162.0,2748
147555,True,True,False,2163.0,2749
147583,True,True,False,2164.0,2750
147584,True,True,False,2165.0,2751
147678,True,True,False,2166.0,2752
147681,True,True,False,2167.0,2753
147745,True,True,False,2168.0,2754
147788,True,True,False,2173.0,2759
148130,True,True,False,2174.0,2760
148889,True,True,False,2177.0,2767
148956,True,True,False,2178.0,2768
149098,True,True,False,2180.0,2771
149357,True,True,False,2181.0,2772
149664,True,True,False,2183.0,2774
149735,True,True,False,2185.0,2776
149762,True,True,False,2187.0,2778
150024,True,True,False,2189.0,2781
150179,True,True,False,2190.0,2785
150221,True,True,False,2192.0,2787
151765,True,True,False,2195.0,2790
151818,True,True,False,2197.0,2792
152154,True,True,False,2199.0,2795
152441,True,True,False,2200.0,2796
152811,True,True,False,2202.0,2798
152905,True,True,False,2203.0,2799
152926,True,True,False,2204.0,2800
153242,True,True,False,2206.0,2803
153356,True,True,False,2207.0,2805
153450,True,True,False,2208.0,2806
153456,True,True,False,2211.0,2809
170273,True,True,False,2215.0,2820
170654,True,True,False,2217.0,2823
171669,True,True,False,2219.0,2826
184203,True,True,False,2222.0,2830
184400,True,True,False,2223.0,2831
188405,True,True,False,2224.0,2832
194671,True,True,False,2225.0,2834
202157,True,True,False,2227.0,2837
203531,True,True,False,2228.0,2838
204379,True,True,False,2229.0,2839
206640,True,True,False,2231.0,2841
210762,True,True,False,2233.0,2843
212889,True,True,False,2234.0,2844
213280,True,True,False,2235.0,2845
213764,True,True,False,2236.0,2849
213855,True,True,False,2238.0,2851
213869,True,True,False,2239.0,2852
213908,True,True,False,2240.0,2853
214274,True,True,False,2242.0,2855
214378,True,True,False,2243.0,2856
214869,True,True,False,2244.0,2857
214878,True,True,False,2246.0,2859
215088,True,True,False,2248.0,2861
215554,True,True,False,2249.0,2863
215913,True,True,False,2251.0,2866
216870,True,True,False,2256.0,2871
217805,True,True,False,2259.0,2874
217992,True,True,False,2261.0,2878
218025,True,True,False,2262.0,2879
218226,True,True,False,2263.0,2880
228599,True,True,False,2265.0,2883
228603,True,True,False,2266.0,2885
228635,True,True,False,2267.0,2887
228866,True,True,False,2268.0,2888
229444,True,True,False,2273.0,2894
229510,True,True,False,2275.0,2897
229848,True,True,False,2276.0,2898
230079,True,True,False,2280.0,2902
230234,True,True,False,2284.0,2906
230604,True,True,False,2287.0,2909
230803,True,True,False,2288.0,2910
230806,True,True,False,2289.0,2911
230832,True,True,False,2291.0,2915
230850,True,True,False,2292.0,2916
231153,True,True,False,2295.0,2920
231235,True,True,False,2296.0,2921
231307,True,True,False,2297.0,2922
231419,True,True,False,2300.0,2926
231501,True,True,False,2301.0,2927
231630,True,True,False,2302.0,2929
232223,True,True,False,2303.0,2930
232334,True,True,False,2304.0,2932
234481,True,True,False,2307.0,2935
234483,True,True,False,2308.0,2936
234486,True,True,False,2309.0,2937
234668,True,True,False,2311.0,2940
234817,True,True,False,2314.0,2943
234903,True,True,False,2315.0,2945
235112,True,True,False,2318.0,2949
235115,True,True,False,2319.0,2950
241194,True,True,False,2320.0,2951
241359,True,True,False,2322.0,2954
241360,True,True,False,2323.0,2955
241477,True,True,False,2325.0,2957
241599,True,True,False,2326.0,2958
241772,True,True,False,2328.0,2961
242317,True,True,False,2329.0,2962
242337,True,True,False,2330.0,2963
242505,True,True,False,2331.0,2966
242755,True,True,False,2335.0,2972
242781,True,True,False,2336.0,2973
242897,True,True,False,2338.0,2975
242898,True,True,False,2339.0,2976
242938,True,True,False,2340.0,2977
243023,True,True,False,2341.0,2978
243039,True,True,False,2342.0,2979
243232,True,True,False,2344.0,2982
243236,True,True,False,2345.0,2983
243349,True,True,False,2347.0,2985
243350,True,True,False,2348.0,2986
243367,True,True,False,2349.0,2987
243440,True,True,False,2350.0,2988
243494,True,True,False,2351.0,2989
243504,True,True,False,2352.0,2990
243667,True,True,False,2356.0,2994
243706,True,True,False,2357.0,2995
243732,True,True,False,2358.0,2997
244111,True,True,False,2360.0,2999
244112,True,True,False,2361.0,3000
244249,True,True,False,2362.0,3003
244345,True,True,False,2363.0,3004
244400,True,True,False,2364.0,3006
244409,True,True,False,2367.0,3009
244454,True,True,False,2368.0,3010
244491,True,True,False,2369.0,3012
244495,True,True,False,2370.0,3013
247733,True,True,False,2372.0,3017
247801,True,True,False,2373.0,3018
247807,True,True,False,2374.0,3019
248048,True,True,False,2376.0,3021
248693,True,True,False,2378.0,3023
248845,True,True,False,2380.0,3025
248877,True,True,False,2381.0,3026
248944,True,True,False,2382.0,3027
248952,True,True,False,2383.0,3028
248987,True,True,False,2384.0,3029
249029,True,True,False,2386.0,3031
249678,True,True,False,2389.0,3034
249820,True,True,False,2390.0,3035
250043,True,True,False,2392.0,3037
250104,True,True,False,2393.0,3038
250202,True,True,False,2395.0,3040
250672,True,True,False,2399.0,3047
250763,True,True,False,2400.0,3048
250801,True,True,False,2401.0,3049
250805,True,True,False,2402.0,3050
251013,True,True,False,2404.0,3055
251019,True,True,False,2405.0,3056
251040,True,True,False,2406.0,3057
251041,True,True,False,2407.0,3058
251042,True,True,False,2408.0,3059
251214,True,True,False,2411.0,3064
251215,True,True,False,2412.0,3065
251368,True,True,False,2413.0,3066
251588,True,True,False,2415.0,3068
251937,True,True,False,2416.0,3074
252002,True,True,False,2417.0,3075
252012,True,True,False,2418.0,3076
252053,True,True,False,2419.0,3077
252054,True,True,False,2420.0,3078
253882,True,True,False,2422.0,3081
253906,True,True,False,2423.0,3083
254160,True,True,False,2424.0,3085
254299,True,True,False,2426.0,3088
254328,True,True,False,2427.0,3089
254418,True,True,False,2428.0,3091
254452,True,True,False,2429.0,3092
254454,True,True,False,2431.0,3094
254549,True,True,False,2432.0,3097
254928,True,True,False,2433.0,3098
255277,True,True,False,2434.0,3100
255430,True,True,False,2436.0,3102
255915,True,True,False,2438.0,3106
256025,True,True,False,2440.0,3108
257171,True,True,False,2442.0,3113
257957,True,True,False,2444.0,3115
258295,True,True,False,2446.0,3117
258363,True,True,False,2447.0,3118
258364,True,True,False,2448.0,3119
258441,True,True,False,2449.0,3120
258469,True,True,False,2451.0,3122
258513,True,True,False,2452.0,3125
258790,True,True,False,2454.0,3128
258809,True,True,False,2455.0,3129
258831,True,True,False,2456.0,3130
258873,True,True,False,2457.0,3131
258878,True,True,False,2459.0,3133
258895,True,True,False,2460.0,3134
258897,True,True,False,2461.0,3135
258899,True,True,False,2462.0,3136
259026,True,True,False,2463.0,3137
259327,True,True,False,2464.0,3138
259433,True,True,False,2467.0,3141
259434,True,True,False,2468.0,3142
259483,True,True,False,2469.0,3143
259576,True,True,False,2471.0,3146
259578,True,True,False,2472.0,3147
259584,True,True,False,2474.0,3149
259655,True,True,False,2476.0,3151
259695,True,True,False,2477.0,3152
259813,True,True,False,2478.0,3153
259982,True,True,False,2481.0,3157
260170,True,True,False,2483.0,3159
260201,True,True,False,2484.0,3160
260364,True,True,False,2485.0,3161
260500,True,True,False,2488.0,3164
260501,True,True,False,2489.0,3165
260605,True,True,False,2491.0,3168
260607,True,True,False,2492.0,3169
260611,True,True,False,2493.0,3170
260636,True,True,False,2495.0,3173
260640,True,True,False,2496.0,3174
260658,True,True,False,2498.0,3176
260723,True,True,False,2499.0,3177
260786,True,True,False,2500.0,3178
260787,True,True,False,2501.0,3179
260927,True,True,False,2503.0,3181
260929,True,True,False,2504.0,3182
260941,True,True,False,2505.0,3183
260949,True,True,False,2506.0,3184
260969,True,True,False,2507.0,3185
261048,True,True,False,2508.0,3188
261149,True,True,False,2510.0,3190
261174,True,True,False,2512.0,3192
261262,True,True,False,2513.0,3195
261263,True,True,False,2514.0,3196
261266,True,True,False,2515.0,3197
261841,True,True,False,2520.0,3204
261849,True,True,False,2521.0,3206
261925,True,True,False,2522.0,3207
261980,True,True,False,2523.0,3208
261982,True,True,False,2524.0,3209
261983,True,True,False,2525.0,3210
262007,True,True,False,2526.0,3211
262199,True,True,False,2528.0,3214
262241,True,True,False,2529.0,3216
262347,True,True,False,2532.0,3219
262439,True,True,False,2534.0,3221
262472,True,True,False,2535.0,3222
262495,True,True,False,2536.0,3223
262496,True,True,False,2537.0,3224
262499,True,True,False,2538.0,3225
262511,True,True,False,2539.0,3226
262518,True,True,False,2540.0,3227
262673,True,True,False,2544.0,3232
263107,True,True,False,2546.0,3235
263109,True,True,False,2547.0,3236
263153,True,True,False,2548.0,3237
263156,True,True,False,2550.0,3239
263160,True,True,False,2552.0,3241
263227,True,True,False,2553.0,3242
263281,True,True,False,2555.0,3244
263283,True,True,False,2556.0,3245
263340,True,True,False,2557.0,3248
263351,True,True,False,2558.0,3249
263365,True,True,False,2559.0,3250
263367,True,True,False,2560.0,3251
263385,True,True,False,2561.0,3252
263859,True,True,False,2563.0,3254
263862,True,True,False,2564.0,3255
263864,True,True,False,2565.0,3256
263866,True,True,False,2566.0,3257
263887,True,True,False,2569.0,3260
263947,True,True,False,2570.0,3261
264120,True,True,False,2571.0,3264
264123,True,True,False,2572.0,3265
264256,True,True,False,2575.0,3269
264303,True,True,False,2576.0,3270
264366,True,True,False,2577.0,3271
264703,True,True,False,2581.0,3275
264710,True,True,False,2583.0,3277
264727,True,True,False,2584.0,3278
264852,True,True,False,2585.0,3279
264979,True,True,False,2586.0,3281
265109,True,True,False,2589.0,3285
265143,True,True,False,2590.0,3286
265145,True,True,False,2591.0,3287
265146,True,True,False,2592.0,3288
265204,True,True,False,2594.0,3290
265359,True,True,False,2596.0,3292
265360,True,True,False,2597.0,3293
265401,True,True,False,2598.0,3294
265476,True,True,False,2601.0,3297
265501,True,True,False,2602.0,3298
265502,True,True,False,2603.0,3299
265586,True,True,False,2604.0,3300
265975,True,True,False,2607.0,3305
266074,True,True,False,2608.0,3306
266079,True,True,False,2609.0,3307
266087,True,True,False,2610.0,3308
266088,True,True,False,2611.0,3309
266104,True,True,False,2612.0,3310
266184,True,True,False,2613.0,3313
266261,True,True,False,2614.0,3314
266388,True,True,False,2618.0,3321
266458,True,True,False,2620.0,3324
266461,True,True,False,2622.0,3326
266496,True,True,False,2624.0,3328
266634,True,True,False,2626.0,3331
266672,True,True,False,2629.0,3334
266758,True,True,False,2630.0,3335
266768,True,True,False,2631.0,3336
266774,True,True,False,2634.0,3340
266775,True,True,False,2635.0,3341
266853,True,True,False,2636.0,3342
266913,True,True,False,2637.0,3343
266921,True,True,False,2639.0,3345
267004,True,True,False,2640.0,3346
267005,True,True,False,2641.0,3347
267015,True,True,False,2642.0,3349
267030,True,True,False,2643.0,3350
267031,True,True,False,2644.0,3351
267032,True,True,False,2645.0,3352
267151,True,True,False,2647.0,3356
267232,True,True,False,2648.0,3357
267252,True,True,False,2649.0,3358
267301,True,True,False,2650.0,3359
267368,True,True,False,2652.0,3361
267487,True,True,False,2656.0,3366
267520,True,True,False,2658.0,3370
267522,True,True,False,2660.0,3372
267523,True,True,False,2661.0,3373
267549,True,True,False,2662.0,3375
267629,True,True,False,2664.0,3378
267666,True,True,False,2665.0,3379
267766,True,True,False,2666.0,3380
267805,True,True,False,2667.0,3381
267819,True,True,False,2668.0,3382
267835,True,True,False,2669.0,3383
267836,True,True,False,2670.0,3384
267838,True,True,False,2672.0,3386
267893,True,True,False,2673.0,3387
267907,True,True,False,2675.0,3389
267926,True,True,False,2676.0,3390
268007,True,True,False,2679.0,3394
268023,True,True,False,2680.0,3396
268025,True,True,False,2681.0,3397
268086,True,True,False,2685.0,3402
268089,True,True,False,2686.0,3405
268139,True,True,False,2688.0,3409
268505,True,True,False,2692.0,3415
268507,True,True,False,2693.0,3416
268522,True,True,False,2694.0,3417
268533,True,True,False,2695.0,3418
268534,True,True,False,2696.0,3419
268539,True,True,False,2697.0,3420
268553,True,True,False,2698.0,3422
268574,True,True,False,2699.0,3423
268575,True,True,False,2700.0,3424
268594,True,True,False,2702.0,3427
268595,True,True,False,2703.0,3428
268615,True,True,False,2705.0,3431
268630,True,True,False,2707.0,3433
268653,True,True,False,2708.0,3434
268680,True,True,False,2710.0,3436
268713,True,True,False,2712.0,3441
268879,True,True,False,2713.0,3443
268884,True,True,False,2714.0,3445
268898,True,True,False,2715.0,3446
268902,True,True,False,2717.0,3449
268918,True,True,False,2718.0,3450
269199,True,True,False,2725.0,3459
269202,True,True,False,2727.0,3461
269354,True,True,False,2729.0,3464
269391,True,True,False,2733.0,3468
269405,True,True,False,2734.0,3469
269476,True,True,False,2736.0,3472
269480,True,True,False,2737.0,3473
269497,True,True,False,2739.0,3475
269501,True,True,False,2740.0,3477
269610,True,True,False,2743.0,3481
269612,True,True,False,2744.0,3482
269641,True,True,False,2746.0,3485
269664,True,True,False,2747.0,3486
269666,True,True,False,2748.0,3487
269711,True,True,False,2751.0,3490
269751,True,True,False,2752.0,3492
269769,True,True,False,2753.0,3494
269771,True,True,False,2754.0,3495
270035,True,True,False,2758.0,3499
270069,True,True,False,2761.0,3502
270092,True,True,False,2762.0,3505
270100,True,True,False,2763.0,3506
270103,True,True,False,2764.0,3507
270267,True,True,False,2766.0,3510
270301,True,True,False,2767.0,3511
270418,True,True,False,2768.0,3512
270443,True,True,False,2769.0,3513
273586,True,True,False,2777.0,3525
273641,True,True,False,2778.0,3526
273671,True,True,False,2779.0,3527
273699,True,True,False,2780.0,3528
273700,True,True,False,2781.0,3529
273733,True,True,False,2782.0,3530
273815,True,True,False,2784.0,3532
273827,True,True,False,2785.0,3533
273830,True,True,False,2786.0,3534
273833,True,True,False,2788.0,3536
273875,True,True,False,2789.0,3538
273876,True,True,False,2790.0,3539
273878,True,True,False,2791.0,3540
273895,True,True,False,2794.0,3543
273918,True,True,False,2795.0,3544
273978,True,True,False,2796.0,3546
273982,True,True,False,2797.0,3547
274006,True,True,False,2798.0,3548
274020,True,True,False,2800.0,3550
274185,True,True,False,2803.0,3555
274302,True,True,False,2805.0,3559
274327,True,True,False,2806.0,3560
274541,True,True,False,2807.0,3562
274777,True,True,False,2810.0,3566
274822,True,True,False,2814.0,3572
274823,True,True,False,2815.0,3573
274879,True,True,False,2816.0,3574
274880,True,True,False,2817.0,3575
274923,True,True,False,2819.0,3581
275016,True,True,False,2822.0,3585
275039,True,True,False,2823.0,3587
275040,True,True,False,2824.0,3588
275079,True,True,False,2826.0,3591
275127,True,True,False,2827.0,3592
275130,True,True,False,2828.0,3593
275152,True,True,False,2829.0,3594
275182,True,True,False,2830.0,3596
275184,True,True,False,2831.0,3597
275220,True,True,False,2833.0,3600
275227,True,True,False,2835.0,3602
275247,True,True,False,2837.0,3605
275282,True,True,False,2840.0,3608
275283,True,True,False,2841.0,3609
275355,True,True,False,2842.0,3611
275590,True,True,False,2844.0,3618
275592,True,True,False,2845.0,3619
275593,True,True,False,2846.0,3620
275609,True,True,False,2848.0,3623
275934,True,True,False,2850.0,3625
275986,True,True,False,2851.0,3626
275989,True,True,False,2852.0,3627
276019,True,True,False,2853.0,3628
276022,True,True,False,2854.0,3629
276058,True,True,False,2856.0,3632
276084,True,True,False,2858.0,3634
276112,True,True,False,2859.0,3635
276113,True,True,False,2860.0,3636
276377,True,True,False,2862.0,3638
276480,True,True,False,2864.0,3640
276497,True,True,False,2865.0,3641
276498,True,True,False,2866.0,3642
276501,True,True,False,2867.0,3643
276524,True,True,False,2868.0,3644
276568,True,True,False,2871.0,3647
276572,True,True,False,2872.0,3648
276607,True,True,False,2874.0,3650
276608,True,True,False,2875.0,3651
276612,True,True,False,2877.0,3653
276628,True,True,False,2878.0,3654
276629,True,True,False,2879.0,3655
276630,True,True,False,2880.0,3656
276667,True,True,False,2881.0,3658
276740,True,True,False,2883.0,3661
276746,True,True,False,2884.0,3662
277104,True,True,False,2887.0,3670
277228,True,True,False,2891.0,3675
277229,True,True,False,2892.0,3676
277230,True,True,False,2893.0,3677
277300,True,True,False,2894.0,3682
277313,True,True,False,2895.0,3686
277330,True,True,False,2896.0,3687
277332,True,True,False,2898.0,3689
277377,True,True,False,2900.0,3692
277424,True,True,False,2902.0,3695
277433,True,True,False,2904.0,3699
277434,True,True,False,2905.0,3700
277463,True,True,False,2906.0,3701
277466,True,True,False,2907.0,3702
277470,True,True,False,2908.0,3703
277578,True,True,False,2909.0,3706
277687,True,True,False,2911.0,3710
278181,True,True,False,2914.0,3714
278252,True,True,False,2917.0,3717
278296,True,True,False,2919.0,3719
278300,True,True,False,2920.0,3722
278334,True,True,False,2921.0,3723
278335,True,True,False,2922.0,3724
278336,True,True,False,2923.0,3725
278419,True,True,False,2924.0,3727
278463,True,True,False,2926.0,3732
278469,True,True,False,2927.0,3733
278497,True,True,False,2928.0,3734
278499,True,True,False,2929.0,3735
278581,True,True,False,2932.0,3738
278609,True,True,False,2933.0,3739
278612,True,True,False,2934.0,3740
278703,True,True,False,2935.0,3741
278704,True,True,False,2936.0,3742
278737,True,True,False,2937.0,3743
278746,True,True,False,2938.0,3744
278760,True,True,False,2939.0,3745
278866,True,True,False,2941.0,3747
278935,True,True,False,2943.0,3749
278942,True,True,False,2944.0,3751
279003,True,True,False,2945.0,3752
279084,True,True,False,2948.0,3758
279125,True,True,False,2950.0,3761
279150,True,True,False,2952.0,3763
279152,True,True,False,2953.0,3764
279154,True,True,False,2954.0,3765
279184,True,True,False,2957.0,3769
279252,True,True,False,2958.0,3770
279322,True,True,False,2960.0,3774
279332,True,True,False,2961.0,3775
279333,True,True,False,2962.0,3776
279335,True,True,False,2963.0,3778
279336,True,True,False,2964.0,3779
279383,True,True,False,2965.0,3782
279426,True,True,False,2966.0,3784
279429,True,True,False,2967.0,3785
279455,True,True,False,2968.0,3786
279477,True,True,False,2969.0,3788
279667,True,True,False,2970.0,3792
279698,True,True,False,2971.0,3793
279898,True,True,False,2975.0,3798
279899,True,True,False,2976.0,3799
279900,True,True,False,2977.0,3800
279903,True,True,False,2979.0,3802
279904,True,True,False,2980.0,3803
280001,True,True,False,2981.0,3804
280006,True,True,False,2982.0,3805
280083,True,True,False,2983.0,3806
280643,True,True,False,2990.0,3819
280651,True,True,False,2991.0,3821
280654,True,True,False,2992.0,3823
280798,True,True,False,2997.0,3829
280860,True,True,False,2998.0,3833
280964,True,True,False,2999.0,3835
281403,True,True,False,3001.0,3838
281615,True,True,False,3003.0,3843
281824,True,True,False,3006.0,3847
281913,True,True,False,3008.0,3852
282000,True,True,False,3009.0,3853
282001,True,True,False,3010.0,3854
282005,True,True,False,3011.0,3855
282322,True,True,False,3018.0,3864
282417,True,True,False,3020.0,3866
282453,True,True,False,3022.0,3869
282483,True,True,False,3023.0,3870
282521,True,True,False,3024.0,3871
282711,True,True,False,3028.0,3879
282713,True,True,False,3030.0,3881
282715,True,True,False,3031.0,3882
283445,True,True,False,3034.0,3887
283558,True,True,False,3035.0,3890
283603,True,True,False,3038.0,3894
283660,True,True,False,3039.0,3895
283671,True,True,False,3041.0,3897
283691,True,True,False,3043.0,3899
283693,True,True,False,3044.0,3900
283720,True,True,False,3046.0,3904
283721,True,True,False,3047.0,3905
283783,True,True,False,3048.0,3906
283784,True,True,False,3049.0,3907
283814,True,True,False,3050.0,3908
283852,True,True,False,3052.0,3910
283855,True,True,False,3053.0,3912
283889,True,True,False,3057.0,3917
283891,True,True,False,3059.0,3919
284027,True,True,False,3060.0,3921
284107,True,True,False,3063.0,3925
284133,True,True,False,3065.0,3927
284409,True,True,False,3066.0,3930
284432,True,True,False,3068.0,3934
284433,True,True,False,3069.0,3935
284488,True,True,False,3070.0,3937
284502,True,True,False,3072.0,3939
284669,True,True,False,3076.0,3944
284709,True,True,False,3077.0,3946
284800,True,True,False,3079.0,3949
284816,True,True,False,3081.0,3951
284880,True,True,False,3082.0,3952
284916,True,True,False,3084.0,3954
285184,True,True,False,3085.0,3957
285261,True,True,False,3086.0,3958
285311,True,True,False,3089.0,3961
28547,True,True,False,1.0,2
285615,True,True,False,3097.0,3972
285634,True,True,False,3099.0,3974
285762,True,True,False,3100.0,3977
285808,True,True,False,3102.0,3980
285870,True,True,False,3104.0,3982
285942,True,True,False,3105.0,3984
285991,True,True,False,3107.0,3987
285992,True,True,False,3108.0,3988
286252,True,True,False,3110.0,3992
286257,True,True,False,3112.0,3995
286314,True,True,False,3113.0,3997
286450,True,True,False,3115.0,3999
286470,True,True,False,3119.0,4003
286659,True,True,False,3120.0,4005
286686,True,True,False,3121.0,4006
286696,True,True,False,3122.0,4007
286796,True,True,False,3123.0,4008
286931,True,True,False,3125.0,4010
287020,True,True,False,3126.0,4011
287043,True,True,False,3127.0,4012
287085,True,True,False,3128.0,4014
287486,True,True,False,3130.0,4019
287830,True,True,False,3131.0,4020
288039,True,True,False,3132.0,4021
288184,True,True,False,3133.0,4022
289244,True,True,False,3137.0,4028
289264,True,True,False,3139.0,4030
289265,True,True,False,3140.0,4031
289406,True,True,False,3141.0,4034
289412,True,True,False,3142.0,4035
289634,True,True,False,3144.0,4039
289776,True,True,False,3146.0,4041
290059,True,True,False,3150.0,4046
290158,True,True,False,3151.0,4047
290189,True,True,False,3152.0,4048
290277,True,True,False,3153.0,4050
290283,True,True,False,3155.0,4054
290480,True,True,False,3156.0,4055
291437,True,True,False,3160.0,4064
291557,True,True,False,3161.0,4065
291593,True,True,False,3162.0,4066
291596,True,True,False,3163.0,4067
291619,True,True,False,3164.0,4068
291729,True,True,False,3166.0,4072
291756,True,True,False,3167.0,4073
291758,True,True,False,3169.0,4075
291786,True,True,False,3170.0,4076
291874,True,True,False,3172.0,4078
291902,True,True,False,3173.0,4080
292595,True,True,False,3178.0,4088
292598,True,True,False,3179.0,4089
292602,True,True,False,3180.0,4090
292687,True,True,False,3183.0,4093
292738,True,True,False,3186.0,4098
292837,True,True,False,3188.0,4103
292841,True,True,False,3189.0,4104
292920,True,True,False,3193.0,4109
292925,True,True,False,3194.0,4110
292936,True,True,False,3195.0,4111
292943,True,True,False,3196.0,4112
292948,True,True,False,3197.0,4114
292952,True,True,False,3198.0,4116
293110,True,True,False,3200.0,4119
293260,True,True,False,3204.0,4123
293368,True,True,False,3206.0,4126
293390,True,True,False,3208.0,4128
293435,True,True,False,3210.0,4131
293511,True,True,False,3214.0,4135
293550,True,True,False,3215.0,4136
293551,True,True,False,3216.0,4137
293678,True,True,False,3217.0,4138
293736,True,True,False,3219.0,4140
294156,True,True,False,3222.0,4147
294159,True,True,False,3223.0,4148
294225,True,True,False,3224.0,4149
294253,True,True,False,3228.0,4153
294327,True,True,False,3229.0,4154
294683,True,True,False,3230.0,4158
294831,True,True,False,3231.0,4162
294903,True,True,False,3232.0,4163
295056,True,True,False,3234.0,4166
295063,True,True,False,3235.0,4167
295168,True,True,False,3237.0,4170
295170,True,True,False,3238.0,4171
295172,True,True,False,3239.0,4172
295174,True,True,False,3240.0,4173
295421,True,True,False,3245.0,4179
295882,True,True,False,3248.0,4184
295907,True,True,False,3249.0,4186
295932,True,True,False,3250.0,4187
296001,True,True,False,3251.0,4188
296074,True,True,False,3252.0,4191
296241,True,True,False,3254.0,4193
296305,True,True,False,3256.0,4195
296685,True,True,False,3262.0,4204
296688,True,True,False,3263.0,4205
296919,True,True,False,3266.0,4210
296937,True,True,False,3269.0,4215
297017,True,True,False,3271.0,4219
297051,True,True,False,3274.0,4223
297241,True,True,False,3277.0,4229
297307,True,True,False,3278.0,4230
297325,True,True,False,3280.0,4232
297581,True,True,False,3282.0,4234
297791,True,True,False,3286.0,4239
297827,True,True,False,3287.0,4240
297913,True,True,False,3288.0,4241
298182,True,True,False,3289.0,4244
298183,True,True,False,3290.0,4245
298305,True,True,False,3291.0,4248
298337,True,True,False,3292.0,4250
298340,True,True,False,3294.0,4252
298629,True,True,False,3297.0,4257
298698,True,True,False,3298.0,4258
298788,True,True,False,3300.0,4260
298822,True,True,False,3301.0,4261
298823,True,True,False,3302.0,4262
298864,True,True,False,3303.0,4264
298935,True,True,False,3304.0,4266
298988,True,True,False,3305.0,4267
299547,True,True,False,3306.0,4276
299596,True,True,False,3308.0,4278
299696,True,True,False,3309.0,4281
299902,True,True,False,3311.0,4285
300193,True,True,False,3312.0,4288
300197,True,True,False,3313.0,4289
300369,True,True,False,3317.0,4294
300458,True,True,False,3318.0,4297
300501,True,True,False,3321.0,4301
300752,True,True,False,3323.0,4304
300939,True,True,False,3326.0,4308
300973,True,True,False,3327.0,4309
301142,True,True,False,3328.0,4310
301223,True,True,False,3331.0,4314
301417,True,True,False,3335.0,4320
301486,True,True,False,3336.0,4321
301513,True,True,False,3337.0,4322
301547,True,True,False,3338.0,4323
301729,True,True,False,3341.0,4331
301731,True,True,False,3342.0,4333
301755,True,True,False,3343.0,4334
301759,True,True,False,3344.0,4335
301948,True,True,False,3348.0,4339
301986,True,True,False,3349.0,4342
301989,True,True,False,3350.0,4345
302002,True,True,False,3352.0,4348
302400,True,True,False,3354.0,4353
302625,True,True,False,3357.0,4357
302707,True,True,False,3358.0,4358
302887,True,True,False,3359.0,4359
303184,True,True,False,3361.0,4361
303219,True,True,False,3362.0,4363
303337,True,True,False,3363.0,4364
303519,True,True,False,3365.0,4368
303983,True,True,False,3371.0,4377
303985,True,True,False,3372.0,4378
304079,True,True,False,3373.0,4380
304116,True,True,False,3374.0,4384
304199,True,True,False,3375.0,4385
304232,True,True,False,3377.0,4387
304237,True,True,False,3379.0,4389
304256,True,True,False,3380.0,4390
304657,True,True,False,3381.0,4392
304685,True,True,False,3382.0,4393
304726,True,True,False,3384.0,4395
304770,True,True,False,3386.0,4397
305221,True,True,False,3391.0,4409
305600,True,True,False,3396.0,4417
305788,True,True,False,3398.0,4421
305814,True,True,False,3399.0,4422
305925,True,True,False,3400.0,4425
305958,True,True,False,3401.0,4426
305962,True,True,False,3404.0,4429
306054,True,True,False,3407.0,4435
306256,True,True,False,3411.0,4440
306380,True,True,False,3412.0,4442
306472,True,True,False,3415.0,4447
306503,True,True,False,3416.0,4448
306512,True,True,False,3420.0,4452
306569,True,True,False,3421.0,4453
306630,True,True,False,3422.0,4455
306642,True,True,False,3423.0,4456
306887,True,True,False,3424.0,4460
306964,True,True,False,3425.0,4462
307056,True,True,False,3426.0,4465
307094,True,True,False,3429.0,4468
307121,True,True,False,3432.0,4472
307177,True,True,False,3433.0,4474
307226,True,True,False,3435.0,4476
307233,True,True,False,3436.0,4478
307235,True,True,False,3437.0,4479
307280,True,True,False,3441.0,4484
307281,True,True,False,3442.0,4485
307319,True,True,False,3443.0,4486
307521,True,True,False,3445.0,4489
307677,True,True,False,3446.0,4490
307779,True,True,False,3449.0,4495
307783,True,True,False,3451.0,4498
307785,True,True,False,3453.0,4500
307876,True,True,False,3455.0,4502
307900,True,True,False,3457.0,4504
307924,True,True,False,3459.0,4506
307961,True,True,False,3462.0,4512
308413,True,True,False,3468.0,4522
308620,True,True,False,3470.0,4526
308724,True,True,False,3472.0,4529
308821,True,True,False,3474.0,4532
308849,True,True,False,3476.0,4535
308854,True,True,False,3477.0,4536
308913,True,True,False,3478.0,4538
308914,True,True,False,3479.0,4539
308938,True,True,False,3480.0,4542
309178,True,True,False,3486.0,4548
309208,True,True,False,3488.0,4550
312226,True,True,False,3489.0,4554
312289,True,True,False,3491.0,4557
312291,True,True,False,3492.0,4559
312463,True,True,False,3496.0,4563
312540,True,True,False,3502.0,4570
312549,True,True,False,3503.0,4571
312550,True,True,False,3504.0,4572
314616,True,True,False,3509.0,4591
314831,True,True,False,3510.0,4593
314908,True,True,False,3511.0,4596
314965,True,True,False,3512.0,4597
314996,True,True,False,3513.0,4598
315057,True,True,False,3514.0,4602
315434,True,True,False,3515.0,4606
315828,True,True,False,3521.0,4616
315870,True,True,False,3522.0,4617
315876,True,True,False,3523.0,4619
315921,True,True,False,3525.0,4622
316008,True,True,False,3526.0,4626
316009,True,True,False,3527.0,4627
316145,True,True,False,3529.0,4629
316249,True,True,False,3533.0,4633
316275,True,True,False,3535.0,4636
316525,True,True,False,3539.0,4643
316526,True,True,False,3540.0,4644
316575,True,True,False,3541.0,4645
316580,True,True,False,3542.0,4647
316643,True,True,False,3544.0,4650
316699,True,True,False,3546.0,4653
316700,True,True,False,3547.0,4654
316703,True,True,False,3548.0,4655
316704,True,True,False,3549.0,4656
316781,True,True,False,3552.0,4661
316804,True,True,False,3553.0,4662
316985,True,True,False,3556.0,4667
316990,True,True,False,3558.0,4669
317241,True,True,False,3560.0,4671
317387,True,True,False,3564.0,4676
317410,True,True,False,3565.0,4678
317454,True,True,False,3567.0,4680
317575,True,True,False,3570.0,4683
317621,True,True,False,3573.0,4687
317762,True,True,False,3577.0,4691
317765,True,True,False,3579.0,4693
317805,True,True,False,3580.0,4694
317812,True,True,False,3582.0,4696
318251,True,True,False,3583.0,4699
318274,True,True,False,3584.0,4700
318280,True,True,False,3585.0,4702
318319,True,True,False,3588.0,4705
318487,True,True,False,3590.0,4708
318492,True,True,False,3593.0,4711
318524,True,True,False,3594.0,4713
318638,True,True,False,3596.0,4717
318714,True,True,False,3598.0,4720
319056,True,True,False,3600.0,4727
319157,True,True,False,3601.0,4728
319271,True,True,False,3604.0,4733
319288,True,True,False,3606.0,4735
319290,True,True,False,3607.0,4736
319337,True,True,False,3608.0,4737
319363,True,True,False,3611.0,4740
319709,True,True,False,3613.0,4744
319760,True,True,False,3614.0,4745
319763,True,True,False,3615.0,4746
320135,True,True,False,3620.0,4754
320245,True,True,False,3624.0,4759
320272,True,True,False,3625.0,4760
320319,True,True,False,3626.0,4763
320544,True,True,False,3629.0,4770
320817,True,True,False,3631.0,4773
321412,True,True,False,3635.0,4779
321416,True,True,False,3636.0,4780
321728,True,True,False,3640.0,4786
321875,True,True,False,3641.0,4790
322132,True,True,False,3644.0,4796
322662,True,True,False,3645.0,4801
322707,True,True,False,3646.0,4802
322746,True,True,False,3647.0,4803
322904,True,True,False,3650.0,4806
323535,True,True,False,3655.0,4816
324802,True,True,False,3661.0,4823
324803,True,True,False,3662.0,4824
324846,True,True,False,3663.0,4825
324847,True,True,False,3664.0,4826
324918,True,True,False,3665.0,4827
325283,True,True,False,3669.0,4831
325727,True,True,False,3671.0,4835
325845,True,True,False,3672.0,4837
325882,True,True,False,3673.0,4839
326316,True,True,False,3674.0,4842
326478,True,True,False,3679.0,4847
326483,True,True,False,3681.0,4849
326615,True,True,False,3682.0,4852
326616,True,True,False,3683.0,4853
326619,True,True,False,3685.0,4855
326622,True,True,False,3686.0,4856
326719,True,True,False,3687.0,4857
326881,True,True,False,3690.0,4862
327041,True,True,False,3695.0,4868
327045,True,True,False,3696.0,4870
327048,True,True,False,3697.0,4871
327066,True,True,False,3698.0,4872
327145,True,True,False,3699.0,4875
327188,True,True,False,3700.0,4876
327347,True,True,False,3702.0,4878
327413,True,True,False,3703.0,4881
327599,True,True,False,3708.0,4889
327608,True,True,False,3709.0,4891
327609,True,True,False,3710.0,4892
327756,True,True,False,3711.0,4893
327965,True,True,False,3715.0,4899
328349,True,True,False,3718.0,4903
328481,True,True,False,3719.0,4907
328698,True,True,False,3721.0,4909
328706,True,True,False,3722.0,4911
328707,True,True,False,3723.0,4912
328716,True,True,False,3724.0,4913
328770,True,True,False,3725.0,4917
328925,True,True,False,3727.0,4921
328927,True,True,False,3728.0,4922
328928,True,True,False,3729.0,4923
329077,True,True,False,3734.0,4929
329194,True,True,False,3737.0,4934
329316,True,True,False,3739.0,4937
329367,True,True,False,3740.0,4938
329444,True,True,False,3742.0,4940
329594,True,True,False,3743.0,4941
329667,True,True,False,3744.0,4944
329743,True,True,False,3748.0,4948
329749,True,True,False,3750.0,4950
329752,True,True,False,3752.0,4952
329824,True,True,False,3755.0,4955
329870,True,True,False,3757.0,4959
330073,True,True,False,3764.0,4969
330080,True,True,False,3765.0,4971
330097,True,True,False,3766.0,4973
330206,True,True,False,3770.0,4978
330213,True,True,False,3771.0,4979
330272,True,True,False,3773.0,4981
330322,True,True,False,3774.0,4983
330368,True,True,False,3779.0,4988
330396,True,True,False,3780.0,4990
330464,True,True,False,3781.0,4992
330511,True,True,False,3782.0,4997
330557,True,True,False,3784.0,5002
330732,True,True,False,3788.0,5007
330902,True,True,False,3793.0,5013
330948,True,True,False,3794.0,5014
331156,True,True,False,3796.0,5020
331159,True,True,False,3798.0,5022
331213,True,True,False,3800.0,5025
331250,True,True,False,3801.0,5026
331313,True,True,False,3803.0,5030
331524,True,True,False,3808.0,5040
331673,True,True,False,3810.0,5044
331749,True,True,False,3811.0,5045
331830,True,True,False,3812.0,5046
331831,True,True,False,3813.0,5047
331833,True,True,False,3814.0,5048
331893,True,True,False,3822.0,5060
331980,True,True,False,3826.0,5067
332043,True,True,False,3828.0,5069
332153,True,True,False,3829.0,5074
332155,True,True,False,3830.0,5075
332221,True,True,False,3832.0,5078
332377,True,True,False,3836.0,5086
332422,True,True,False,3837.0,5087
332583,True,True,False,3843.0,5095
332646,True,True,False,3845.0,5098
332727,True,True,False,3849.0,5106
332855,True,True,False,3850.0,5107
332856,True,True,False,3851.0,5108
332928,True,True,False,3853.0,5111
333050,True,True,False,3855.0,5114
333118,True,True,False,3856.0,5116
333142,True,True,False,3858.0,5120
334009,True,True,False,3862.0,5138
334152,True,True,False,3864.0,5143
334214,True,True,False,3868.0,5148
334221,True,True,False,3871.0,5151
334488,True,True,False,3872.0,5153
334504,True,True,False,3874.0,5155
334531,True,True,False,3875.0,5156
334810,True,True,False,3881.0,5171
334819,True,True,False,3883.0,5176
334829,True,True,False,3884.0,5177
334945,True,True,False,3886.0,5184
334956,True,True,False,3887.0,5187
334957,True,True,False,3888.0,5188
335009,True,True,False,3889.0,5189
335068,True,True,False,3890.0,5190
335119,True,True,False,3891.0,5192
335197,True,True,False,3893.0,5199
335431,True,True,False,3898.0,5215
335433,True,True,False,3899.0,5216
335434,True,True,False,3900.0,5217
336149,True,True,False,3902.0,5227
336371,True,True,False,3904.0,5235
336412,True,True,False,3905.0,5238
336816,True,True,False,3911.0,5256
336820,True,True,False,3912.0,5257
337025,True,True,False,3913.0,5262
337028,True,True,False,3914.0,5263
337147,True,True,False,3915.0,5264
337148,True,True,False,3916.0,5265
337368,True,True,False,3918.0,5275
337441,True,True,False,3921.0,5279
337442,True,True,False,3922.0,5280
337445,True,True,False,3923.0,5282
337449,True,True,False,3924.0,5283
337461,True,True,False,3925.0,5284
337525,True,True,False,3930.0,5294
337794,True,True,False,3933.0,5305
338140,True,True,False,3937.0,5321
338227,True,True,False,3938.0,5325
338415,True,True,False,3944.0,5334
338482,True,True,False,3947.0,5344
338483,True,True,False,3948.0,5345
338485,True,True,False,3949.0,5347
338698,True,True,False,3954.0,5354
338699,True,True,False,3955.0,5355
338736,True,True,False,3957.0,5357
338738,True,True,False,3958.0,5358
338743,True,True,False,3959.0,5360
338744,True,True,False,3960.0,5361
338925,True,True,False,3963.0,5373
338994,True,True,False,3966.0,5377
339095,True,True,False,3968.0,5381
339166,True,True,False,3970.0,5384
339276,True,True,False,3971.0,5387
339829,True,True,False,3978.0,5408
339896,True,True,False,3979.0,5409
339965,True,True,False,3981.0,5412
340099,True,True,False,3984.0,5417
340200,True,True,False,3986.0,5419
340261,True,True,False,3987.0,5421
340367,True,True,False,3988.0,5422
340459,True,True,False,3990.0,5424
341160,True,True,False,4000.0,5439
341204,True,True,False,4001.0,5441
341432,True,True,False,4007.0,5452
341433,True,True,False,4008.0,5453
341489,True,True,False,4010.0,5456
341491,True,True,False,4011.0,5458
341658,True,True,False,4013.0,5463
342360,True,True,False,4026.0,5501
342519,True,True,False,4028.0,5504
342521,True,True,False,4030.0,5506
342567,True,True,False,4032.0,5509
342568,True,True,False,4033.0,5510
342631,True,True,False,4036.0,5517
342633,True,True,False,4037.0,5519
342774,True,True,False,4041.0,5526
342822,True,True,False,4043.0,5528
342879,True,True,False,4046.0,5535
343076,True,True,False,4049.0,5542
343120,True,True,False,4050.0,5544
343990,True,True,False,4052.0,5554
344244,True,True,False,4054.0,5558
344250,True,True,False,4059.0,5563
344253,True,True,False,4060.0,5564
344310,True,True,False,4061.0,5565
344565,True,True,False,4065.0,5573
344566,True,True,False,4066.0,5574
344568,True,True,False,4068.0,5576
344606,True,True,False,4069.0,5578
345339,True,True,False,4077.0,5600
345411,True,True,False,4080.0,5604
345610,True,True,False,4081.0,5611
345612,True,True,False,4082.0,5612
345623,True,True,False,4084.0,5614
345660,True,True,False,4085.0,5616
345795,True,True,False,4086.0,5617
345918,True,True,False,4091.0,5623
345933,True,True,False,4092.0,5627
346062,True,True,False,4094.0,5631
346066,True,True,False,4095.0,5632
346493,True,True,False,4102.0,5645
346501,True,True,False,4103.0,5646
347778,True,True,False,4107.0,5654
348837,True,True,False,4110.0,5666
350127,True,True,False,4115.0,5684
352020,True,True,False,4120.0,5702
353555,True,True,False,4123.0,5716
353606,True,True,False,4124.0,5717
355928,True,True,False,4132.0,5733
356326,True,True,False,4133.0,5735
356690,True,True,False,4134.0,5737
363326,True,True,False,4158.0,5780
363897,True,True,False,4161.0,5785
365706,True,True,False,4174.0,5800
366058,True,True,False,4176.0,5804
366874,True,True,False,4180.0,5812
366889,True,True,False,4181.0,5813
367251,True,True,False,4184.0,5818
370001,True,True,False,4193.0,5834
372102,True,True,False,4209.0,5868
372116,True,True,False,4210.0,5869
372640,True,True,False,4217.0,5879
374535,True,True,False,4227.0,5900
376385,True,True,False,4237.0,5928
376437,True,True,False,4239.0,5931
378953,True,True,False,4249.0,5958
379163,True,True,False,4252.0,5962
379197,True,True,False,4253.0,5964
379790,True,True,False,4259.0,5974
382231,True,True,False,4266.0,5991
383545,True,True,False,4275.0,6013
46136,True,True,False,11.0,12
49160,True,True,False,28.0,29
49161,True,True,False,29.0,30
49272,True,True,False,35.0,37
49287,True,True,False,36.0,38
49292,True,True,False,37.0,39
49347,True,True,False,39.0,41
49368,True,True,False,43.0,45
49395,True,True,False,45.0,49
49403,True,True,False,46.0,50
49404,True,True,False,47.0,51
49409,True,True,False,48.0,52
49436,True,True,False,49.0,54
49441,True,True,False,50.0,55
49494,True,True,False,54.0,63
49520,True,True,False,56.0,66
49563,True,True,False,62.0,73
49564,True,True,False,63.0,74
49608,True,True,False,68.0,83
49633,True,True,False,69.0,84
49637,True,True,False,70.0,86
49652,True,True,False,71.0,87
49660,True,True,False,72.0,88
49663,True,True,False,73.0,90
49673,True,True,False,75.0,92
49708,True,True,False,76.0,93
49717,True,True,False,77.0,94
49779,True,True,False,83.0,100
49784,True,True,False,84.0,101
49816,True,True,False,87.0,104
49830,True,True,False,88.0,105
49833,True,True,False,89.0,106
49842,True,True,False,90.0,107
49864,True,True,False,94.0,111
49872,True,True,False,95.0,112
49893,True,True,False,96.0,113
49901,True,True,False,98.0,115
49928,True,True,False,101.0,119
49944,True,True,False,105.0,123
49996,True,True,False,110.0,130
50024,True,True,False,112.0,133
50035,True,True,False,113.0,134
50081,True,True,False,118.0,139
50083,True,True,False,119.0,140
50123,True,True,False,124.0,150
50132,True,True,False,125.0,151
50151,True,True,False,126.0,152
50158,True,True,False,127.0,153
50203,True,True,False,131.0,157
50204,True,True,False,132.0,158
50209,True,True,False,133.0,160
50256,True,True,False,137.0,167
50258,True,True,False,138.0,168
50269,True,True,False,139.0,169
50272,True,True,False,140.0,170
50310,True,True,False,143.0,175
50336,True,True,False,146.0,178
50353,True,True,False,149.0,181
50489,True,True,False,158.0,194
50516,True,True,False,160.0,196
50527,True,True,False,162.0,198
50554,True,True,False,163.0,199
50565,True,True,False,164.0,200
50576,True,True,False,166.0,202
50614,True,True,False,168.0,207
50622,True,True,False,170.0,209
50629,True,True,False,171.0,211
50660,True,True,False,174.0,214
50700,True,True,False,177.0,219
50740,True,True,False,179.0,223
50748,True,True,False,180.0,224
50794,True,True,False,186.0,232
50807,True,True,False,188.0,234
50831,True,True,False,189.0,235
50835,True,True,False,190.0,236
50881,True,True,False,193.0,240
50882,True,True,False,194.0,241
50921,True,True,False,196.0,244
50932,True,True,False,197.0,245
50952,True,True,False,199.0,247
50964,True,True,False,200.0,250
50995,True,True,False,202.0,254
51003,True,True,False,203.0,255
51037,True,True,False,206.0,259
51059,True,True,False,207.0,260
51069,True,True,False,209.0,262
51079,True,True,False,211.0,265
51082,True,True,False,212.0,266
51089,True,True,False,213.0,267
51103,True,True,False,214.0,268
51117,True,True,False,216.0,270
51123,True,True,False,217.0,271
51202,True,True,False,223.0,279
51258,True,True,False,227.0,285
51306,True,True,False,231.0,289
51352,True,True,False,234.0,293
51369,True,True,False,235.0,294
51391,True,True,False,238.0,299
51437,True,True,False,243.0,304
51438,True,True,False,244.0,305
51451,True,True,False,245.0,306
51459,True,True,False,246.0,308
51470,True,True,False,247.0,309
51472,True,True,False,248.0,310
51481,True,True,False,249.0,312
51487,True,True,False,250.0,313
51488,True,True,False,251.0,314
51499,True,True,False,252.0,316
51504,True,True,False,253.0,317
51509,True,True,False,254.0,318
51547,True,True,False,256.0,320
51592,True,True,False,258.0,322
51618,True,True,False,262.0,327
51620,True,True,False,263.0,328
51624,True,True,False,264.0,329
51655,True,True,False,268.0,333
51679,True,True,False,271.0,336
51711,True,True,False,275.0,340
51771,True,True,False,277.0,344
51777,True,True,False,278.0,345
51782,True,True,False,281.0,348
51828,True,True,False,285.0,354
51854,True,True,False,288.0,357
51858,True,True,False,289.0,359
51878,True,True,False,290.0,361
51899,True,True,False,292.0,363
51949,True,True,False,297.0,369
51982,True,True,False,299.0,373
52010,True,True,False,300.0,374
52044,True,True,False,302.0,377
52062,True,True,False,304.0,379
52080,True,True,False,306.0,381
52087,True,True,False,307.0,383
52097,True,True,False,308.0,384
52107,True,True,False,310.0,386
52139,True,True,False,311.0,388
52166,True,True,False,314.0,391
52190,True,True,False,317.0,395
52192,True,True,False,318.0,396
52202,True,True,False,319.0,398
52226,True,True,False,320.0,399
52263,True,True,False,323.0,403
52266,True,True,False,324.0,404
52301,True,True,False,328.0,409
52311,True,True,False,329.0,410
52360,True,True,False,332.0,416
52425,True,True,False,342.0,428
52430,True,True,False,343.0,430
52514,True,True,False,345.0,433
52517,True,True,False,347.0,435
52542,True,True,False,348.0,436
52545,True,True,False,349.0,437
52579,True,True,False,351.0,440
52599,True,True,False,355.0,445
52839,True,True,False,365.0,460
52869,True,True,False,372.0,468
52876,True,True,False,375.0,471
52877,True,True,False,376.0,472
52878,True,True,False,377.0,473
52894,True,True,False,378.0,474
52901,True,True,False,381.0,477
52910,True,True,False,383.0,479
52943,True,True,False,389.0,487
52955,True,True,False,391.0,489
53055,True,True,False,396.0,500
53056,True,True,False,397.0,501
53116,True,True,False,400.0,506
53146,True,True,False,402.0,509
53168,True,True,False,406.0,515
53183,True,True,False,409.0,518
53212,True,True,False,411.0,520
53414,True,True,False,413.0,523
53417,True,True,False,414.0,524
53444,True,True,False,416.0,527
53598,True,True,False,420.0,535
53603,True,True,False,421.0,536
53620,True,True,False,422.0,537
53626,True,True,False,423.0,538
53658,True,True,False,424.0,540
53695,True,True,False,427.0,543
53717,True,True,False,428.0,544
53719,True,True,False,429.0,545
53760,True,True,False,434.0,551
53800,True,True,False,435.0,552
53804,True,True,False,436.0,553
53834,True,True,False,438.0,556
53862,True,True,False,440.0,559
53870,True,True,False,441.0,560
53960,True,True,False,445.0,564
53961,True,True,False,446.0,565
54000,True,True,False,447.0,570
54002,True,True,False,448.0,571
54179,True,True,False,460.0,586
54182,True,True,False,462.0,588
54189,True,True,False,464.0,590
54190,True,True,False,465.0,591
54197,True,True,False,468.0,594
54199,True,True,False,469.0,595
54200,True,True,False,470.0,596
54204,True,True,False,472.0,598
54217,True,True,False,473.0,600
54240,True,True,False,480.0,609
54241,True,True,False,481.0,610
54255,True,True,False,485.0,614
54280,True,True,False,486.0,615
54286,True,True,False,487.0,616
54320,True,True,False,488.0,618
54328,True,True,False,490.0,621
54342,True,True,False,493.0,624
54348,True,True,False,495.0,626
54356,True,True,False,498.0,630
54363,True,True,False,500.0,632
54375,True,True,False,502.0,635
54394,True,True,False,504.0,637
54403,True,True,False,508.0,641
54406,True,True,False,511.0,644
54411,True,True,False,512.0,645
54419,True,True,False,514.0,647
54509,True,True,False,516.0,650
54572,True,True,False,522.0,658
54578,True,True,False,524.0,660
54580,True,True,False,525.0,661
54607,True,True,False,526.0,662
54611,True,True,False,527.0,663
54630,True,True,False,529.0,665
54667,True,True,False,533.0,670
54724,True,True,False,536.0,676
54728,True,True,False,537.0,678
54731,True,True,False,538.0,679
54740,True,True,False,539.0,680
54804,True,True,False,541.0,682
54809,True,True,False,542.0,683
54832,True,True,False,545.0,686
54870,True,True,False,548.0,691
54904,True,True,False,549.0,693
54918,True,True,False,550.0,694
54935,True,True,False,551.0,695
54938,True,True,False,552.0,696
54945,True,True,False,553.0,697
54956,True,True,False,554.0,698
55008,True,True,False,556.0,702
55027,True,True,False,557.0,703
55127,True,True,False,559.0,707
55179,True,True,False,560.0,708
55190,True,True,False,561.0,709
55222,True,True,False,565.0,715
55240,True,True,False,566.0,716
55243,True,True,False,567.0,718
55312,True,True,False,569.0,720
55315,True,True,False,570.0,721
55331,True,True,False,572.0,723
55371,True,True,False,575.0,727
55411,True,True,False,576.0,728
55484,True,True,False,581.0,735
55487,True,True,False,582.0,736
55511,True,True,False,584.0,740
55526,True,True,False,586.0,742
55559,True,True,False,590.0,748
55601,True,True,False,591.0,751
55650,True,True,False,592.0,753
55674,True,True,False,595.0,756
55677,True,True,False,596.0,758
55689,True,True,False,597.0,761
55702,True,True,False,601.0,765
55705,True,True,False,602.0,767
55711,True,True,False,603.0,768
55731,True,True,False,611.0,776
55735,True,True,False,613.0,778
55737,True,True,False,615.0,780
55740,True,True,False,617.0,782
55761,True,True,False,623.0,788
55775,True,True,False,626.0,792
55834,True,True,False,629.0,797
55917,True,True,False,632.0,806
55964,True,True,False,635.0,810
55978,True,True,False,638.0,813
55999,True,True,False,639.0,814
56021,True,True,False,640.0,816
56105,True,True,False,641.0,817
56109,True,True,False,642.0,818
56117,True,True,False,643.0,820
56140,True,True,False,646.0,824
56162,True,True,False,648.0,826
56168,True,True,False,649.0,827
56454,True,True,False,651.0,831
56484,True,True,False,654.0,834
56529,True,True,False,655.0,835
56549,True,True,False,656.0,837
56557,True,True,False,657.0,838
56573,True,True,False,659.0,841
56575,True,True,False,661.0,843
56593,True,True,False,666.0,848
56605,True,True,False,668.0,850
56610,True,True,False,669.0,851
56611,True,True,False,670.0,852
56636,True,True,False,673.0,855
56649,True,True,False,677.0,859
56653,True,True,False,678.0,860
56655,True,True,False,679.0,861
56685,True,True,False,683.0,868
56721,True,True,False,685.0,870
56759,True,True,False,689.0,875
56765,True,True,False,690.0,876
56783,True,True,False,693.0,880
56798,True,True,False,694.0,882
56817,True,True,False,698.0,887
56967,True,True,False,701.0,893
57048,True,True,False,705.0,900
57058,True,True,False,708.0,904
57096,True,True,False,716.0,912
57098,True,True,False,717.0,913
57145,True,True,False,726.0,924
57147,True,True,False,727.0,925
57149,True,True,False,728.0,926
57153,True,True,False,731.0,929
57181,True,True,False,732.0,930
57242,True,True,False,739.0,939
57245,True,True,False,740.0,940
57262,True,True,False,744.0,944
57264,True,True,False,746.0,946
57270,True,True,False,749.0,949
57277,True,True,False,752.0,952
57280,True,True,False,753.0,953
57298,True,True,False,759.0,960
57325,True,True,False,763.0,964
57357,True,True,False,764.0,965
57368,True,True,False,765.0,966
57374,True,True,False,766.0,967
57409,True,True,False,769.0,970
57420,True,True,False,771.0,972
57423,True,True,False,774.0,975
57426,True,True,False,775.0,976
57427,True,True,False,776.0,977
57454,True,True,False,777.0,978
57467,True,True,False,779.0,981
57506,True,True,False,782.0,984
57538,True,True,False,783.0,985
57651,True,True,False,786.0,992
57655,True,True,False,788.0,994
57719,True,True,False,790.0,998
57728,True,True,False,792.0,1000
57732,True,True,False,793.0,1001
57779,True,True,False,796.0,1007
57788,True,True,False,797.0,1008
57845,True,True,False,800.0,1011
58084,True,True,False,801.0,1012
58102,True,True,False,802.0,1013
58111,True,True,False,803.0,1016
58134,True,True,False,805.0,1018
58169,True,True,False,807.0,1021
58181,True,True,False,808.0,1022
58182,True,True,False,809.0,1023
58279,True,True,False,812.0,1029
58324,True,True,False,814.0,1031
58360,True,True,False,816.0,1034
58385,True,True,False,817.0,1035
58479,True,True,False,820.0,1042
58557,True,True,False,824.0,1048
58611,True,True,False,827.0,1053
58612,True,True,False,828.0,1054
58623,True,True,False,829.0,1055
58651,True,True,False,830.0,1056
58676,True,True,False,832.0,1061
58677,True,True,False,833.0,1062
58680,True,True,False,834.0,1063
58708,True,True,False,835.0,1064
58720,True,True,False,836.0,1065
58723,True,True,False,837.0,1066
58734,True,True,False,838.0,1067
58736,True,True,False,839.0,1068
58744,True,True,False,840.0,1069
58870,True,True,False,843.0,1073
58918,True,True,False,845.0,1081
58925,True,True,False,847.0,1083
58956,True,True,False,848.0,1085
59043,True,True,False,853.0,1092
59408,True,True,False,858.0,1100
59415,True,True,False,859.0,1101
59432,True,True,False,861.0,1103
59469,True,True,False,870.0,1112
59492,True,True,False,873.0,1115
59543,True,True,False,876.0,1118
59550,True,True,False,877.0,1119
59629,True,True,False,886.0,1130
59644,True,True,False,888.0,1132
59647,True,True,False,889.0,1133
59657,True,True,False,890.0,1135
59700,True,True,False,893.0,1139
59731,True,True,False,894.0,1140
59744,True,True,False,896.0,1142
59808,True,True,False,900.0,1148
59853,True,True,False,904.0,1153
59887,True,True,False,906.0,1155
59943,True,True,False,910.0,1160
59948,True,True,False,911.0,1161
59956,True,True,False,912.0,1162
59966,True,True,False,913.0,1163
59980,True,True,False,915.0,1165
60059,True,True,False,921.0,1175
60078,True,True,False,922.0,1177
60127,True,True,False,925.0,1181
60137,True,True,False,927.0,1184
60144,True,True,False,929.0,1186
60154,True,True,False,932.0,1189
60157,True,True,False,933.0,1190
60173,True,True,False,935.0,1193
60180,True,True,False,936.0,1195
60246,True,True,False,943.0,1203
60272,True,True,False,944.0,1204
60287,True,True,False,947.0,1207
60337,True,True,False,951.0,1213
60344,True,True,False,952.0,1215
60348,True,True,False,953.0,1216
60356,True,True,False,954.0,1217
60433,True,True,False,960.0,1228
60447,True,True,False,962.0,1230
60456,True,True,False,963.0,1232
60460,True,True,False,964.0,1233
60551,True,True,False,971.0,1244
60559,True,True,False,972.0,1245
60560,True,True,False,973.0,1246
60604,True,True,False,977.0,1250
60608,True,True,False,978.0,1251
60614,True,True,False,979.0,1252
60659,True,True,False,982.0,1257
60695,True,True,False,984.0,1260
60749,True,True,False,994.0,1271
60757,True,True,False,996.0,1273
60800,True,True,False,997.0,1277
60834,True,True,False,1001.0,1283
60845,True,True,False,1004.0,1287
60920,True,True,False,1007.0,1291
60987,True,True,False,1012.0,1298
61114,True,True,False,1021.0,1311
61122,True,True,False,1023.0,1314
61190,True,True,False,1025.0,1318
61195,True,True,False,1026.0,1319
61220,True,True,False,1030.0,1323
61241,True,True,False,1032.0,1325
61251,True,True,False,1033.0,1326
61270,True,True,False,1036.0,1330
61284,True,True,False,1037.0,1331
61293,True,True,False,1038.0,1332
61308,True,True,False,1039.0,1333
61372,True,True,False,1042.0,1337
61374,True,True,False,1043.0,1338
61386,True,True,False,1044.0,1340
61394,True,True,False,1046.0,1342
61422,True,True,False,1049.0,1345
61428,True,True,False,1050.0,1346
61432,True,True,False,1051.0,1347
61474,True,True,False,1055.0,1354
61494,True,True,False,1058.0,1357
61500,True,True,False,1060.0,1359
61558,True,True,False,1066.0,1365
61565,True,True,False,1068.0,1367
61599,True,True,False,1072.0,1372
61623,True,True,False,1074.0,1375
61633,True,True,False,1078.0,1380
61685,True,True,False,1079.0,1383
61947,True,True,False,1082.0,1388
61975,True,True,False,1084.0,1392
62005,True,True,False,1088.0,1396
62006,True,True,False,1089.0,1397
62038,True,True,False,1090.0,1399
62075,True,True,False,1091.0,1400
62143,True,True,False,1094.0,1407
62166,True,True,False,1095.0,1409
62215,True,True,False,1097.0,1414
62260,True,True,False,1098.0,1415
62297,True,True,False,1104.0,1424
62298,True,True,False,1105.0,1425
62310,True,True,False,1110.0,1431
62315,True,True,False,1111.0,1433
62324,True,True,False,1113.0,1435
62330,True,True,False,1114.0,1436
62332,True,True,False,1115.0,1437
62348,True,True,False,1118.0,1440
62354,True,True,False,1119.0,1441
62377,True,True,False,1124.0,1446
62382,True,True,False,1126.0,1448
62388,True,True,False,1128.0,1450
62402,True,True,False,1131.0,1453
62406,True,True,False,1132.0,1454
62409,True,True,False,1134.0,1456
62415,True,True,False,1136.0,1458
62420,True,True,False,1139.0,1463
62440,True,True,False,1144.0,1468
62442,True,True,False,1146.0,1470
62447,True,True,False,1149.0,1474
62455,True,True,False,1152.0,1478
62457,True,True,False,1153.0,1479
62459,True,True,False,1154.0,1480
62464,True,True,False,1155.0,1481
62469,True,True,False,1157.0,1483
62470,True,True,False,1158.0,1484
62471,True,True,False,1159.0,1485
62528,True,True,False,1163.0,1489
62535,True,True,False,1164.0,1490
62541,True,True,False,1165.0,1491
62544,True,True,False,1166.0,1492
62606,True,True,False,1170.0,1502
62619,True,True,False,1171.0,1504
62626,True,True,False,1172.0,1505
62636,True,True,False,1174.0,1508
62681,True,True,False,1175.0,1511
62748,True,True,False,1178.0,1519
62807,True,True,False,1179.0,1523
62808,True,True,False,1180.0,1524
62865,True,True,False,1182.0,1527
62879,True,True,False,1183.0,1529
62937,True,True,False,1186.0,1536
63092,True,True,False,1189.0,1539
63114,True,True,False,1190.0,1540
63131,True,True,False,1192.0,1544
63139,True,True,False,1194.0,1547
63148,True,True,False,1201.0,1554
63159,True,True,False,1203.0,1556
63169,True,True,False,1205.0,1558
63184,True,True,False,1208.0,1562
63202,True,True,False,1212.0,1567
63205,True,True,False,1215.0,1570
63212,True,True,False,1217.0,1572
63223,True,True,False,1218.0,1574
63564,True,True,False,1219.0,1575
63617,True,True,False,1221.0,1579
63626,True,True,False,1223.0,1581
63631,True,True,False,1224.0,1582
63647,True,True,False,1225.0,1583
63666,True,True,False,1231.0,1589
63670,True,True,False,1232.0,1590
63681,True,True,False,1235.0,1593
63682,True,True,False,1236.0,1594
63687,True,True,False,1238.0,1596
63704,True,True,False,1241.0,1599
63713,True,True,False,1243.0,1601
63720,True,True,False,1244.0,1602
63727,True,True,False,1246.0,1604
63763,True,True,False,1249.0,1607
63832,True,True,False,1254.0,1614
63859,True,True,False,1255.0,1615
63925,True,True,False,1258.0,1618
63936,True,True,False,1260.0,1620
63959,True,True,False,1262.0,1622
63977,True,True,False,1270.0,1630
63979,True,True,False,1271.0,1631
63983,True,True,False,1273.0,1633
63985,True,True,False,1274.0,1634
64000,True,True,False,1279.0,1640
64013,True,True,False,1283.0,1644
64019,True,True,False,1284.0,1645
64021,True,True,False,1285.0,1646
64030,True,True,False,1287.0,1650
64035,True,True,False,1288.0,1652
64040,True,True,False,1289.0,1653
64047,True,True,False,1290.0,1654
64059,True,True,False,1293.0,1657
64064,True,True,False,1294.0,1658
64068,True,True,False,1296.0,1660
64080,True,True,False,1298.0,1662
64091,True,True,False,1300.0,1664
64097,True,True,False,1301.0,1665
64126,True,True,False,1310.0,1676
64137,True,True,False,1317.0,1683
64138,True,True,False,1318.0,1684
64144,True,True,False,1319.0,1685
64145,True,True,False,1320.0,1686
64148,True,True,False,1321.0,1687
64163,True,True,False,1325.0,1691
64165,True,True,False,1326.0,1692
64167,True,True,False,1328.0,1694
64174,True,True,False,1331.0,1697
64182,True,True,False,1333.0,1699
64217,True,True,False,1343.0,1710
64224,True,True,False,1346.0,1713
64227,True,True,False,1347.0,1714
64228,True,True,False,1348.0,1715
64245,True,True,False,1352.0,1719
64261,True,True,False,1354.0,1723
64272,True,True,False,1359.0,1728
64281,True,True,False,1361.0,1731
64282,True,True,False,1362.0,1732
64283,True,True,False,1363.0,1733
64289,True,True,False,1365.0,1735
64296,True,True,False,1366.0,1736
64297,True,True,False,1367.0,1737
64300,True,True,False,1368.0,1738
64307,True,True,False,1371.0,1741
64313,True,True,False,1374.0,1744
64352,True,True,False,1377.0,1747
64369,True,True,False,1378.0,1748
64387,True,True,False,1379.0,1749
64400,True,True,False,1381.0,1751
64508,True,True,False,1386.0,1758
64531,True,True,False,1387.0,1759
64538,True,True,False,1388.0,1760
64548,True,True,False,1391.0,1763
64688,True,True,False,1396.0,1775
64760,True,True,False,1399.0,1782
64762,True,True,False,1400.0,1783
64771,True,True,False,1402.0,1785
64788,True,True,False,1404.0,1788
64796,True,True,False,1405.0,1789
64811,True,True,False,1407.0,1791
64819,True,True,False,1409.0,1793
64905,True,True,False,1416.0,1803
64934,True,True,False,1418.0,1805
64953,True,True,False,1419.0,1806
64966,True,True,False,1421.0,1808
65023,True,True,False,1424.0,1813
65034,True,True,False,1426.0,1815
65064,True,True,False,1442.0,1832
65072,True,True,False,1446.0,1836
65076,True,True,False,1448.0,1838
65077,True,True,False,1449.0,1839
65110,True,True,False,1458.0,1853
65121,True,True,False,1459.0,1855
65159,True,True,False,1466.0,1863
65165,True,True,False,1467.0,1864
65180,True,True,False,1470.0,1868
65181,True,True,False,1471.0,1869
65192,True,True,False,1472.0,1870
65222,True,True,False,1474.0,1872
65224,True,True,False,1475.0,1873
65243,True,True,False,1476.0,1874
65261,True,True,False,1477.0,1876
65267,True,True,False,1478.0,1877
65373,True,True,False,1484.0,1884
65378,True,True,False,1485.0,1885
65379,True,True,False,1486.0,1886
65390,True,True,False,1487.0,1889
65405,True,True,False,1488.0,1890
65441,True,True,False,1490.0,1892
65450,True,True,False,1491.0,1894
65451,True,True,False,1492.0,1895
65460,True,True,False,1493.0,1896
65477,True,True,False,1494.0,1897
65505,True,True,False,1495.0,1898
65537,True,True,False,1496.0,1902
65560,True,True,False,1497.0,1905
65619,True,True,False,1500.0,1910
65771,True,True,False,1503.0,1915
65871,True,True,False,1506.0,1919
65873,True,True,False,1507.0,1920
65874,True,True,False,1508.0,1921
65936,True,True,False,1511.0,1924
65988,True,True,False,1513.0,1927
66054,True,True,False,1515.0,1931
66062,True,True,False,1516.0,1932
66065,True,True,False,1518.0,1934
66114,True,True,False,1522.0,1939
66121,True,True,False,1523.0,1940
66130,True,True,False,1524.0,1941
66192,True,True,False,1527.0,1944
66359,True,True,False,1531.0,1949
66657,True,True,False,1535.0,1957
66659,True,True,False,1537.0,1959
66663,True,True,False,1538.0,1960
66718,True,True,False,1543.0,1968
66773,True,True,False,1547.0,1972
66804,True,True,False,1548.0,1974
66820,True,True,False,1550.0,1977
66875,True,True,False,1554.0,1981
66881,True,True,False,1555.0,1982
66885,True,True,False,1556.0,1983
66886,True,True,False,1557.0,1984
66919,True,True,False,1558.0,1986
66927,True,True,False,1559.0,1988
66968,True,True,False,1560.0,1990
66972,True,True,False,1561.0,1991
66978,True,True,False,1562.0,1992
67003,True,True,False,1566.0,1997
67006,True,True,False,1567.0,1998
67015,True,True,False,1569.0,2001
67027,True,True,False,1571.0,2004
67033,True,True,False,1572.0,2005
67047,True,True,False,1573.0,2006
67052,True,True,False,1574.0,2007
67058,True,True,False,1576.0,2009
67126,True,True,False,1582.0,2016
67130,True,True,False,1584.0,2018
67136,True,True,False,1586.0,2020
67146,True,True,False,1590.0,2024
67148,True,True,False,1592.0,2026
67162,True,True,False,1596.0,2032
67167,True,True,False,1599.0,2035
67170,True,True,False,1600.0,2037
67182,True,True,False,1603.0,2040
67185,True,True,False,1604.0,2041
67202,True,True,False,1610.0,2047
67204,True,True,False,1611.0,2048
67212,True,True,False,1613.0,2050
67214,True,True,False,1614.0,2051
67227,True,True,False,1617.0,2054
67233,True,True,False,1619.0,2056
67245,True,True,False,1622.0,2059
67263,True,True,False,1624.0,2062
67395,True,True,False,1627.0,2071
67411,True,True,False,1629.0,2073
67432,True,True,False,1631.0,2076
67439,True,True,False,1632.0,2077
67455,True,True,False,1634.0,2080
67487,True,True,False,1637.0,2083
67502,True,True,False,1640.0,2086
67557,True,True,False,1643.0,2091
67597,True,True,False,1646.0,2095
67634,True,True,False,1648.0,2097
67638,True,True,False,1649.0,2098
67675,True,True,False,1651.0,2102
67691,True,True,False,1653.0,2105
67754,True,True,False,1656.0,2109
67786,True,True,False,1659.0,2114
67789,True,True,False,1660.0,2115
67840,True,True,False,1662.0,2118
67847,True,True,False,1663.0,2119
67852,True,True,False,1664.0,2120
67910,True,True,False,1667.0,2126
67942,True,True,False,1668.0,2129
67948,True,True,False,1669.0,2131
67950,True,True,False,1670.0,2132
67951,True,True,False,1671.0,2133
67995,True,True,False,1676.0,2138
68004,True,True,False,1677.0,2141
68030,True,True,False,1682.0,2147
68070,True,True,False,1687.0,2153
68115,True,True,False,1688.0,2155
68159,True,True,False,1690.0,2159
68161,True,True,False,1691.0,2160
68174,True,True,False,1692.0,2161
68188,True,True,False,1693.0,2162
68193,True,True,False,1694.0,2163
68197,True,True,False,1695.0,2164
68198,True,True,False,1696.0,2165
68233,True,True,False,1704.0,2175
68249,True,True,False,1706.0,2177
68328,True,True,False,1708.0,2182
68344,True,True,False,1709.0,2184
68350,True,True,False,1710.0,2185
68351,True,True,False,1711.0,2186
68352,True,True,False,1712.0,2187
68354,True,True,False,1713.0,2188
68393,True,True,False,1714.0,2190
68421,True,True,False,1716.0,2192
68422,True,True,False,1717.0,2193
68439,True,True,False,1718.0,2194
68468,True,True,False,1721.0,2198
68481,True,True,False,1724.0,2203
68516,True,True,False,1727.0,2206
68557,True,True,False,1731.0,2210
68613,True,True,False,1736.0,2217
68648,True,True,False,1739.0,2222
68666,True,True,False,1741.0,2224
68668,True,True,False,1742.0,2225
68682,True,True,False,1744.0,2227
68732,True,True,False,1745.0,2230
68849,True,True,False,1748.0,2235
68871,True,True,False,1749.0,2236
68897,True,True,False,1750.0,2237
68923,True,True,False,1752.0,2239
68951,True,True,False,1753.0,2242
69053,True,True,False,1757.0,2247
69055,True,True,False,1758.0,2248
69082,True,True,False,1760.0,2252
69089,True,True,False,1761.0,2254
69096,True,True,False,1762.0,2256
69115,True,True,False,1763.0,2258
69132,True,True,False,1764.0,2259
69139,True,True,False,1765.0,2260
69236,True,True,False,1768.0,2265
69318,True,True,False,1769.0,2266
69327,True,True,False,1770.0,2267
69337,True,True,False,1772.0,2269
69348,True,True,False,1773.0,2270
69469,True,True,False,1775.0,2274
69545,True,True,False,1778.0,2277
69611,True,True,False,1783.0,2284
69634,True,True,False,1784.0,2285
69637,True,True,False,1785.0,2286
69639,True,True,False,1786.0,2287
69675,True,True,False,1795.0,2296
69677,True,True,False,1797.0,2298
69679,True,True,False,1798.0,2299
69701,True,True,False,1806.0,2308
69707,True,True,False,1807.0,2309
69709,True,True,False,1809.0,2311
69722,True,True,False,1813.0,2317
69729,True,True,False,1815.0,2319
69756,True,True,False,1823.0,2328
69774,True,True,False,1827.0,2333
69784,True,True,False,1828.0,2334
69836,True,True,False,1829.0,2337
69872,True,True,False,1832.0,2341
69902,True,True,False,1837.0,2346
69967,True,True,False,1841.0,2351
69989,True,True,False,1843.0,2353
69996,True,True,False,1845.0,2355
70085,True,True,False,1849.0,2363
70088,True,True,False,1851.0,2365
70103,True,True,False,1852.0,2366
70105,True,True,False,1853.0,2367
70111,True,True,False,1854.0,2369
70117,True,True,False,1855.0,2370
70171,True,True,False,1859.0,2375
70178,True,True,False,1860.0,2376
70217,True,True,False,1861.0,2377
70240,True,True,False,1862.0,2378
70255,True,True,False,1864.0,2381
70272,True,True,False,1867.0,2384
70311,True,True,False,1873.0,2390
70347,True,True,False,1877.0,2395
70353,True,True,False,1878.0,2396
70379,True,True,False,1881.0,2399
70388,True,True,False,1882.0,2400
70468,True,True,False,1885.0,2406
70508,True,True,False,1888.0,2410
70608,True,True,False,1890.0,2416
70661,True,True,False,1892.0,2418
70680,True,True,False,1893.0,2419
70747,True,True,False,1895.0,2422
70762,True,True,False,1896.0,2424
70790,True,True,False,1897.0,2425
70795,True,True,False,1898.0,2426
70845,True,True,False,1899.0,2428
70854,True,True,False,1901.0,2430
70869,True,True,False,1902.0,2432
70873,True,True,False,1903.0,2433
70895,True,True,False,1904.0,2434
70908,True,True,False,1905.0,2435
70921,True,True,False,1906.0,2436
71022,True,True,False,1909.0,2439
71073,True,True,False,1912.0,2445
71147,True,True,False,1913.0,2448
71289,True,True,False,1916.0,2453
71298,True,True,False,1918.0,2455
71328,True,True,False,1922.0,2460
71333,True,True,False,1924.0,2462
71334,True,True,False,1925.0,2463
71390,True,True,False,1928.0,2467
71488,True,True,False,1933.0,2475
71491,True,True,False,1935.0,2477
71494,True,True,False,1937.0,2479
71505,True,True,False,1938.0,2481
71510,True,True,False,1940.0,2483
71523,True,True,False,1941.0,2484
71524,True,True,False,1942.0,2485
71529,True,True,False,1943.0,2486
71533,True,True,False,1945.0,2488
71569,True,True,False,1947.0,2490
71602,True,True,False,1950.0,2494
71626,True,True,False,1954.0,2499
71631,True,True,False,1955.0,2500
71708,True,True,False,1961.0,2507
71722,True,True,False,1962.0,2508
71725,True,True,False,1963.0,2509
71731,True,True,False,1964.0,2510
71736,True,True,False,1967.0,2513
71742,True,True,False,1968.0,2514
71760,True,True,False,1969.0,2515
71767,True,True,False,1970.0,2516
71801,True,True,False,1973.0,2520
71803,True,True,False,1974.0,2521
71805,True,True,False,1975.0,2522
71837,True,True,False,1979.0,2526
72049,True,True,False,1986.0,2534
72052,True,True,False,1987.0,2535
72131,True,True,False,1988.0,2539
72142,True,True,False,1989.0,2540
72164,True,True,False,1990.0,2541
72167,True,True,False,1991.0,2542
72221,True,True,False,1994.0,2545
72260,True,True,False,1996.0,2547
72263,True,True,False,1997.0,2548
72309,True,True,False,1998.0,2549
72327,True,True,False,2000.0,2553
72331,True,True,False,2001.0,2554
72358,True,True,False,2002.0,2555
72401,True,True,False,2004.0,2558
72413,True,True,False,2006.0,2560
72427,True,True,False,2007.0,2561
72465,True,True,False,2009.0,2563
72577,True,True,False,2013.0,2568
72588,True,True,False,2014.0,2569
72634,True,True,False,2017.0,2573
72676,True,True,False,2019.0,2575
72746,True,True,False,2020.0,2576
72786,True,True,False,2021.0,2580
72793,True,True,False,2022.0,2581
72825,True,True,False,2023.0,2582
72875,True,True,False,2027.0,2586
72876,True,True,False,2028.0,2587
72880,True,True,False,2031.0,2590
72894,True,True,False,2042.0,2601
72896,True,True,False,2043.0,2602
72907,True,True,False,2047.0,2608
72911,True,True,False,2050.0,2611
72932,True,True,False,2057.0,2619
72965,True,True,False,2063.0,2627
72971,True,True,False,2064.0,2628
72974,True,True,False,2066.0,2630
73059,True,True,False,2074.0,2640
73164,True,True,False,2077.0,2643
73289,True,True,False,2079.0,2647
73290,True,True,False,2080.0,2648
74153,True,True,False,2082.0,2651
74374,True,True,False,2087.0,2657
74569,True,True,False,2090.0,2660
74573,True,True,False,2091.0,2662
74600,True,True,False,2092.0,2663
74606,True,True,False,2094.0,2665
74638,True,True,False,2095.0,2666
74657,True,True,False,2096.0,2667
74871,True,True,False,2098.0,2670
74886,True,True,False,2099.0,2671
136392,False,True,False,,2674
136494,False,True,False,,2677
136648,False,True,False,,2679
136761,False,True,False,,2684
137255,False,True,False,,2693
137404,False,True,False,,2698
137927,False,True,False,,2702
138703,False,True,False,,2716
138763,False,True,False,,2717
139568,False,True,False,,2723
139570,False,True,False,,2724
140007,False,True,False,,2733
140012,False,True,False,,2734
140047,False,True,False,,2735
148131,False,True,False,,2761
148510,False,True,False,,2762
148882,False,True,False,,2765
148883,False,True,False,,2766
149037,False,True,False,,2769
149906,False,True,False,,2780
150031,False,True,False,,2782
150075,False,True,False,,2783
150163,False,True,False,,2784
152030,False,True,False,,2794
153133,False,True,False,,2802
153329,False,True,False,,2804
153466,False,True,False,,2810
153526,False,True,False,,2812
169203,False,True,False,,2814
169465,False,True,False,,2816
169653,False,True,False,,2817
169793,False,True,False,,2818
169879,False,True,False,,2819
170482,False,True,False,,2822
170737,False,True,False,,2824
182818,False,True,False,,2829
189692,False,True,False,,2833
196151,False,True,False,,2835
213525,False,True,False,,2846
213544,False,True,False,,2847
213602,False,True,False,,2848
215337,False,True,False,,2862
215848,False,True,False,,2865
217856,False,True,False,,2876
217973,False,True,False,,2877
228535,False,True,False,,2882
228601,False,True,False,,2884
228625,False,True,False,,2886
229263,False,True,False,,2893
229503,False,True,False,,2896
230825,False,True,False,,2913
230831,False,True,False,,2914
231040,False,True,False,,2919
231318,False,True,False,,2923
231504,False,True,False,,2928
232310,False,True,False,,2931
234522,False,True,False,,2938
234818,False,True,False,,2944
235092,False,True,False,,2948
241275,False,True,False,,2953
241619,False,True,False,,2960
242426,False,True,False,,2964
242504,False,True,False,,2965
242576,False,True,False,,2967
242657,False,True,False,,2971
243148,False,True,False,,2980
243713,False,True,False,,2996
244190,False,True,False,,3001
244248,False,True,False,,3002
244355,False,True,False,,3005
244490,False,True,False,,3011
244542,False,True,False,,3014
244779,False,True,False,,3015
250252,False,True,False,,3041
250328,False,True,False,,3042
250665,False,True,False,,3046
250930,False,True,False,,3052
250932,False,True,False,,3053
250966,False,True,False,,3054
251074,False,True,False,,3060
251187,False,True,False,,3063
251589,False,True,False,,3069
251591,False,True,False,,3070
251726,False,True,False,,3071
251805,False,True,False,,3072
251904,False,True,False,,3073
252094,False,True,False,,3079
253885,False,True,False,,3082
253909,False,True,False,,3084
254274,False,True,False,,3087
254378,False,True,False,,3090
254486,False,True,False,,3095
254505,False,True,False,,3096
255078,False,True,False,,3099
255814,False,True,False,,3103
255893,False,True,False,,3104
256810,False,True,False,,3109
257044,False,True,False,,3110
257145,False,True,False,,3111
258470,False,True,False,,3123
258488,False,True,False,,3124
258544,False,True,False,,3126
259523,False,True,False,,3145
259968,False,True,False,,3155
260601,False,True,False,,3167
260633,False,True,False,,3171
261043,False,True,False,,3186
261044,False,True,False,,3187
261176,False,True,False,,3193
261215,False,True,False,,3194
261411,False,True,False,,3200
261480,False,True,False,,3201
261848,False,True,False,,3205
262009,False,True,False,,3212
262215,False,True,False,,3215
262642,False,True,False,,3229
262995,False,True,False,,3234
263338,False,True,False,,3246
263339,False,True,False,,3247
264102,False,True,False,,3262
264119,False,True,False,,3263
264212,False,True,False,,3268
264894,False,True,False,,3280
264992,False,True,False,,3282
265764,False,True,False,,3302
265779,False,True,False,,3303
266107,False,True,False,,3311
266112,False,True,False,,3312
266303,False,True,False,,3316
266345,False,True,False,,3318
266370,False,True,False,,3319
266393,False,True,False,,3322
266562,False,True,False,,3329
266772,False,True,False,,3339
267011,False,True,False,,3348
267033,False,True,False,,3353
267120,False,True,False,,3355
267417,False,True,False,,3365
267493,False,True,False,,3368
267517,False,True,False,,3369
267548,False,True,False,,3374
267576,False,True,False,,3376
267991,False,True,False,,3391
268022,False,True,False,,3395
268053,False,True,False,,3398
268087,False,True,False,,3403
268088,False,True,False,,3404
268106,False,True,False,,3406
268121,False,True,False,,3408
268253,False,True,False,,3412
268460,False,True,False,,3413
268540,False,True,False,,3421
268589,False,True,False,,3425
268602,False,True,False,,3429
268684,False,True,False,,3438
268709,False,True,False,,3439
268710,False,True,False,,3440
268714,False,True,False,,3442
268883,False,True,False,,3444
268901,False,True,False,,3448
269085,False,True,False,,3456
269111,False,True,False,,3458
269204,False,True,False,,3462
269472,False,True,False,,3471
269500,False,True,False,,3476
269506,False,True,False,,3478
269616,False,True,False,,3483
269747,False,True,False,,3491
269768,False,True,False,,3493
270073,False,True,False,,3503
270074,False,True,False,,3504
270214,False,True,False,,3509
270850,False,True,False,,3516
271064,False,True,False,,3518
272733,False,True,False,,3521
273183,False,True,False,,3523
273834,False,True,False,,3537
273924,False,True,False,,3545
274122,False,True,False,,3553
274179,False,True,False,,3554
274300,False,True,False,,3557
274301,False,True,False,,3558
274491,False,True,False,,3561
274775,False,True,False,,3565
274807,False,True,False,,3569
274819,False,True,False,,3571
274892,False,True,False,,3576
274897,False,True,False,,3577
274919,False,True,False,,3579
274922,False,True,False,,3580
274926,False,True,False,,3583
275017,False,True,False,,3586
275042,False,True,False,,3590
275158,False,True,False,,3595
275186,False,True,False,,3599
275246,False,True,False,,3604
275285,False,True,False,,3610
275426,False,True,False,,3612
275484,False,True,False,,3613
275486,False,True,False,,3615
275487,False,True,False,,3616
275502,False,True,False,,3617
275608,False,True,False,,3622
276038,False,True,False,,3630
276652,False,True,False,,3657
276706,False,True,False,,3659
276769,False,True,False,,3665
276782,False,True,False,,3666
276825,False,True,False,,3667
276826,False,True,False,,3668
277099,False,True,False,,3669
277192,False,True,False,,3671
277244,False,True,False,,3678
277246,False,True,False,,3679
277260,False,True,False,,3680
277286,False,True,False,,3681
277304,False,True,False,,3683
277311,False,True,False,,3684
277312,False,True,False,,3685
277334,False,True,False,,3690
277401,False,True,False,,3693
277428,False,True,False,,3696
277429,False,True,False,,3697
277503,False,True,False,,3704
277558,False,True,False,,3705
277584,False,True,False,,3707
277661,False,True,False,,3709
278071,False,True,False,,3711
278298,False,True,False,,3720
278299,False,True,False,,3721
278341,False,True,False,,3726
278421,False,True,False,,3728
278430,False,True,False,,3729
278435,False,True,False,,3731
278938,False,True,False,,3750
279004,False,True,False,,3753
279031,False,True,False,,3756
279082,False,True,False,,3757
279091,False,True,False,,3759
279183,False,True,False,,3768
279317,False,True,False,,3772
279319,False,True,False,,3773
279334,False,True,False,,3777
279360,False,True,False,,3780
279382,False,True,False,,3781
279423,False,True,False,,3783
279475,False,True,False,,3787
279498,False,True,False,,3789
279520,False,True,False,,3790
279543,False,True,False,,3791
279858,False,True,False,,3795
280108,False,True,False,,3807
280272,False,True,False,,3812
280424,False,True,False,,3813
280624,False,True,False,,3816
280637,False,True,False,,3817
280639,False,True,False,,3818
280646,False,True,False,,3820
280652,False,True,False,,3822
280679,False,True,False,,3825
280804,False,True,False,,3830
280807,False,True,False,,3831
280838,False,True,False,,3832
280909,False,True,False,,3834
281287,False,True,False,,3837
281433,False,True,False,,3839
281542,False,True,False,,3840
281579,False,True,False,,3842
281687,False,True,False,,3845
281825,False,True,False,,3848
281858,False,True,False,,3849
281887,False,True,False,,3851
282214,False,True,False,,3861
282242,False,True,False,,3862
282448,False,True,False,,3867
282523,False,True,False,,3872
282572,False,True,False,,3873
282603,False,True,False,,3875
282710,False,True,False,,3878
283091,False,True,False,,3883
283426,False,True,False,,3885
283446,False,True,False,,3888
283550,False,True,False,,3889
283596,False,True,False,,3893
283711,False,True,False,,3901
283714,False,True,False,,3903
283854,False,True,False,,3911
283888,False,True,False,,3916
283932,False,True,False,,3920
284030,False,True,False,,3923
284220,False,True,False,,3928
284275,False,True,False,,3929
284410,False,True,False,,3931
284416,False,True,False,,3933
284434,False,True,False,,3936
284656,False,True,False,,3943
284670,False,True,False,,3945
284798,False,True,False,,3947
285056,False,True,False,,3955
285120,False,True,False,,3956
285441,False,True,False,,3964
285442,False,True,False,,3965
285533,False,True,False,,3967
285653,False,True,False,,3975
285670,False,True,False,,3976
285771,False,True,False,,3978
285873,False,True,False,,3983
285944,False,True,False,,3985
286068,False,True,False,,3989
286251,False,True,False,,3991
286254,False,True,False,,3994
286296,False,True,False,,3996
286614,False,True,False,,4004
287064,False,True,False,,4013
287122,False,True,False,,4015
287185,False,True,False,,4017
287195,False,True,False,,4018
288316,False,True,False,,4023
288375,False,True,False,,4024
289266,False,True,False,,4032
289400,False,True,False,,4033
289528,False,True,False,,4036
289584,False,True,False,,4038
289872,False,True,False,,4042
290244,False,True,False,,4049
290281,False,True,False,,4052
290282,False,True,False,,4053
290552,False,True,False,,4056
290656,False,True,False,,4059
290861,False,True,False,,4060
291108,False,True,False,,4062
291303,False,True,False,,4063
291646,False,True,False,,4070
291712,False,True,False,,4071
291898,False,True,False,,4079
291905,False,True,False,,4081
292035,False,True,False,,4084
292395,False,True,False,,4086
292715,False,True,False,,4096
292737,False,True,False,,4097
292739,False,True,False,,4099
292742,False,True,False,,4101
292819,False,True,False,,4102
292842,False,True,False,,4105
292944,False,True,False,,4113
292949,False,True,False,,4115
292972,False,True,False,,4118
293315,False,True,False,,4125
293430,False,True,False,,4129
293791,False,True,False,,4142
294078,False,True,False,,4144
294080,False,True,False,,4145
294131,False,True,False,,4146
294363,False,True,False,,4155
294364,False,True,False,,4156
294509,False,True,False,,4157
294751,False,True,False,,4159
294752,False,True,False,,4160
294774,False,True,False,,4161
295034,False,True,False,,4165
295126,False,True,False,,4168
295420,False,True,False,,4178
295426,False,True,False,,4180
295747,False,True,False,,4181
295885,False,True,False,,4185
296003,False,True,False,,4189
296050,False,True,False,,4190
296507,False,True,False,,4197
296547,False,True,False,,4200
296665,False,True,False,,4202
296691,False,True,False,,4206
296824,False,True,False,,4208
296933,False,True,False,,4211
296934,False,True,False,,4212
296939,False,True,False,,4216
296940,False,True,False,,4217
297047,False,True,False,,4222
297054,False,True,False,,4224
297148,False,True,False,,4225
297184,False,True,False,,4226
297712,False,True,False,,4237
297991,False,True,False,,4242
297992,False,True,False,,4243
298278,False,True,False,,4246
298286,False,True,False,,4247
298336,False,True,False,,4249
298404,False,True,False,,4253
298438,False,True,False,,4254
298824,False,True,False,,4263
298929,False,True,False,,4265
299074,False,True,False,,4268
299091,False,True,False,,4269
299191,False,True,False,,4270
299193,False,True,False,,4271
299286,False,True,False,,4272
299416,False,True,False,,4273
299459,False,True,False,,4274
299481,False,True,False,,4275
299660,False,True,False,,4279
299694,False,True,False,,4280
299841,False,True,False,,4283
299860,False,True,False,,4284
299975,False,True,False,,4286
300175,False,True,False,,4287
300224,False,True,False,,4293
300371,False,True,False,,4295
300456,False,True,False,,4296
300459,False,True,False,,4298
300504,False,True,False,,4302
300754,False,True,False,,4305
301144,False,True,False,,4312
301380,False,True,False,,4316
301415,False,True,False,,4318
301548,False,True,False,,4324
301596,False,True,False,,4325
301601,False,True,False,,4327
301684,False,True,False,,4328
301704,False,True,False,,4329
301730,False,True,False,,4332
301953,False,True,False,,4340
301984,False,True,False,,4341
301987,False,True,False,,4343
301988,False,True,False,,4344
301991,False,True,False,,4346
302255,False,True,False,,4350
302291,False,True,False,,4351
302395,False,True,False,,4352
302548,False,True,False,,4354
303187,False,True,False,,4362
303377,False,True,False,,4366
303404,False,True,False,,4367
303775,False,True,False,,4370
303961,False,True,False,,4375
303979,False,True,False,,4376
303988,False,True,False,,4379
304081,False,True,False,,4381
304084,False,True,False,,4382
304086,False,True,False,,4383
304257,False,True,False,,4391
304818,False,True,False,,4398
304873,False,True,False,,4400
305073,False,True,False,,4403
305102,False,True,False,,4404
305164,False,True,False,,4406
305194,False,True,False,,4407
305197,False,True,False,,4408
305228,False,True,False,,4410
305271,False,True,False,,4413
305474,False,True,False,,4416
305774,False,True,False,,4419
305787,False,True,False,,4420
305815,False,True,False,,4423
305816,False,True,False,,4424
306001,False,True,False,,4431
306051,False,True,False,,4433
306053,False,True,False,,4434
306186,False,True,False,,4437
306323,False,True,False,,4441
306416,False,True,False,,4443
306451,False,True,False,,4446
306575,False,True,False,,4454
306796,False,True,False,,4457
306881,False,True,False,,4458
306884,False,True,False,,4459
306909,False,True,False,,4461
306965,False,True,False,,4463
306988,False,True,False,,4464
307102,False,True,False,,4471
307122,False,True,False,,4473
307232,False,True,False,,4477
307262,False,True,False,,4480
307322,False,True,False,,4487
307678,False,True,False,,4491
307738,False,True,False,,4494
307781,False,True,False,,4496
307932,False,True,False,,4509
307933,False,True,False,,4510
307959,False,True,False,,4511
307962,False,True,False,,4513
308178,False,True,False,,4519
308263,False,True,False,,4520
308382,False,True,False,,4521
308430,False,True,False,,4523
308433,False,True,False,,4524
308621,False,True,False,,4527
308794,False,True,False,,4531
308823,False,True,False,,4534
308889,False,True,False,,4537
308916,False,True,False,,4540
308937,False,True,False,,4541
309213,False,True,False,,4551
312222,False,True,False,,4552
312225,False,True,False,,4553
312253,False,True,False,,4555
312290,False,True,False,,4558
312539,False,True,False,,4569
312619,False,True,False,,4573
312649,False,True,False,,4574
312776,False,True,False,,4575
313574,False,True,False,,4576
313578,False,True,False,,4577
313874,False,True,False,,4579
313920,False,True,False,,4581
314003,False,True,False,,4582
314060,False,True,False,,4585
314116,False,True,False,,4586
314304,False,True,False,,4587
314327,False,True,False,,4588
314371,False,True,False,,4589
314555,False,True,False,,4590
314695,False,True,False,,4592
314882,False,True,False,,4594
314904,False,True,False,,4595
315022,False,True,False,,4599
315051,False,True,False,,4600
315054,False,True,False,,4601
315067,False,True,False,,4603
315109,False,True,False,,4604
315296,False,True,False,,4605
315438,False,True,False,,4607
315583,False,True,False,,4610
315608,False,True,False,,4611
315661,False,True,False,,4612
315871,False,True,False,,4618
315893,False,True,False,,4620
315959,False,True,False,,4623
315976,False,True,False,,4624
315981,False,True,False,,4625
316274,False,True,False,,4635
316278,False,True,False,,4637
316333,False,True,False,,4640
316385,False,True,False,,4641
316578,False,True,False,,4646
316582,False,True,False,,4648
316698,False,True,False,,4652
316705,False,True,False,,4657
316711,False,True,False,,4659
316806,False,True,False,,4663
316830,False,True,False,,4664
317293,False,True,False,,4672
317389,False,True,False,,4677
317620,False,True,False,,4686
317904,False,True,False,,4697
317908,False,True,False,,4698
318278,False,True,False,,4701
318414,False,True,False,,4707
318498,False,True,False,,4712
318548,False,True,False,,4714
318611,False,True,False,,4715
318689,False,True,False,,4719
318731,False,True,False,,4721
318747,False,True,False,,4722
318855,False,True,False,,4724
318856,False,True,False,,4725
318860,False,True,False,,4726
319249,False,True,False,,4730
319268,False,True,False,,4732
319365,False,True,False,,4741
319622,False,True,False,,4743
319764,False,True,False,,4747
319899,False,True,False,,4751
320133,False,True,False,,4753
320232,False,True,False,,4758
320279,False,True,False,,4761
320318,False,True,False,,4762
320426,False,True,False,,4766
320437,False,True,False,,4767
320488,False,True,False,,4768
320489,False,True,False,,4769
320699,False,True,False,,4771
320847,False,True,False,,4774
321162,False,True,False,,4775
321603,False,True,False,,4783
321685,False,True,False,,4785
321738,False,True,False,,4787
321741,False,True,False,,4788
321762,False,True,False,,4789
321926,False,True,False,,4792
321927,False,True,False,,4793
322081,False,True,False,,4795
322135,False,True,False,,4797
322136,False,True,False,,4798
322137,False,True,False,,4799
322601,False,True,False,,4800
322905,False,True,False,,4807
322933,False,True,False,,4810
322934,False,True,False,,4811
323028,False,True,False,,4812
323098,False,True,False,,4813
324475,False,True,False,,4820
325564,False,True,False,,4832
325634,False,True,False,,4834
325836,False,True,False,,4836
325861,False,True,False,,4838
325903,False,True,False,,4840
326257,False,True,False,,4841
326553,False,True,False,,4850
326586,False,True,False,,4851
326877,False,True,False,,4860
326878,False,True,False,,4861
326975,False,True,False,,4865
327044,False,True,False,,4869
327067,False,True,False,,4873
327079,False,True,False,,4874
327348,False,True,False,,4879
327349,False,True,False,,4880
327414,False,True,False,,4882
327417,False,True,False,,4883
327575,False,True,False,,4888
327607,False,True,False,,4890
327810,False,True,False,,4894
327961,False,True,False,,4898
328319,False,True,False,,4902
328350,False,True,False,,4904
328372,False,True,False,,4905
328373,False,True,False,,4906
328700,False,True,False,,4910
328765,False,True,False,,4914
328767,False,True,False,,4915
328769,False,True,False,,4916
328771,False,True,False,,4918
328923,False,True,False,,4920
329033,False,True,False,,4927
329124,False,True,False,,4931
329125,False,True,False,,4932
329268,False,True,False,,4936
329634,False,True,False,,4942
329635,False,True,False,,4943
329828,False,True,False,,4957
329829,False,True,False,,4958
329942,False,True,False,,4961
329966,False,True,False,,4965
330072,False,True,False,,4968
330079,False,True,False,,4970
330082,False,True,False,,4972
330205,False,True,False,,4977
330319,False,True,False,,4982
330370,False,True,False,,4989
330462,False,True,False,,4991
330465,False,True,False,,4993
330466,False,True,False,,4994
330508,False,True,False,,4995
330509,False,True,False,,4996
330513,False,True,False,,4999
330518,False,True,False,,5000
330556,False,True,False,,5001
330704,False,True,False,,5003
330734,False,True,False,,5009
330950,False,True,False,,5015
331006,False,True,False,,5016
331099,False,True,False,,5017
331152,False,True,False,,5018
331210,False,True,False,,5023
331254,False,True,False,,5027
331312,False,True,False,,5029
331314,False,True,False,,5031
331315,False,True,False,,5032
331445,False,True,False,,5036
331481,False,True,False,,5038
331482,False,True,False,,5039
331526,False,True,False,,5042
331672,False,True,False,,5043
331835,False,True,False,,5050
331837,False,True,False,,5052
331891,False,True,False,,5058
331892,False,True,False,,5059
331929,False,True,False,,5063
331930,False,True,False,,5064
331931,False,True,False,,5065
332114,False,True,False,,5070
332115,False,True,False,,5071
332116,False,True,False,,5072
332118,False,True,False,,5073
332156,False,True,False,,5076
332222,False,True,False,,5079
332337,False,True,False,,5082
332373,False,True,False,,5084
332375,False,True,False,,5085
332520,False,True,False,,5090
332521,False,True,False,,5091
332633,False,True,False,,5096
332659,False,True,False,,5099
332700,False,True,False,,5101
332701,False,True,False,,5102
332704,False,True,False,,5104
332926,False,True,False,,5110
333006,False,True,False,,5113
333117,False,True,False,,5115
333123,False,True,False,,5117
333124,False,True,False,,5118
333179,False,True,False,,5121
333187,False,True,False,,5122
333305,False,True,False,,5123
333313,False,True,False,,5124
333468,False,True,False,,5125
333684,False,True,False,,5128
333690,False,True,False,,5129
333834,False,True,False,,5130
333838,False,True,False,,5131
333839,False,True,False,,5132
333842,False,True,False,,5133
333945,False,True,False,,5135
334005,False,True,False,,5136
334007,False,True,False,,5137
334051,False,True,False,,5139
334063,False,True,False,,5140
334100,False,True,False,,5142
334160,False,True,False,,5146
334339,False,True,False,,5152
334532,False,True,False,,5157
334536,False,True,False,,5159
334589,False,True,False,,5160
334591,False,True,False,,5162
334653,False,True,False,,5164
334752,False,True,False,,5166
334754,False,True,False,,5167
334756,False,True,False,,5168
334808,False,True,False,,5170
334811,False,True,False,,5172
334812,False,True,False,,5173
334818,False,True,False,,5175
334870,False,True,False,,5178
334873,False,True,False,,5180
334874,False,True,False,,5181
334875,False,True,False,,5182
334883,False,True,False,,5183
334946,False,True,False,,5185
334955,False,True,False,,5186
335117,False,True,False,,5191
335122,False,True,False,,5193
335190,False,True,False,,5195
335192,False,True,False,,5196
335193,False,True,False,,5197
335195,False,True,False,,5198
335210,False,True,False,,5201
335212,False,True,False,,5202
335226,False,True,False,,5204
335261,False,True,False,,5205
335262,False,True,False,,5206
335264,False,True,False,,5207
335313,False,True,False,,5209
335320,False,True,False,,5210
335321,False,True,False,,5211
335370,False,True,False,,5212
335430,False,True,False,,5214
335435,False,True,False,,5218
335483,False,True,False,,5220
335649,False,True,False,,5221
335691,False,True,False,,5222
335764,False,True,False,,5223
335808,False,True,False,,5224
335981,False,True,False,,5225
336102,False,True,False,,5226
336152,False,True,False,,5228
336153,False,True,False,,5229
336158,False,True,False,,5230
336168,False,True,False,,5231
336175,False,True,False,,5232
336274,False,True,False,,5234
336372,False,True,False,,5236
336373,False,True,False,,5237
336413,False,True,False,,5239
336421,False,True,False,,5240
336422,False,True,False,,5241
336424,False,True,False,,5242
336438,False,True,False,,5243
336446,False,True,False,,5244
336495,False,True,False,,5245
336497,False,True,False,,5246
336499,False,True,False,,5247
336500,False,True,False,,5248
336675,False,True,False,,5251
336736,False,True,False,,5253
336873,False,True,False,,5258
336875,False,True,False,,5259
336972,False,True,False,,5260
337016,False,True,False,,5261
337206,False,True,False,,5267
337214,False,True,False,,5268
337219,False,True,False,,5269
337264,False,True,False,,5270
337313,False,True,False,,5271
337315,False,True,False,,5272
337363,False,True,False,,5273
337367,False,True,False,,5274
337440,False,True,False,,5278
337444,False,True,False,,5281
337462,False,True,False,,5285
337514,False,True,False,,5288
337518,False,True,False,,5291
337519,False,True,False,,5292
337522,False,True,False,,5293
337578,False,True,False,,5295
337582,False,True,False,,5297
337583,False,True,False,,5298
337657,False,True,False,,5299
337724,False,True,False,,5300
337734,False,True,False,,5302
337735,False,True,False,,5303
337789,False,True,False,,5304
337799,False,True,False,,5306
337859,False,True,False,,5310
337860,False,True,False,,5311
337861,False,True,False,,5312
337863,False,True,False,,5313
337864,False,True,False,,5314
337872,False,True,False,,5315
337952,False,True,False,,5316
337954,False,True,False,,5317
338042,False,True,False,,5318
338131,False,True,False,,5319
338133,False,True,False,,5320
338178,False,True,False,,5322
338179,False,True,False,,5323
338184,False,True,False,,5324
338229,False,True,False,,5326
338365,False,True,False,,5332
338375,False,True,False,,5333
338418,False,True,False,,5336
338420,False,True,False,,5337
338434,False,True,False,,5338
338475,False,True,False,,5339
338477,False,True,False,,5340
338478,False,True,False,,5341
338479,False,True,False,,5342
338484,False,True,False,,5346
338594,False,True,False,,5348
338691,False,True,False,,5353
338741,False,True,False,,5359
338745,False,True,False,,5362
338749,False,True,False,,5363
338808,False,True,False,,5364
338811,False,True,False,,5365
338813,False,True,False,,5367
338821,False,True,False,,5369
338873,False,True,False,,5370
338920,False,True,False,,5371
338921,False,True,False,,5372
338981,False,True,False,,5374
339039,False,True,False,,5379
339065,False,True,False,,5380
339097,False,True,False,,5382
339269,False,True,False,,5385
339275,False,True,False,,5386
339350,False,True,False,,5388
339356,False,True,False,,5389
339415,False,True,False,,5390
339421,False,True,False,,5391
339424,False,True,False,,5392
339464,False,True,False,,5394
339466,False,True,False,,5395
339468,False,True,False,,5396
339569,False,True,False,,5397
339570,False,True,False,,5398
339571,False,True,False,,5399
339629,False,True,False,,5401
339761,False,True,False,,5403
339764,False,True,False,,5405
339964,False,True,False,,5411
340030,False,True,False,,5413
340092,False,True,False,,5415
340201,False,True,False,,5420
340697,False,True,False,,5429
340913,False,True,False,,5435
340989,False,True,False,,5436
340997,False,True,False,,5437
341159,False,True,False,,5438
341162,False,True,False,,5440
341205,False,True,False,,5442
341209,False,True,False,,5444
341210,False,True,False,,5445
341428,False,True,False,,5449
341429,False,True,False,,5450
341488,False,True,False,,5455
341490,False,True,False,,5457
341492,False,True,False,,5459
341555,False,True,False,,5460
341593,False,True,False,,5462
341659,False,True,False,,5464
341674,False,True,False,,5470
341675,False,True,False,,5471
341689,False,True,False,,5472
341690,False,True,False,,5473
341739,False,True,False,,5475
341743,False,True,False,,5477
341744,False,True,False,,5478
341746,False,True,False,,5479
341963,False,True,False,,5481
342005,False,True,False,,5483
342059,False,True,False,,5484
342221,False,True,False,,5485
342298,False,True,False,,5486
342301,False,True,False,,5487
342302,False,True,False,,5488
342306,False,True,False,,5489
342307,False,True,False,,5490
342345,False,True,False,,5492
342348,False,True,False,,5493
342351,False,True,False,,5495
342352,False,True,False,,5496
342353,False,True,False,,5497
342357,False,True,False,,5498
342358,False,True,False,,5499
342411,False,True,False,,5502
342531,False,True,False,,5507
342569,False,True,False,,5511
342627,False,True,False,,5513
342628,False,True,False,,5514
342629,False,True,False,,5515
342632,False,True,False,,5518
342636,False,True,False,,5520
342767,False,True,False,,5522
342773,False,True,False,,5525
342823,False,True,False,,5529
342824,False,True,False,,5530
342826,False,True,False,,5531
342878,False,True,False,,5534
342883,False,True,False,,5536
342884,False,True,False,,5537
343014,False,True,False,,5540
343071,False,True,False,,5541
343118,False,True,False,,5543
343219,False,True,False,,5545
343299,False,True,False,,5546
343338,False,True,False,,5547
343587,False,True,False,,5548
343702,False,True,False,,5549
343746,False,True,False,,5550
343907,False,True,False,,5552
343924,False,True,False,,5553
344073,False,True,False,,5555
344238,False,True,False,,5557
344322,False,True,False,,5567
344384,False,True,False,,5568
344504,False,True,False,,5569
344563,False,True,False,,5572
344569,False,True,False,,5577
344610,False,True,False,,5579
344769,False,True,False,,5581
344845,False,True,False,,5585
344905,False,True,False,,5586
344921,False,True,False,,5589
345012,False,True,False,,5590
345013,False,True,False,,5591
345053,False,True,False,,5592
345123,False,True,False,,5593
345190,False,True,False,,5595
345208,False,True,False,,5596
345239,False,True,False,,5597
345240,False,True,False,,5598
345258,False,True,False,,5599
345365,False,True,False,,5601
345449,False,True,False,,5605
345464,False,True,False,,5606
345496,False,True,False,,5607
345542,False,True,False,,5608
345553,False,True,False,,5609
345609,False,True,False,,5610
345656,False,True,False,,5615
345801,False,True,False,,5619
345919,False,True,False,,5624
345922,False,True,False,,5625
345925,False,True,False,,5626
346006,False,True,False,,5629
346024,False,True,False,,5630
346117,False,True,False,,5635
346146,False,True,False,,5636
346165,False,True,False,,5638
346371,False,True,False,,5639
346418,False,True,False,,5642
346419,False,True,False,,5643
346502,False,True,False,,5647
346553,False,True,False,,5648
347763,False,True,False,,5649
347774,False,True,False,,5653
347951,False,True,False,,5656
348025,False,True,False,,5657
348131,False,True,False,,5658
348295,False,True,False,,5659
348382,False,True,False,,5660
348567,False,True,False,,5661
348622,False,True,False,,5662
348629,False,True,False,,5663
348753,False,True,False,,5664
348841,False,True,False,,5668
349070,False,True,False,,5669
349071,False,True,False,,5670
349072,False,True,False,,5671
349143,False,True,False,,5672
349384,False,True,False,,5674
349702,False,True,False,,5676
349705,False,True,False,,5677
349784,False,True,False,,5679
349925,False,True,False,,5680
349942,False,True,False,,5681
350062,False,True,False,,5682
350100,False,True,False,,5683
350130,False,True,False,,5686
350131,False,True,False,,5687
350186,False,True,False,,5688
350251,False,True,False,,5689
350313,False,True,False,,5691
350617,False,True,False,,5693
350622,False,True,False,,5694
350664,False,True,False,,5695
350814,False,True,False,,5697
350821,False,True,False,,5698
350847,False,True,False,,5699
350878,False,True,False,,5700
352019,False,True,False,,5701
352027,False,True,False,,5703
352031,False,True,False,,5704
352144,False,True,False,,5706
352236,False,True,False,,5707
352525,False,True,False,,5708
352720,False,True,False,,5709
352776,False,True,False,,5711
353119,False,True,False,,5712
353154,False,True,False,,5713
353438,False,True,False,,5714
353475,False,True,False,,5715
353716,False,True,False,,5718
354169,False,True,False,,5721
354521,False,True,False,,5724
354647,False,True,False,,5725
354723,False,True,False,,5726
355136,False,True,False,,5728
355555,False,True,False,,5729
355892,False,True,False,,5732
356214,False,True,False,,5734
356623,False,True,False,,5736
356725,False,True,False,,5738
357769,False,True,False,,5742
357878,False,True,False,,5744
357981,False,True,False,,5745
358180,False,True,False,,5746
358352,False,True,False,,5748
359097,False,True,False,,5752
359295,False,True,False,,5755
359340,False,True,False,,5756
360637,False,True,False,,5761
360906,False,True,False,,5764
360938,False,True,False,,5765
360950,False,True,False,,5766
361727,False,True,False,,5772
362509,False,True,False,,5774
362714,False,True,False,,5775
362731,False,True,False,,5776
362834,False,True,False,,5777
363046,False,True,False,,5778
363377,False,True,False,,5781
363558,False,True,False,,5782
364704,False,True,False,,5790
365578,False,True,False,,5798
365818,False,True,False,,5801
365886,False,True,False,,5802
366095,False,True,False,,5805
366225,False,True,False,,5807
366639,False,True,False,,5809
366708,False,True,False,,5810
367009,False,True,False,,5816
367241,False,True,False,,5817
367822,False,True,False,,5823
368017,False,True,False,,5824
368058,False,True,False,,5825
368119,False,True,False,,5826
368274,False,True,False,,5827
369580,False,True,False,,5831
369883,False,True,False,,5833
370034,False,True,False,,5835
370089,False,True,False,,5836
370090,False,True,False,,5837
370396,False,True,False,,5841
370401,False,True,False,,5842
370417,False,True,False,,5843
370421,False,True,False,,5844
370503,False,True,False,,5846
370560,False,True,False,,5848
370561,False,True,False,,5849
370661,False,True,False,,5851
370698,False,True,False,,5853
370701,False,True,False,,5854
371177,False,True,False,,5856
371554,False,True,False,,5860
371706,False,True,False,,5861
371775,False,True,False,,5863
371852,False,True,False,,5865
372600,False,True,False,,5876
372601,False,True,False,,5877
372602,False,True,False,,5878
372702,False,True,False,,5880
373159,False,True,False,,5883
373288,False,True,False,,5885
373643,False,True,False,,5889
373751,False,True,False,,5891
373776,False,True,False,,5892
374121,False,True,False,,5895
374259,False,True,False,,5896
374297,False,True,False,,5897
374300,False,True,False,,5898
374465,False,True,False,,5899
374604,False,True,False,,5903
374692,False,True,False,,5904
374909,False,True,False,,5905
374915,False,True,False,,5906
375108,False,True,False,,5907
375597,False,True,False,,5908
375694,False,True,False,,5910
375870,False,True,False,,5912
376020,False,True,False,,5913
376037,False,True,False,,5916
376061,False,True,False,,5917
376125,False,True,False,,5918
376128,False,True,False,,5919
376178,False,True,False,,5922
376207,False,True,False,,5924
376277,False,True,False,,5925
376279,False,True,False,,5926
376301,False,True,False,,5927
376435,False,True,False,,5930
376441,False,True,False,,5932
376676,False,True,False,,5933
376752,False,True,False,,5935
376785,False,True,False,,5937
377451,False,True,False,,5939
377601,False,True,False,,5940
377730,False,True,False,,5943
377744,False,True,False,,5944
377880,False,True,False,,5945
377908,False,True,False,,5946
378088,False,True,False,,5948
378131,False,True,False,,5949
378274,False,True,False,,5950
378449,False,True,False,,5951
378574,False,True,False,,5953
378589,False,True,False,,5954
378654,False,True,False,,5955
378988,False,True,False,,5959
379184,False,True,False,,5963
379236,False,True,False,,5966
379393,False,True,False,,5967
379599,False,True,False,,5971
379661,False,True,False,,5973
380023,False,True,False,,5976
380195,False,True,False,,5978
380235,False,True,False,,5979
380875,False,True,False,,5980
381018,False,True,False,,5983
381500,False,True,False,,5986
381745,False,True,False,,5987
381874,False,True,False,,5988
381978,False,True,False,,5989
382165,False,True,False,,5990
382232,False,True,False,,5992
382388,False,True,False,,5993
382389,False,True,False,,5994
382446,False,True,False,,5995
382557,False,True,False,,5996
382614,False,True,False,,5997
383070,False,True,False,,6000
383074,False,True,False,,6001
383221,False,True,False,,6003
383282,False,True,False,,6005
383286,False,True,False,,6006
383361,False,True,False,,6007
383453,False,True,False,,6012
383662,False,True,False,,6016
383898,False,True,False,,6018
383900,False,True,False,,6019
383977,False,True,False,,6020
383998,False,True,False,,6021
384029,False,True,False,,6023
384133,False,True,False,,6024
384154,False,True,False,,6025
384215,False,True,False,,6026
384366,False,True,False,,6027
384648,False,True,False,,6029
384971,False,True,False,,6031
385013,False,True,False,,6032
385063,False,True,False,,6034
385181,False,True,False,,6036
385210,False,True,False,,6037
385252,False,True,False,,6039
385792,False,True,False,,6045
385833,False,True,False,,6046
385876,False,True,False,,6047
385979,False,True,False,,6048
386671,False,True,False,,6051
386745,False,True,False,,6055
387336,False,True,False,,6060
387471,False,True,False,,6061
387592,False,True,False,,6064
387911,False,True,False,,6066
387932,False,True,False,,6068
388010,False,True,False,,6069
388208,False,True,False,,6070
388364,False,True,False,,6071
388398,False,True,False,,6072
389000,False,True,False,,6078
389241,False,True,False,,6080
389444,False,True,False,,6081
390417,False,True,False,,6084
390748,False,True,False,,6089
391388,False,True,False,,6091
391958,False,True,False,,6092
392059,False,True,False,,6093
392153,False,True,False,,6095
392181,False,True,False,,6096
392253,False,True,False,,6098
392489,False,True,False,,6102
392542,False,True,False,,6104
392543,False,True,False,,6105
392711,False,True,False,,6106
392777,False,True,False,,6108
392783,False,True,False,,6109
393155,False,True,False,,6110
393290,False,True,False,,6111
393310,False,True,False,,6112
393363,False,True,False,,6113
394736,False,True,False,,6114
395123,False,True,False,,6115
4556,False,True,False,,0
49184,False,True,False,,32
49372,False,True,False,,46
49385,False,True,False,,48
49413,False,True,False,,53
49445,False,True,False,,57
49461,False,True,False,,59
49465,False,True,False,,60
49469,False,True,False,,61
49495,False,True,False,,64
49562,False,True,False,,72
49572,False,True,False,,75
49593,False,True,False,,79
49595,False,True,False,,80
49607,False,True,False,,82
49635,False,True,False,,85
49661,False,True,False,,89
49908,False,True,False,,117
49953,False,True,False,,124
49973,False,True,False,,128
49999,False,True,False,,131
50091,False,True,False,,141
50096,False,True,False,,142
50097,False,True,False,,143
50101,False,True,False,,144
50107,False,True,False,,147
50206,False,True,False,,159
50212,False,True,False,,161
50218,False,True,False,,162
50236,False,True,False,,165
50279,False,True,False,,171
50298,False,True,False,,172
50396,False,True,False,,186
50426,False,True,False,,190
50444,False,True,False,,192
50459,False,True,False,,193
50591,False,True,False,,204
50596,False,True,False,,205
50598,False,True,False,,206
50624,False,True,False,,210
50677,False,True,False,,215
50698,False,True,False,,218
50706,False,True,False,,220
50731,False,True,False,,222
50774,False,True,False,,227
50786,False,True,False,,229
50862,False,True,False,,237
50917,False,True,False,,243
50959,False,True,False,,248
50961,False,True,False,,249
50977,False,True,False,,251
50980,False,True,False,,252
51035,False,True,False,,258
51076,False,True,False,,263
51168,False,True,False,,274
51193,False,True,False,,277
51231,False,True,False,,283
51249,False,True,False,,284
51348,False,True,False,,292
51372,False,True,False,,295
51378,False,True,False,,296
51458,False,True,False,,307
51474,False,True,False,,311
51496,False,True,False,,315
51604,False,True,False,,324
51726,False,True,False,,341
51736,False,True,False,,342
51784,False,True,False,,349
51816,False,True,False,,352
51855,False,True,False,,358
51868,False,True,False,,360
51938,False,True,False,,367
51951,False,True,False,,370
51979,False,True,False,,372
52038,False,True,False,,376
52081,False,True,False,,382
52119,False,True,False,,387
52170,False,True,False,,393
52201,False,True,False,,397
52254,False,True,False,,402
52279,False,True,False,,406
52315,False,True,False,,411
52319,False,True,False,,413
52337,False,True,False,,414
52381,False,True,False,,421
52422,False,True,False,,427
52427,False,True,False,,429
52436,False,True,False,,431
52557,False,True,False,,438
52582,False,True,False,,441
52607,False,True,False,,449
52755,False,True,False,,452
52764,False,True,False,,454
52783,False,True,False,,455
52812,False,True,False,,457
52848,False,True,False,,463
52918,False,True,False,,480
52928,False,True,False,,482
52964,False,True,False,,490
53005,False,True,False,,492
53012,False,True,False,,493
53017,False,True,False,,494
53024,False,True,False,,495
53042,False,True,False,,499
53061,False,True,False,,502
53105,False,True,False,,504
53123,False,True,False,,508
53150,False,True,False,,510
53152,False,True,False,,511
53390,False,True,False,,521
53427,False,True,False,,525
53480,False,True,False,,528
53530,False,True,False,,529
53548,False,True,False,,530
53556,False,True,False,,531
53637,False,True,False,,539
53747,False,True,False,,548
53825,False,True,False,,555
53845,False,True,False,,557
53968,False,True,False,,566
53970,False,True,False,,567
53975,False,True,False,,568
53978,False,True,False,,569
54027,False,True,False,,576
54049,False,True,False,,577
54174,False,True,False,,583
54215,False,True,False,,599
54219,False,True,False,,601
54225,False,True,False,,604
54303,False,True,False,,617
54322,False,True,False,,619
54349,False,True,False,,627
54364,False,True,False,,633
54422,False,True,False,,649
54510,False,True,False,,651
54569,False,True,False,,657
54637,False,True,False,,666
54670,False,True,False,,671
54675,False,True,False,,672
54705,False,True,False,,674
54727,False,True,False,,677
54864,False,True,False,,689
54868,False,True,False,,690
54892,False,True,False,,692
54965,False,True,False,,699
54966,False,True,False,,700
55111,False,True,False,,704
55121,False,True,False,,706
55210,False,True,False,,713
55221,False,True,False,,714
55241,False,True,False,,717
55339,False,True,False,,724
55416,False,True,False,,729
55419,False,True,False,,730
55488,False,True,False,,737
55505,False,True,False,,738
55551,False,True,False,,746
55554,False,True,False,,747
55569,False,True,False,,749
55583,False,True,False,,750
55614,False,True,False,,752
55676,False,True,False,,757
55679,False,True,False,,759
55687,False,True,False,,760
55704,False,True,False,,766
55774,False,True,False,,791
55814,False,True,False,,794
55832,False,True,False,,796
55838,False,True,False,,798
55856,False,True,False,,800
55873,False,True,False,,801
55875,False,True,False,,802
55879,False,True,False,,803
55914,False,True,False,,805
55931,False,True,False,,808
56015,False,True,False,,815
56111,False,True,False,,819
56126,False,True,False,,822
56198,False,True,False,,828
56446,False,True,False,,830
56530,False,True,False,,836
56572,False,True,False,,840
56659,False,True,False,,862
56673,False,True,False,,865
56683,False,True,False,,867
56724,False,True,False,,871
56773,False,True,False,,879
56796,False,True,False,,881
56805,False,True,False,,884
56824,False,True,False,,888
56917,False,True,False,,890
56922,False,True,False,,891
56995,False,True,False,,896
56999,False,True,False,,897
57004,False,True,False,,898
57049,False,True,False,,901
57138,False,True,False,,919
57141,False,True,False,,921
57202,False,True,False,,933
57209,False,True,False,,935
57282,False,True,False,,955
57456,False,True,False,,979
57564,False,True,False,,986
57571,False,True,False,,987
57582,False,True,False,,988
57618,False,True,False,,991
57677,False,True,False,,995
57700,False,True,False,,997
57747,False,True,False,,1003
57771,False,True,False,,1004
57777,False,True,False,,1006
58106,False,True,False,,1014
58107,False,True,False,,1015
58156,False,True,False,,1020
58202,False,True,False,,1024
58210,False,True,False,,1026
58258,False,True,False,,1027
58337,False,True,False,,1033
58400,False,True,False,,1036
58433,False,True,False,,1037
58434,False,True,False,,1038
58460,False,True,False,,1040
58515,False,True,False,,1044
58528,False,True,False,,1047
58572,False,True,False,,1049
58588,False,True,False,,1050
58657,False,True,False,,1057
58659,False,True,False,,1058
58669,False,True,False,,1059
58753,False,True,False,,1071
58879,False,True,False,,1074
58886,False,True,False,,1076
58892,False,True,False,,1077
58893,False,True,False,,1078
58901,False,True,False,,1079
58903,False,True,False,,1080
58935,False,True,False,,1084
59019,False,True,False,,1087
59029,False,True,False,,1089
59047,False,True,False,,1093
59057,False,True,False,,1094
59320,False,True,False,,1098
59567,False,True,False,,1122
59600,False,True,False,,1126
59654,False,True,False,,1134
59665,False,True,False,,1136
59786,False,True,False,,1145
59792,False,True,False,,1146
59826,False,True,False,,1152
59892,False,True,False,,1157
60021,False,True,False,,1168
60028,False,True,False,,1169
60032,False,True,False,,1170
60047,False,True,False,,1173
60063,False,True,False,,1176
60124,False,True,False,,1180
60130,False,True,False,,1183
60164,False,True,False,,1192
60177,False,True,False,,1194
60197,False,True,False,,1199
60288,False,True,False,,1208
60294,False,True,False,,1209
60340,False,True,False,,1214
60391,False,True,False,,1219
60392,False,True,False,,1220
60401,False,True,False,,1221
60410,False,True,False,,1222
60420,False,True,False,,1226
60455,False,True,False,,1231
60462,False,True,False,,1234
60472,False,True,False,,1235
60479,False,True,False,,1236
60536,False,True,False,,1242
60634,False,True,False,,1255
60645,False,True,False,,1256
60674,False,True,False,,1258
60703,False,True,False,,1262
60766,False,True,False,,1274
60772,False,True,False,,1275
60797,False,True,False,,1276
60804,False,True,False,,1279
60833,False,True,False,,1282
60839,False,True,False,,1286
60918,False,True,False,,1290
60960,False,True,False,,1294
60961,False,True,False,,1295
61008,False,True,False,,1300
61063,False,True,False,,1304
61092,False,True,False,,1308
61096,False,True,False,,1309
61121,False,True,False,,1313
61137,False,True,False,,1315
61141,False,True,False,,1316
61263,False,True,False,,1327
61347,False,True,False,,1335
61380,False,True,False,,1339
61434,False,True,False,,1348
61435,False,True,False,,1349
61447,False,True,False,,1351
61570,False,True,False,,1368
61621,False,True,False,,1374
61628,False,True,False,,1378
61660,False,True,False,,1381
61680,False,True,False,,1382
61922,False,True,False,,1386
61932,False,True,False,,1387
61955,False,True,False,,1390
61969,False,True,False,,1391
62024,False,True,False,,1398
62083,False,True,False,,1401
62085,False,True,False,,1402
62102,False,True,False,,1404
62118,False,True,False,,1405
62151,False,True,False,,1408
62176,False,True,False,,1410
62179,False,True,False,,1411
62205,False,True,False,,1413
62265,False,True,False,,1416
62270,False,True,False,,1417
62271,False,True,False,,1418
62309,False,True,False,,1430
62314,False,True,False,,1432
62418,False,True,False,,1461
62419,False,True,False,,1462
62446,False,True,False,,1473
62454,False,True,False,,1477
62551,False,True,False,,1494
62556,False,True,False,,1495
62582,False,True,False,,1497
62583,False,True,False,,1498
62584,False,True,False,,1499
62593,False,True,False,,1500
62611,False,True,False,,1503
62633,False,True,False,,1506
62661,False,True,False,,1509
62667,False,True,False,,1510
62694,False,True,False,,1512
62723,False,True,False,,1513
62739,False,True,False,,1516
62740,False,True,False,,1517
62747,False,True,False,,1518
62763,False,True,False,,1520
62798,False,True,False,,1521
62800,False,True,False,,1522
62828,False,True,False,,1526
62870,False,True,False,,1528
62883,False,True,False,,1530
62888,False,True,False,,1531
62902,False,True,False,,1532
62922,False,True,False,,1534
63124,False,True,False,,1542
63126,False,True,False,,1543
63134,False,True,False,,1545
63172,False,True,False,,1559
63191,False,True,False,,1563
63216,False,True,False,,1573
63586,False,True,False,,1576
63587,False,True,False,,1577
63775,False,True,False,,1608
63807,False,True,False,,1612
63993,False,True,False,,1638
64022,False,True,False,,1647
64029,False,True,False,,1649
64032,False,True,False,,1651
64109,False,True,False,,1670
64117,False,True,False,,1672
64210,False,True,False,,1708
64254,False,True,False,,1721
64256,False,True,False,,1722
64276,False,True,False,,1729
64469,False,True,False,,1755
64490,False,True,False,,1757
64562,False,True,False,,1765
64567,False,True,False,,1766
64603,False,True,False,,1767
64617,False,True,False,,1769
64663,False,True,False,,1772
64675,False,True,False,,1773
64687,False,True,False,,1774
64689,False,True,False,,1776
64693,False,True,False,,1777
64705,False,True,False,,1778
64727,False,True,False,,1779
64782,False,True,False,,1787
64825,False,True,False,,1795
64834,False,True,False,,1797
64856,False,True,False,,1799
64984,False,True,False,,1810
65007,False,True,False,,1811
65040,False,True,False,,1819
65084,False,True,False,,1841
65091,False,True,False,,1845
65092,False,True,False,,1846
65102,False,True,False,,1850
65106,False,True,False,,1852
65116,False,True,False,,1854
65127,False,True,False,,1857
65166,False,True,False,,1865
65258,False,True,False,,1875
65271,False,True,False,,1879
65381,False,True,False,,1887
65389,False,True,False,,1888
65446,False,True,False,,1893
65528,False,True,False,,1899
65532,False,True,False,,1900
65535,False,True,False,,1901
65542,False,True,False,,1903
65543,False,True,False,,1904
65596,False,True,False,,1906
65600,False,True,False,,1908
65692,False,True,False,,1911
65759,False,True,False,,1913
65779,False,True,False,,1916
65958,False,True,False,,1926
65989,False,True,False,,1928
66031,False,True,False,,1929
66091,False,True,False,,1938
66227,False,True,False,,1945
66473,False,True,False,,1951
66526,False,True,False,,1952
66591,False,True,False,,1954
66617,False,True,False,,1955
66670,False,True,False,,1963
66700,False,True,False,,1965
66704,False,True,False,,1966
66782,False,True,False,,1973
66817,False,True,False,,1976
66915,False,True,False,,1985
66920,False,True,False,,1987
66928,False,True,False,,1989
66993,False,True,False,,1996
67012,False,True,False,,2000
67018,False,True,False,,2002
67074,False,True,False,,2012
67151,False,True,False,,2027
67152,False,True,False,,2028
67168,False,True,False,,2036
67247,False,True,False,,2060
67265,False,True,False,,2063
67268,False,True,False,,2064
67279,False,True,False,,2065
67351,False,True,False,,2067
67363,False,True,False,,2068
67389,False,True,False,,2070
67419,False,True,False,,2075
67445,False,True,False,,2079
67530,False,True,False,,2088
67551,False,True,False,,2090
67576,False,True,False,,2094
67661,False,True,False,,2100
67674,False,True,False,,2101
67683,False,True,False,,2104
67732,False,True,False,,2107
67757,False,True,False,,2111
67765,False,True,False,,2112
67838,False,True,False,,2117
67872,False,True,False,,2122
67887,False,True,False,,2123
67888,False,True,False,,2124
67927,False,True,False,,2127
67931,False,True,False,,2128
67943,False,True,False,,2130
68000,False,True,False,,2139
68002,False,True,False,,2140
68021,False,True,False,,2145
68051,False,True,False,,2149
68095,False,True,False,,2154
68118,False,True,False,,2156
68151,False,True,False,,2158
68202,False,True,False,,2166
68211,False,True,False,,2169
68289,False,True,False,,2179
68292,False,True,False,,2180
68293,False,True,False,,2181
68339,False,True,False,,2183
68380,False,True,False,,2189
68467,False,True,False,,2197
68469,False,True,False,,2199
68480,False,True,False,,2202
68566,False,True,False,,2211
68598,False,True,False,,2215
68621,False,True,False,,2218
68635,False,True,False,,2220
68688,False,True,False,,2228
68700,False,True,False,,2229
68733,False,True,False,,2231
68845,False,True,False,,2234
68936,False,True,False,,2240
68939,False,True,False,,2241
68974,False,True,False,,2244
69061,False,True,False,,2249
69081,False,True,False,,2251
69084,False,True,False,,2253
69093,False,True,False,,2255
69101,False,True,False,,2257
69185,False,True,False,,2261
69194,False,True,False,,2263
69358,False,True,False,,2271
69394,False,True,False,,2272
69593,False,True,False,,2281
69603,False,True,False,,2283
69699,False,True,False,,2307
69712,False,True,False,,2314
69714,False,True,False,,2315
69731,False,True,False,,2320
69762,False,True,False,,2329
69791,False,True,False,,2335
69806,False,True,False,,2336
69868,False,True,False,,2339
69938,False,True,False,,2349
70012,False,True,False,,2357
70016,False,True,False,,2358
70044,False,True,False,,2359
70065,False,True,False,,2361
70108,False,True,False,,2368
70164,False,True,False,,2374
70243,False,True,False,,2379
70335,False,True,False,,2393
70449,False,True,False,,2401
70458,False,True,False,,2403
70460,False,True,False,,2405
70474,False,True,False,,2408
70512,False,True,False,,2411
70546,False,True,False,,2412
70579,False,True,False,,2414
70598,False,True,False,,2415
70708,False,True,False,,2421
70751,False,True,False,,2423
70825,False,True,False,,2427
70863,False,True,False,,2431
71040,False,True,False,,2440
71057,False,True,False,,2443
71058,False,True,False,,2444
71112,False,True,False,,2446
71142,False,True,False,,2447
71156,False,True,False,,2449
71206,False,True,False,,2450
71327,False,True,False,,2459
71367,False,True,False,,2464
71415,False,True,False,,2469
71475,False,True,False,,2472
71476,False,True,False,,2473
71498,False,True,False,,2480
71583,False,True,False,,2491
71625,False,True,False,,2498
71654,False,True,False,,2501
71794,False,True,False,,2519
71908,False,True,False,,2527
72068,False,True,False,,2536
72076,False,True,False,,2537
72080,False,True,False,,2538
72310,False,True,False,,2550
72320,False,True,False,,2552
72379,False,True,False,,2556
72513,False,True,False,,2564
72613,False,True,False,,2571
72751,False,True,False,,2577
72763,False,True,False,,2578
72775,False,True,False,,2579
72898,False,True,False,,2603
72906,False,True,False,,2607
72927,False,True,False,,2617
72936,False,True,False,,2620
72944,False,True,False,,2624
72984,False,True,False,,2636
72991,False,True,False,,2639
73254,False,True,False,,2644
73256,False,True,False,,2645
73403,False,True,False,,2649
74267,False,True,False,,2655
74571,False,True,False,,2661
74676,False,True,False,,2669
