symbol,side,quantity,price,signed_quantity
6347,SELL,5062.548938036047,1,-5062.548938036047
36100,SELL,5274.345041327692,1,-5274.345041327692
39985,BUY,15042.69328466633,1,15042.69328466633
39988,BUY,43885.15888856693,1,43885.15888856693
40142,BUY,137.15703391793318,1,137.15703391793318
42241,SELL,7172.928107368438,1,-7172.928107368438
45293,BUY,4055.916675868394,1,4055.916675868394
46092,SELL,241.35100494080746,1,-241.35100494080746
46113,BUY,2777.7292288457115,1,2777.7292288457115
46120,SELL,1816.2856549034923,1,-1816.2856549034923
46150,SELL,4929.283780847452,1,-4929.283780847452
46157,BUY,1654.7063229215883,1,1654.7063229215883
46169,BUY,6294.049707339292,1,6294.049707339292
46171,SELL,5898.068668724271,1,-5898.068668724271
46182,SELL,25794.86421778521,1,-25794.86421778521
46238,SELL,3472.793311158723,1,-3472.793311158723
46243,SELL,5629.136584672689,1,-5629.136584672689
46244,BUY,5753.1876305294445,1,5753.1876305294445
46415,SELL,11699.616449591089,1,-11699.616449591089
46418,BUY,6718.538725209514,1,6718.538725209514
46422,BUY,1213.8431772228423,1,1213.8431772228423
46588,SELL,3397.4599145658226,1,-3397.4599145658226
46668,SELL,551.218197829803,1,-551.218197829803
46669,SELL,14625.895090813328,1,-14625.895090813328
46712,BUY,8619.684811765768,1,8619.684811765768
49155,BUY,10903.853778183222,1,10903.853778183222
49167,BUY,5502.064887530678,1,5502.064887530678
49187,BUY,7880.288436582344,1,7880.288436582344
49211,BUY,11580.700892800045,1,11580.700892800045
49234,BUY,12004.447353737998,1,12004.447353737998
49256,SELL,7490.094874743096,1,-7490.094874743096
49310,SELL,4990.203159562576,1,-4990.203159562576
49350,BUY,5182.833135894988,1,5182.833135894988
49353,SELL,9026.997640453154,1,-9026.997640453154
49359,SELL,7873.542410331266,1,-7873.542410331266
49381,BUY,1746.1481607271471,1,1746.1481607271471
49443,BUY,1243.5813315872433,1,1243.5813315872433
49459,BUY,3305.0946881793448,1,3305.0946881793448
49480,SELL,3124.722039283513,1,-3124.722039283513
49497,SELL,2230.719465555508,1,-2230.719465555508
49524,SELL,1761.6013746538738,1,-1761.6013746538738
49529,BUY,22729.227705271325,1,22729.227705271325
49537,BUY,943.990199828065,1,943.990199828065
49550,BUY,7802.679824790085,1,7802.679824790085
49560,BUY,16160.718276598125,1,16160.718276598125
49574,BUY,6056.130995732379,1,6056.130995732379
49584,BUY,1336.633214198853,1,1336.633214198853
49588,SELL,2896.334978714988,1,-2896.334978714988
49596,BUY,40638.10270123685,1,40638.10270123685
49670,BUY,2047.4191857321146,1,2047.4191857321146
49725,BUY,1244.0733128865604,1,1244.0733128865604
49733,BUY,5644.448045884654,1,5644.448045884654
49734,BUY,1808.6300234942262,1,1808.6300234942262
49754,BUY,2403.822951636833,1,2403.822951636833
49764,BUY,14897.004994106426,1,14897.004994106426
49787,BUY,5048.227448511533,1,5048.227448511533
49792,BUY,4202.559480266016,1,4202.559480266016
49847,SELL,11030.39885885083,1,-11030.39885885083
49856,SELL,3226.844777579047,1,-3226.844777579047
49860,SELL,2820.3236853575922,1,-2820.3236853575922
49895,BUY,5746.813091767853,1,5746.813091767853
49903,SELL,4703.843197191672,1,-4703.843197191672
49918,BUY,7399.240648519387,1,7399.240648519387
49934,SELL,5806.632571440761,1,-5806.632571440761
49941,BUY,8489.77088225516,1,8489.77088225516
49961,BUY,1589.1223968997542,1,1589.1223968997542
49964,SELL,4252.520868001697,1,-4252.520868001697
49972,SELL,5918.943759739045,1,-5918.943759739045
49991,BUY,4905.843777540627,1,4905.843777540627
50018,BUY,5384.772623794111,1,5384.772623794111
50049,BUY,7073.382958251526,1,7073.382958251526
50057,SELL,1394.355354876826,1,-1394.355354876826
50058,BUY,63100.0613211723,1,63100.0613211723
50080,SELL,5884.039490881912,1,-5884.039490881912
50104,BUY,4377.662201211294,1,4377.662201211294
50106,SELL,303.8383219355429,1,-303.8383219355429
50108,BUY,4415.216458522807,1,4415.216458522807
50111,SELL,308.55149509186697,1,-308.55149509186697
50159,BUY,1869.6651694072307,1,1869.6651694072307
50161,BUY,1128.189093595541,1,1128.189093595541
50201,SELL,25659.210889817172,1,-25659.210889817172
50219,SELL,51938.36109926723,1,-51938.36109926723
50225,SELL,888.922580965247,1,-888.922580965247
50252,SELL,70194.33568003857,1,-70194.33568003857
50301,BUY,1047.4156262557117,1,1047.4156262557117
50309,BUY,5690.029233634141,1,5690.029233634141
50311,BUY,6915.300343333893,1,6915.300343333893
50334,BUY,4064.395918812121,1,4064.395918812121
50338,SELL,7309.238607839549,1,-7309.238607839549
50346,SELL,3003.520865152434,1,-3003.520865152434
50356,SELL,1575.1893733475288,1,-1575.1893733475288
50364,SELL,1293.2606472962104,1,-1293.2606472962104
50381,BUY,5596.455765106524,1,5596.455765106524
50395,BUY,3438.3370446711483,1,3438.3370446711483
50417,SELL,10047.555809287185,1,-10047.555809287185
50421,SELL,6461.377657927747,1,-6461.377657927747
50425,SELL,16478.151676976722,1,-16478.151676976722
50434,SELL,2660.4185707351126,1,-2660.4185707351126
50511,BUY,8450.210973196012,1,8450.210973196012
50523,BUY,3059.192343129403,1,3059.192343129403
50569,BUY,9559.239105297576,1,9559.239105297576
50586,BUY,4651.405845354951,1,4651.405845354951
50617,SELL,2708.94613664899,1,-2708.94613664899
50638,SELL,2815.896024415017,1,-2815.896024415017
50659,SELL,6950.213473942296,1,-6950.213473942296
50679,BUY,24848.99158752097,1,24848.99158752097
50684,SELL,8596.491931154482,1,-8596.491931154482
50717,SELL,10493.74816132174,1,-10493.74816132174
50750,BUY,1839.0304127587979,1,1839.0304127587979
50771,BUY,7994.389580836353,1,7994.389580836353
50784,SELL,5170.202464686176,1,-5170.202464686176
50787,BUY,10239.999780233833,1,10239.999780233833
50791,BUY,5332.49931118125,1,5332.49931118125
50805,BUY,937.3099268134287,1,937.3099268134287
50864,BUY,8434.546221217353,1,8434.546221217353
50872,BUY,2179.075669839753,1,2179.075669839753
50893,SELL,7209.994072971212,1,-7209.994072971212
50947,BUY,1996.9006177039723,1,1996.9006177039723
50990,SELL,967.7177628688395,1,-967.7177628688395
51004,SELL,2269.800530459523,1,-2269.800530459523
51032,BUY,2884.0507235431846,1,2884.0507235431846
51066,SELL,63801.951369179485,1,-63801.951369179485
51077,BUY,1229.4307212221524,1,1229.4307212221524
51105,BUY,1836.7025257194123,1,1836.7025257194123
51134,BUY,4034.96932929094,1,4034.96932929094
51155,BUY,8495.287024764319,1,8495.287024764319
51173,SELL,23102.800780996025,1,-23102.800780996025
51185,BUY,1464.4729423105239,1,1464.4729423105239
51199,BUY,3746.3012290994043,1,3746.3012290994043
51205,BUY,2828.447827278971,1,2828.447827278971
51207,SELL,5124.177896086466,1,-5124.177896086466
51211,SELL,362.817767081839,1,-362.817767081839
51295,BUY,895.2864114335102,1,895.2864114335102
51296,BUY,5676.829822226025,1,5676.829822226025
51303,BUY,6415.03582205329,1,6415.03582205329
51342,BUY,1732.11458911918,1,1732.11458911918
51345,BUY,3134.117897300518,1,3134.117897300518
51379,SELL,470.61906991892636,1,-470.61906991892636
51388,SELL,1681.0167502405027,1,-1681.0167502405027
51392,SELL,14218.605798881617,1,-14218.605798881617
51400,SELL,4245.358765421707,1,-4245.358765421707
51425,SELL,5468.154018644759,1,-5468.154018644759
51429,BUY,5353.040788784987,1,5353.040788784987
51528,BUY,1449.884116462563,1,1449.884116462563
51572,BUY,9501.06381062862,1,9501.06381062862
51603,BUY,40.9392777739487,1,40.9392777739487
51609,SELL,33859.55507648558,1,-33859.55507648558
51612,SELL,15215.77563083953,1,-15215.77563083953
51627,BUY,2722.7158883614043,1,2722.7158883614043
51637,SELL,8059.50480042159,1,-8059.50480042159
51650,SELL,5689.621461214525,1,-5689.621461214525
51657,BUY,12499.057227395047,1,12499.057227395047
51672,BUY,2310.4484209476227,1,2310.4484209476227
51683,SELL,17509.14430670376,1,-17509.14430670376
51697,BUY,5187.659642416275,1,5187.659642416275
51700,BUY,1137.9347241339644,1,1137.9347241339644
51754,BUY,7141.496260456307,1,7141.496260456307
51778,BUY,1147.4333656441913,1,1147.4333656441913
51781,SELL,14344.372537405416,1,-14344.372537405416
51789,SELL,48.52364029965595,1,-48.52364029965595
51793,BUY,6278.958206522842,1,6278.958206522842
51823,BUY,8668.589647039045,1,8668.589647039045
51843,BUY,7593.727734150476,1,7593.727734150476
51846,SELL,4296.25620001052,1,-4296.25620001052
51889,SELL,7952.775763680224,1,-7952.775763680224
51906,BUY,3653.8257296716683,1,3653.8257296716683
51922,SELL,746.8789800753422,1,-746.8789800753422
51936,BUY,6333.575918013933,1,6333.575918013933
51939,SELL,2719.0226556789016,1,-2719.0226556789016
51959,SELL,4095.8496086061095,1,-4095.8496086061095
52036,SELL,310.4540044607991,1,-310.4540044607991
52050,BUY,4743.798143291657,1,4743.798143291657
52070,BUY,1903.7965267847972,1,1903.7965267847972
52105,BUY,12173.738545850989,1,12173.738545850989
52146,BUY,3567.090850596193,1,3567.090850596193
52164,SELL,7545.466105166427,1,-7545.466105166427
52167,BUY,6695.385483747696,1,6695.385483747696
52175,SELL,1033.0301223330227,1,-1033.0301223330227
52236,SELL,2297.220850546629,1,-2297.220850546629
52243,SELL,7516.730217642363,1,-7516.730217642363
52268,BUY,8434.245805719338,1,8434.245805719338
52286,BUY,3788.2762826383128,1,3788.2762826383128
52298,BUY,2605.9237991037458,1,2605.9237991037458
52318,BUY,5760.873107996882,1,5760.873107996882
52343,BUY,3423.7082152262346,1,3423.7082152262346
52363,BUY,4866.232204422132,1,4866.232204422132
52364,SELL,629.7497551762921,1,-629.7497551762921
52370,SELL,1161.7161969520946,1,-1161.7161969520946
52373,SELL,7603.851772677241,1,-7603.851772677241
52386,BUY,10058.074388222634,1,10058.074388222634
52399,BUY,374.6414080588467,1,374.6414080588467
52400,BUY,5207.866599687452,1,5207.866599687452
52411,BUY,3197.950795583025,1,3197.950795583025
52420,SELL,79202.21299392082,1,-79202.21299392082
52508,BUY,2361.306178898508,1,2361.306178898508
52516,BUY,38.71808350764073,1,38.71808350764073
52577,BUY,1488.007442384125,1,1488.007442384125
52586,BUY,4312.736912750392,1,4312.736912750392
52590,SELL,3854.725345916237,1,-3854.725345916237
52596,BUY,5697.579003739434,1,5697.579003739434
52603,BUY,4221.129530395522,1,4221.129530395522
52604,BUY,5097.32819946891,1,5097.32819946891
52605,SELL,4581.044179587594,1,-4581.044179587594
52608,BUY,4915.126321185787,1,4915.126321185787
52611,SELL,23176.377994298622,1,-23176.377994298622
52759,SELL,12332.154686968486,1,-12332.154686968486
52798,BUY,11145.794874632216,1,11145.794874632216
52825,SELL,2911.9555497536485,1,-2911.9555497536485
52838,SELL,5991.905054735539,1,-5991.905054735539
52840,SELL,5003.795474842288,1,-5003.795474842288
52841,SELL,1528.7927678264175,1,-1528.7927678264175
52853,BUY,3204.4112773003785,1,3204.4112773003785
52854,BUY,8722.755542332352,1,8722.755542332352
52862,BUY,2872.571283484668,1,2872.571283484668
52864,SELL,2238.754505793327,1,-2238.754505793327
52870,BUY,17759.339485805456,1,17759.339485805456
52871,SELL,17751.502864619193,1,-17751.502864619193
52895,BUY,3031.8557477387594,1,3031.8557477387594
52896,SELL,8953.038101840682,1,-8953.038101840682
52905,BUY,11067.640192901737,1,11067.640192901737
52920,BUY,6191.217913798236,1,6191.217913798236
52935,BUY,3697.8933094321333,1,3697.8933094321333
52936,SELL,7199.197653502363,1,-7199.197653502363
52940,BUY,16180.583939578932,1,16180.583939578932
52942,SELL,8951.012044043866,1,-8951.012044043866
52945,BUY,1328.6628261702658,1,1328.6628261702658
52987,SELL,5598.944492883002,1,-5598.944492883002
53026,BUY,7056.93544248805,1,7056.93544248805
53027,SELL,1880.3007054352663,1,-1880.3007054352663
53031,SELL,2922.7754378622612,1,-2922.7754378622612
53092,SELL,4920.220586374885,1,-4920.220586374885
53106,SELL,3105.5543268291494,1,-3105.5543268291494
53117,SELL,5294.22375012107,1,-5294.22375012107
53154,SELL,1557.9164636331368,1,-1557.9164636331368
53161,SELL,2078.0862105620517,1,-2078.0862105620517
53162,BUY,7368.595717774135,1,7368.595717774135
53172,SELL,13604.151966668796,1,-13604.151966668796
53177,BUY,24043.24514082121,1,24043.24514082121
53195,BUY,953.8764826575788,1,953.8764826575788
53406,SELL,2854.9606346776495,1,-2854.9606346776495
53434,BUY,2756.984038204655,1,2756.984038204655
53569,SELL,769.4436807923664,1,-769.4436807923664
53577,BUY,12239.984006994095,1,12239.984006994095
53582,BUY,9674.992072068539,1,9674.992072068539
53665,BUY,4949.078195617139,1,4949.078195617139
53686,BUY,17454.59064306734,1,17454.59064306734
53726,BUY,12744.280578676939,1,12744.280578676939
53744,BUY,6336.793473421994,1,6336.793473421994
53748,SELL,14832.897302068344,1,-14832.897302068344
53753,SELL,485.22168926986575,1,-485.22168926986575
53811,BUY,566.8059833696346,1,566.8059833696346
53849,BUY,879.9442938652059,1,879.9442938652059
53876,BUY,13384.017930627175,1,13384.017930627175
53910,SELL,4481.831950090575,1,-4481.831950090575
53954,SELL,14010.732914597995,1,-14010.732914597995
54005,SELL,5996.704821336034,1,-5996.704821336034
54007,BUY,5088.502992507648,1,5088.502992507648
54008,BUY,3900.6632322635337,1,3900.6632322635337
54017,SELL,2316.0503808263466,1,-2316.0503808263466
54068,SELL,2471.7914692148474,1,-2471.7914692148474
54159,SELL,6643.122127220068,1,-6643.122127220068
54171,SELL,10653.186574198813,1,-10653.186574198813
54172,BUY,6371.282018606378,1,6371.282018606378
54173,BUY,5701.763800256198,1,5701.763800256198
54176,SELL,10026.38728966098,1,-10026.38728966098
54178,BUY,798.7958400942371,1,798.7958400942371
54181,SELL,3018.9132501485014,1,-3018.9132501485014
54183,SELL,18114.44358325186,1,-18114.44358325186
54192,BUY,5694.6692896794275,1,5694.6692896794275
54195,SELL,4067.2630721206233,1,-4067.2630721206233
54202,BUY,93.90622539963519,1,93.90622539963519
54221,SELL,1886.6992465762771,1,-1886.6992465762771
54223,SELL,1267.1468853623153,1,-1267.1468853623153
54228,BUY,4903.9867853090955,1,4903.9867853090955
54231,SELL,9361.727265421769,1,-9361.727265421769
54233,BUY,12355.90619976365,1,12355.90619976365
54235,BUY,2919.5313349323505,1,2919.5313349323505
54245,BUY,7000.07321747957,1,7000.07321747957
54253,SELL,640.3838453054643,1,-640.3838453054643
54254,BUY,4808.607880152498,1,4808.607880152498
54323,BUY,7129.759698454969,1,7129.759698454969
54332,BUY,10624.72252428835,1,10624.72252428835
54338,SELL,6095.754792989641,1,-6095.754792989641
54344,SELL,2803.376787286753,1,-2803.376787286753
54353,BUY,5885.465710451256,1,5885.465710451256
54355,SELL,15779.393842000813,1,-15779.393842000813
54362,BUY,7696.1089390957495,1,7696.1089390957495
54370,SELL,3606.370929946619,1,-3606.370929946619
54380,SELL,3956.1606913263317,1,-3956.1606913263317
54395,SELL,6510.409254716551,1,-6510.409254716551
54399,SELL,2598.8353723501205,1,-2598.8353723501205
54401,BUY,5192.680680924469,1,5192.680680924469
54404,SELL,17341.591938225552,1,-17341.591938225552
54405,SELL,4425.447673771354,1,-4425.447673771354
54413,BUY,9470.994170101254,1,9470.994170101254
54420,BUY,8754.905412581455,1,8754.905412581455
54519,SELL,7355.266471738393,1,-7355.266471738393
54531,BUY,2656.1681732934744,1,2656.1681732934744
54532,BUY,2859.47410215904,1,2859.47410215904
54558,SELL,852.1849476270072,1,-852.1849476270072
54562,SELL,4479.629349867222,1,-4479.629349867222
54576,BUY,8323.469185969876,1,8323.469185969876
54614,BUY,4081.303073506325,1,4081.303073506325
54648,BUY,3568.985378290424,1,3568.985378290424
54655,SELL,9497.124875008052,1,-9497.124875008052
54660,SELL,2203.8730242964252,1,-2203.8730242964252
54676,BUY,7385.910299140466,1,7385.910299140466
54710,BUY,4593.55988207788,1,4593.55988207788
54789,SELL,4767.7244344583305,1,-4767.7244344583305
54829,SELL,12608.496522841082,1,-12608.496522841082
54830,BUY,2830.0659229652647,1,2830.0659229652647
54849,BUY,1007.7062298977941,1,1007.7062298977941
54851,SELL,6864.111923505203,1,-6864.111923505203
54997,SELL,13670.68788065665,1,-13670.68788065665
55116,BUY,24.601390565503504,1,24.601390565503504
55192,BUY,7515.124431915452,1,7515.124431915452
55196,BUY,14027.593132618324,1,14027.593132618324
55206,BUY,1637.3518808423748,1,1637.3518808423748
55278,SELL,4396.511643417769,1,-4396.511643417769
55322,SELL,1128.9436904583342,1,-1128.9436904583342
55369,SELL,2864.399190100556,1,-2864.399190100556
55433,BUY,838.3303891306501,1,838.3303891306501
55438,BUY,4858.482376651492,1,4858.482376651492
55444,SELL,8025.175463564335,1,-8025.175463564335
55510,BUY,6731.433389765691,1,6731.433389765691
55517,SELL,10716.108724867825,1,-10716.108724867825
55538,BUY,7256.269001531772,1,7256.269001531772
55539,BUY,8531.726657728486,1,8531.726657728486
55548,BUY,4910.5705342109795,1,4910.5705342109795
55665,BUY,3290.232962530105,1,3290.232962530105
55672,BUY,3320.5762440607796,1,3320.5762440607796
55690,SELL,4983.536273914009,1,-4983.536273914009
55696,SELL,3820.288072200466,1,-3820.288072200466
55698,SELL,8811.020989724413,1,-8811.020989724413
55721,BUY,2952.739602955634,1,2952.739602955634
55722,SELL,37.37080996326873,1,-37.37080996326873
55723,SELL,8763.366911433199,1,-8763.366911433199
55726,BUY,7901.2072632398385,1,7901.2072632398385
55727,BUY,4194.848095521224,1,4194.848095521224
55728,SELL,4893.971249058201,1,-4893.971249058201
55729,BUY,7031.109780647723,1,7031.109780647723
55732,SELL,6485.684310239916,1,-6485.684310239916
55736,BUY,4609.444108902759,1,4609.444108902759
55738,SELL,1406.1094526374106,1,-1406.1094526374106
55743,BUY,227.0853323370808,1,227.0853323370808
55744,SELL,4730.323779173533,1,-4730.323779173533
55746,BUY,659.8440839591428,1,659.8440839591428
55749,BUY,7418.7357525324915,1,7418.7357525324915
55751,SELL,24410.98062148195,1,-24410.98062148195
55765,SELL,2499.34358611263,1,-2499.34358611263
55771,BUY,1559.277996970642,1,1559.277996970642
55789,BUY,108386.83146084275,1,108386.83146084275
55819,BUY,7197.0715102000495,1,7197.0715102000495
55855,SELL,3211.010199255409,1,-3211.010199255409
55892,SELL,1114.8526869023888,1,-1114.8526869023888
55925,BUY,837.0909844681007,1,837.0909844681007
55952,SELL,6276.006011637449,1,-6276.006011637449
55969,BUY,389.3350717211538,1,389.3350717211538
55973,BUY,3213.0499062490762,1,3213.0499062490762
56122,SELL,10829.269535765457,1,-10829.269535765457
56131,SELL,3477.7084979012207,1,-3477.7084979012207
56141,BUY,7100.574888029061,1,7100.574888029061
56213,SELL,8886.155508797321,1,-8886.155508797321
56460,SELL,3394.0565700097623,1,-3394.0565700097623
56465,SELL,2666.4995731645167,1,-2666.4995731645167
56571,SELL,2561.1256465327842,1,-2561.1256465327842
56574,SELL,9363.181167757757,1,-9363.181167757757
56577,BUY,577.6167135951579,1,577.6167135951579
56580,SELL,4408.749679583583,1,-4408.749679583583
56581,SELL,3421.149670717427,1,-3421.149670717427
56592,BUY,5674.584941943163,1,5674.584941943163
56603,SELL,3150.4160256451323,1,-3150.4160256451323
56625,SELL,11681.539248181653,1,-11681.539248181653
56626,SELL,307.8484721381432,1,-307.8484721381432
56638,BUY,5268.025440865539,1,5268.025440865539
56643,SELL,2055.309490621256,1,-2055.309490621256
56647,BUY,3336.441790990587,1,3336.441790990587
56660,SELL,4448.466560042028,1,-4448.466560042028
56662,BUY,2832.088372327724,1,2832.088372327724
56679,SELL,13383.81619798174,1,-13383.81619798174
56709,SELL,6441.650742497245,1,-6441.650742497245
56737,BUY,7287.0052647222565,1,7287.0052647222565
56747,BUY,7174.745058292115,1,7174.745058292115
56754,BUY,8498.947458992074,1,8498.947458992074
56766,SELL,188516.98501787434,1,-188516.98501787434
56768,SELL,1935.1178609715344,1,-1935.1178609715344
56803,SELL,3037.806743628618,1,-3037.806743628618
56806,SELL,470.1077405786566,1,-470.1077405786566
56816,BUY,6184.032851249516,1,6184.032851249516
56842,SELL,8693.791294972325,1,-8693.791294972325
56945,SELL,462.60434168172094,1,-462.60434168172094
56976,BUY,74.60086364070388,1,74.60086364070388
56992,SELL,12091.155167864992,1,-12091.155167864992
57047,BUY,1328.6496178323703,1,1328.6496178323703
57050,BUY,2674.1618252940375,1,2674.1618252940375
57051,SELL,492.82642536608876,1,-492.82642536608876
57061,SELL,43994.1214104797,1,-43994.1214104797
57064,SELL,4093.455044699313,1,-4093.455044699313
57075,BUY,6025.742861599815,1,6025.742861599815
57084,BUY,9349.650412488854,1,9349.650412488854
57085,BUY,1441.4305095944626,1,1441.4305095944626
57093,BUY,1486.2054738313898,1,1486.2054738313898
57094,BUY,8926.450174152958,1,8926.450174152958
57102,BUY,5981.7368249016745,1,5981.7368249016745
57109,BUY,4399.131837556981,1,4399.131837556981
57112,BUY,487.84021999737047,1,487.84021999737047
57124,SELL,8022.248481654278,1,-8022.248481654278
57133,BUY,4188.403322834383,1,4188.403322834383
57140,BUY,33080.06681838701,1,33080.06681838701
57142,BUY,4784.661967858451,1,4784.661967858451
57143,BUY,7834.982373363034,1,7834.982373363034
57151,BUY,3970.1583217766533,1,3970.1583217766533
57152,BUY,5437.509526346252,1,5437.509526346252
57192,BUY,1837.2964550950658,1,1837.2964550950658
57199,SELL,4160.611192149459,1,-4160.611192149459
57204,BUY,1142.2840615148805,1,1142.2840615148805
57211,SELL,2105.479764924748,1,-2105.479764924748
57220,SELL,3362.678737789572,1,-3362.678737789572
57231,BUY,1166.5435566787908,1,1166.5435566787908
57251,BUY,7422.748336704827,1,7422.748336704827
57255,SELL,33202.1170110258,1,-33202.1170110258
57261,SELL,1193.553293814901,1,-1193.553293814901
57263,BUY,2772.9322119197573,1,2772.9322119197573
57267,SELL,2392.7237803999938,1,-2392.7237803999938
57269,BUY,7507.930422647467,1,7507.930422647467
57271,SELL,5328.11045238569,1,-5328.11045238569
57272,SELL,1109.072983116509,1,-1109.072983116509
57281,SELL,527.6101762086876,1,-527.6101762086876
57283,BUY,3073.9295484394893,1,3073.9295484394893
57284,SELL,18567.19421518808,1,-18567.19421518808
57285,SELL,4465.965565058612,1,-4465.965565058612
57291,SELL,4485.313046392793,1,-4485.313046392793
57302,SELL,2118.9029561680295,1,-2118.9029561680295
57317,SELL,7539.224337202914,1,-7539.224337202914
57324,SELL,6350.101456643024,1,-6350.101456643024
57399,SELL,5572.02590524769,1,-5572.02590524769
57400,SELL,2226.8771456360478,1,-2226.8771456360478
57410,SELL,9636.797121690026,1,-9636.797121690026
57421,SELL,347.7449370155499,1,-347.7449370155499
57422,BUY,7484.187988406925,1,7484.187988406925
57465,SELL,27101.756547008714,1,-27101.756547008714
57468,SELL,7814.537766676428,1,-7814.537766676428
57475,BUY,3292.1780302479365,1,3292.1780302479365
57599,BUY,10207.864976627407,1,10207.864976627407
57615,SELL,10510.956025196929,1,-10510.956025196929
57653,BUY,1231.2043427530155,1,1231.2043427530155
57699,SELL,35515.31077994187,1,-35515.31077994187
57723,BUY,1116.6182795006112,1,1116.6182795006112
57734,BUY,7911.080254401715,1,7911.080254401715
57774,SELL,125.52814290580534,1,-125.52814290580534
57827,BUY,13401.757755471494,1,13401.757755471494
57832,SELL,4201.270521056399,1,-4201.270521056399
58133,BUY,13745.051611007168,1,13745.051611007168
58145,SELL,2740.0462703224275,1,-2740.0462703224275
58209,SELL,182215.65106209624,1,-182215.65106209624
58272,SELL,9639.581128949736,1,-9639.581128949736
58314,SELL,4929.8249069164385,1,-4929.8249069164385
58334,SELL,6035.804450835705,1,-6035.804450835705
58450,BUY,19182.735174544352,1,19182.735174544352
58466,SELL,6955.26779932732,1,-6955.26779932732
58512,BUY,3021.9231672451338,1,3021.9231672451338
58524,SELL,3783.170248975039,1,-3783.170248975039
58527,SELL,16190.575419933717,1,-16190.575419933717
58595,BUY,5432.795586061234,1,5432.795586061234
58596,BUY,5903.820173349546,1,5903.820173349546
58675,BUY,9327.296148656149,1,9327.296148656149
58748,BUY,24921.721682092197,1,24921.721682092197
58862,BUY,6405.405878585403,1,6405.405878585403
58885,BUY,4550.390805926692,1,4550.390805926692
58923,BUY,3540.2354151312416,1,3540.2354151312416
58976,SELL,7435.5376048962835,1,-7435.5376048962835
59026,BUY,8811.886562864076,1,8811.886562864076
59030,BUY,51728.79555000888,1,51728.79555000888
59041,SELL,367.6093536516244,1,-367.6093536516244
59060,SELL,6015.498803376625,1,-6015.498803376625
59063,BUY,664.8290175071935,1,664.8290175071935
59088,BUY,2433.8626895508714,1,2433.8626895508714
59398,BUY,2379.4140893390827,1,2379.4140893390827
59426,SELL,7832.217047212849,1,-7832.217047212849
59433,BUY,57.17721391108492,1,57.17721391108492
59436,SELL,3617.167994073694,1,-3617.167994073694
59441,SELL,170.4724210099447,1,-170.4724210099447
59442,BUY,179.25582306094344,1,179.25582306094344
59444,SELL,51181.80196310442,1,-51181.80196310442
59445,SELL,5477.498779414367,1,-5477.498779414367
59446,SELL,17702.563989594997,1,-17702.563989594997
59463,SELL,4956.584121846638,1,-4956.584121846638
59470,SELL,283.3444129537208,1,-283.3444129537208
59490,BUY,15194.618178469,1,15194.618178469
59510,BUY,9535.637403318366,1,9535.637403318366
59530,BUY,2329.6572724095095,1,2329.6572724095095
59559,SELL,55829.55471226796,1,-55829.55471226796
59565,BUY,51755.53317115478,1,51755.53317115478
59568,BUY,8914.6180006952,1,8914.6180006952
59581,SELL,3149.569946159713,1,-3149.569946159713
59586,SELL,1920.851748522587,1,-1920.851748522587
59612,BUY,3185.033625684678,1,3185.033625684678
59616,BUY,13526.11037972477,1,13526.11037972477
59621,BUY,9244.122055278864,1,9244.122055278864
59642,BUY,3665.598353338225,1,3665.598353338225
59676,BUY,7923.580678491403,1,7923.580678491403
59693,BUY,1690.357434079901,1,1690.357434079901
59734,SELL,2539.9903845734134,1,-2539.9903845734134
59748,SELL,4801.518403877962,1,-4801.518403877962
59759,BUY,1835.2140410213667,1,1835.2140410213667
59804,SELL,16098.333336785057,1,-16098.333336785057
59812,SELL,3722.4238731721834,1,-3722.4238731721834
59819,BUY,398.72861063217084,1,398.72861063217084
59820,SELL,561.702585791572,1,-561.702585791572
59880,SELL,37499.0023186653,1,-37499.0023186653
59888,SELL,2224.5744098319474,1,-2224.5744098319474
59896,SELL,14258.313579690583,1,-14258.313579690583
59919,SELL,584.0125995566093,1,-584.0125995566093
59973,SELL,1724.3086448579222,1,-1724.3086448579222
59998,BUY,6464.574409294051,1,6464.574409294051
60007,BUY,2490.867571152203,1,2490.867571152203
60043,BUY,2148.6319828247138,1,2148.6319828247138
60046,BUY,1514.2780949880155,1,1514.2780949880155
60057,BUY,5805.56320373684,1,5805.56320373684
60079,BUY,10005.852767918639,1,10005.852767918639
60107,SELL,3909.348091136375,1,-3909.348091136375
60129,SELL,3060.060099971306,1,-3060.060099971306
60138,SELL,607.4635856191795,1,-607.4635856191795
60148,BUY,16268.939975951962,1,16268.939975951962
60151,SELL,2882.7181201520675,1,-2882.7181201520675
60163,SELL,10770.870855519017,1,-10770.870855519017
60185,BUY,778.2299628912123,1,778.2299628912123
60186,SELL,7683.2224632828675,1,-7683.2224632828675
60190,BUY,9501.408777192917,1,9501.408777192917
60219,SELL,1272.0275138485654,1,-1272.0275138485654
60227,SELL,6572.583446196312,1,-6572.583446196312
60234,BUY,4902.914754218498,1,4902.914754218498
60275,SELL,2606.281151892248,1,-2606.281151892248
60279,BUY,121083.04810555109,1,121083.04810555109
60301,BUY,16.5500893283811,1,16.5500893283811
60328,BUY,10588.197473573553,1,10588.197473573553
60335,BUY,1946.6491060521632,1,1946.6491060521632
60364,SELL,2946.3604660749193,1,-2946.3604660749193
60412,BUY,8244.8381444016,1,8244.8381444016
60413,SELL,57272.11162827248,1,-57272.11162827248
60415,SELL,2148.6941019066703,1,-2148.6941019066703
60426,SELL,6653.917223025754,1,-6653.917223025754
60434,BUY,4162.114178852111,1,4162.114178852111
60489,BUY,880.0729909702568,1,880.0729909702568
60520,SELL,18546.609727659248,1,-18546.609727659248
60528,SELL,3542.703714014268,1,-3542.703714014268
60529,SELL,189.70105859170948,1,-189.70105859170948
60530,BUY,1392.8798187706266,1,1392.8798187706266
60542,BUY,8345.422780737204,1,8345.422780737204
60571,SELL,7268.464428478366,1,-7268.464428478366
60600,BUY,13128.971648070135,1,13128.971648070135
60602,SELL,5678.107782619213,1,-5678.107782619213
60623,BUY,19621.915839071145,1,19621.915839071145
60628,BUY,1361.6345990222958,1,1361.6345990222958
60677,BUY,294.7745212290872,1,294.7745212290872
60702,BUY,7239.839927135175,1,7239.839927135175
60710,SELL,14285.038917840093,1,-14285.038917840093
60718,SELL,8517.653094264719,1,-8517.653094264719
60723,BUY,460.7896816126459,1,460.7896816126459
60724,SELL,8145.271424053452,1,-8145.271424053452
60727,SELL,6002.813363106075,1,-6002.813363106075
60728,SELL,6175.708942340163,1,-6175.708942340163
60731,BUY,376.92195940160946,1,376.92195940160946
60734,SELL,7270.8085965280925,1,-7270.8085965280925
60755,SELL,1453.7417616721757,1,-1453.7417616721757
60801,BUY,829.8391201503828,1,829.8391201503828
60810,BUY,722.1007232396446,1,722.1007232396446
60819,SELL,3251.365637134123,1,-3251.365637134123
60835,BUY,754.7884687282443,1,754.7884687282443
60836,BUY,8802.197882682993,1,8802.197882682993
60876,BUY,617.8897254446529,1,617.8897254446529
60906,BUY,13117.025382481519,1,13117.025382481519
60940,SELL,2913.1776821224425,1,-2913.1776821224425
60943,SELL,737.5029859104899,1,-737.5029859104899
60972,BUY,6020.470044333495,1,6020.470044333495
60979,BUY,3428.268153861147,1,3428.268153861147
60997,BUY,1023.0223525205256,1,1023.0223525205256
61039,BUY,7282.219064630959,1,7282.219064630959
61049,BUY,1974.325009374465,1,1974.325009374465
61052,SELL,686.4523273651592,1,-686.4523273651592
61066,BUY,7991.4626153957615,1,7991.4626153957615
61068,BUY,10752.440245695114,1,10752.440245695114
61080,SELL,3325.521371698656,1,-3325.521371698656
61103,BUY,5771.086504298479,1,5771.086504298479
61120,SELL,815.4836506000863,1,-815.4836506000863
61162,BUY,1955.561371352968,1,1955.561371352968
61197,SELL,2799.2472444213345,1,-2799.2472444213345
61199,SELL,5434.7374615803055,1,-5434.7374615803055
61214,SELL,804.3185614582987,1,-804.3185614582987
61229,SELL,3008.269104646429,1,-3008.269104646429
61264,SELL,6242.134824572847,1,-6242.134824572847
61268,SELL,6090.750747528949,1,-6090.750747528949
61343,BUY,7451.096061413456,1,7451.096061413456
61349,BUY,752.4156191371164,1,752.4156191371164
61387,BUY,6670.079738363775,1,6670.079738363775
61410,BUY,4944.1276489032625,1,4944.1276489032625
61416,SELL,6412.961381775115,1,-6412.961381775115
61437,SELL,7682.971972495477,1,-7682.971972495477
61457,BUY,393.16182359260887,1,393.16182359260887
61464,BUY,1235.8604148790407,1,1235.8604148790407
61475,SELL,16807.16383534477,1,-16807.16383534477
61489,SELL,149.09762058079457,1,-149.09762058079457
61498,BUY,2554.991268577136,1,2554.991268577136
61515,SELL,1439.200516359411,1,-1439.200516359411
61516,BUY,4515.604850003798,1,4515.604850003798
61527,SELL,5878.118883335203,1,-5878.118883335203
61535,SELL,11852.259090023266,1,-11852.259090023266
61551,SELL,2378.9481030522625,1,-2378.9481030522625
61559,SELL,1993.71579371653,1,-1993.71579371653
61571,BUY,6513.197005701426,1,6513.197005701426
61593,BUY,7023.948833650026,1,7023.948833650026
61597,BUY,7956.527123349173,1,7956.527123349173
61606,BUY,2226.2480770957054,1,2226.2480770957054
61624,SELL,2832.062728008305,1,-2832.062728008305
61627,SELL,1934.5398186016585,1,-1934.5398186016585
61629,SELL,9039.097775089343,1,-9039.097775089343
61873,BUY,2916.5114774192116,1,2916.5114774192116
61886,BUY,9757.82893283749,1,9757.82893283749
61954,BUY,8664.368690775269,1,8664.368690775269
61979,SELL,18939.276601496396,1,-18939.276601496396
61980,SELL,6019.371963415891,1,-6019.371963415891
61993,SELL,38451.77019150288,1,-38451.77019150288
62098,BUY,2653.8529787509815,1,2653.8529787509815
62131,SELL,5272.944655658301,1,-5272.944655658301
62190,BUY,1222.613932924295,1,1222.613932924295
62274,SELL,4761.8942013243795,1,-4761.8942013243795
62281,BUY,18425.490720535523,1,18425.490720535523
62285,BUY,3123.4571461232326,1,3123.4571461232326
62293,SELL,1134.1109556520626,1,-1134.1109556520626
62296,BUY,4529.060759158279,1,4529.060759158279
62300,BUY,6093.194111332702,1,6093.194111332702
62303,BUY,10.877902348003918,1,10.877902348003918
62305,BUY,2758.1583730018638,1,2758.1583730018638
62308,SELL,6434.678006746745,1,-6434.678006746745
62321,SELL,32996.72335456801,1,-32996.72335456801
62340,SELL,251.53774308206167,1,-251.53774308206167
62344,BUY,4376.55916759131,1,4376.55916759131
62366,BUY,5228.8731761045765,1,5228.8731761045765
62369,BUY,2646.1887704138103,1,2646.1887704138103
62372,BUY,665.3763783844297,1,665.3763783844297
62376,SELL,363.9112554342961,1,-363.9112554342961
62379,BUY,4003.9041591529526,1,4003.9041591529526
62385,BUY,896.2861830558273,1,896.2861830558273
62393,SELL,17489.62393826688,1,-17489.62393826688
62394,SELL,3288.3160949170774,1,-3288.3160949170774
62408,SELL,11823.283794305913,1,-11823.283794305913
62411,SELL,645.3903096484935,1,-645.3903096484935
62416,BUY,2558.64336923157,1,2558.64336923157
62417,SELL,6531.127019284967,1,-6531.127019284967
62432,BUY,5490.525343812484,1,5490.525343812484
62433,BUY,5925.648287649765,1,5925.648287649765
62436,SELL,2191.677770225573,1,-2191.677770225573
62439,BUY,1439.91272241977,1,1439.91272241977
62441,BUY,6176.573958298046,1,6176.573958298046
62443,BUY,640.2724586598189,1,640.2724586598189
62445,SELL,1834.4917014642392,1,-1834.4917014642392
62448,SELL,6711.864602035324,1,-6711.864602035324
62452,BUY,9893.145186265803,1,9893.145186265803
62465,BUY,4079.834199715016,1,4079.834199715016
62472,BUY,3300.0264116420335,1,3300.0264116420335
62473,SELL,1533.7094955191894,1,-1533.7094955191894
62506,BUY,8077.729824109663,1,8077.729824109663
62548,SELL,4306.018277258207,1,-4306.018277258207
62563,BUY,1700.124344364856,1,1700.124344364856
62603,BUY,9491.979832061728,1,9491.979832061728
62634,BUY,6777.00847264847,1,6777.00847264847
62731,SELL,11.64614597022379,1,-11.64614597022379
62734,SELL,997.1505104678022,1,-997.1505104678022
62814,BUY,2608.129381779121,1,2608.129381779121
62914,BUY,9621.512261928448,1,9621.512261928448
62930,BUY,4476.8766769161575,1,4476.8766769161575
62968,BUY,1794.5833665757884,1,1794.5833665757884
63068,BUY,760.7863280246806,1,760.7863280246806
63119,BUY,4323.09775394651,1,4323.09775394651
63136,BUY,2748.540101991483,1,2748.540101991483
63141,BUY,8968.898415820222,1,8968.898415820222
63142,BUY,2927.4022392379534,1,2927.4022392379534
63143,BUY,157.8911900888038,1,157.8911900888038
63144,SELL,14176.018883969347,1,-14176.018883969347
63145,BUY,14799.164056731051,1,14799.164056731051
63147,SELL,4168.130503246399,1,-4168.130503246399
63155,BUY,8998.848514613232,1,8998.848514613232
63164,BUY,2191.8942065789465,1,2191.8942065789465
63180,BUY,6894.997873969793,1,6894.997873969793
63181,BUY,17183.95774713198,1,17183.95774713198
63194,SELL,3028.813624587443,1,-3028.813624587443
63196,BUY,17931.39655553413,1,17931.39655553413
63200,BUY,1533.7671028422787,1,1533.7671028422787
63203,SELL,1335.9875747728092,1,-1335.9875747728092
63204,BUY,2013.75964051579,1,2013.75964051579
63207,SELL,984.2242836237265,1,-984.2242836237265
63613,BUY,20906.04295883461,1,20906.04295883461
63619,BUY,5061.413528299358,1,5061.413528299358
63649,SELL,42720.29980325937,1,-42720.29980325937
63650,BUY,1349.4857863913078,1,1349.4857863913078
63655,BUY,1825.6362595461767,1,1825.6362595461767
63661,SELL,2862.0712897322433,1,-2862.0712897322433
63663,BUY,4809.360310874955,1,4809.360310874955
63675,BUY,5239.099062157853,1,5239.099062157853
63678,BUY,8797.355785337322,1,8797.355785337322
63685,SELL,18.342982106837404,1,-18.342982106837404
63688,SELL,4419.8210920368865,1,-4419.8210920368865
63696,BUY,1432.2699755078904,1,1432.2699755078904
63707,BUY,30921.280186420878,1,30921.280186420878
63722,SELL,2182.265753515995,1,-2182.265753515995
63732,BUY,4620.351999321767,1,4620.351999321767
63743,SELL,68216.1960148578,1,-68216.1960148578
63779,SELL,357.285610090536,1,-357.285610090536
63800,BUY,3574.1396550757013,1,3574.1396550757013
63802,SELL,14767.957812903936,1,-14767.957812903936
63826,BUY,4784.99856985239,1,4784.99856985239
63915,BUY,52366.82947607052,1,52366.82947607052
63919,SELL,7243.037124105133,1,-7243.037124105133
63931,BUY,4256.381010793282,1,4256.381010793282
63956,BUY,860.227187373827,1,860.227187373827
63961,BUY,2275.075745244961,1,2275.075745244961
63962,BUY,1276.6924170310397,1,1276.6924170310397
63963,BUY,2859.1668251918495,1,2859.1668251918495
63964,SELL,1233.156513034186,1,-1233.156513034186
63965,BUY,23482.484477268987,1,23482.484477268987
63968,BUY,15314.51320020076,1,15314.51320020076
63971,SELL,4511.445784246272,1,-4511.445784246272
63982,BUY,3750.9713898228597,1,3750.9713898228597
63988,SELL,698.2229279852978,1,-698.2229279852978
63990,BUY,2377.103025138255,1,2377.103025138255
63991,BUY,957.3595045268385,1,957.3595045268385
63995,SELL,2782.9098380919722,1,-2782.9098380919722
64003,SELL,1076.61277025176,1,-1076.61277025176
64010,SELL,6433.295820882456,1,-6433.295820882456
64012,BUY,397.032622884264,1,397.032622884264
64024,BUY,3556.2753350949615,1,3556.2753350949615
64048,SELL,77825.7148174013,1,-77825.7148174013
64058,SELL,7560.338704752066,1,-7560.338704752066
64065,BUY,3921.239066336696,1,3921.239066336696
64074,SELL,6478.6251626790145,1,-6478.6251626790145
64084,SELL,7788.140923580103,1,-7788.140923580103
64099,SELL,6769.594345507208,1,-6769.594345507208
64100,BUY,4116.214744629785,1,4116.214744629785
64105,SELL,12942.683746142902,1,-12942.683746142902
64106,SELL,3977.8947911811656,1,-3977.8947911811656
64111,BUY,60220.5913784377,1,60220.5913784377
64118,BUY,7106.273925334037,1,7106.273925334037
64119,BUY,4828.167772338981,1,4828.167772338981
64122,SELL,14953.309487249246,1,-14953.309487249246
64127,SELL,7476.368683933772,1,-7476.368683933772
64128,SELL,1437.065872707239,1,-1437.065872707239
64130,BUY,6547.722113922902,1,6547.722113922902
64132,SELL,715.2180854958872,1,-715.2180854958872
64133,SELL,508.3365091864585,1,-508.3365091864585
64135,SELL,1071.507718612265,1,-1071.507718612265
64150,BUY,3369.7215225762616,1,3369.7215225762616
64158,SELL,2711.94946439614,1,-2711.94946439614
64162,SELL,1061.4622767241929,1,-1061.4622767241929
64166,BUY,16015.651651416536,1,16015.651651416536
64169,SELL,1599.3720739746605,1,-1599.3720739746605
64173,SELL,2976.36912313943,1,-2976.36912313943
64176,SELL,7118.69157302112,1,-7118.69157302112
64185,SELL,590.2452419671557,1,-590.2452419671557
64195,SELL,4874.465087869838,1,-4874.465087869838
64197,SELL,23527.57551749369,1,-23527.57551749369
64200,BUY,3555.8842020121706,1,3555.8842020121706
64203,BUY,8191.133524520346,1,8191.133524520346
64205,SELL,4298.791108551806,1,-4298.791108551806
64206,SELL,1836.303488180158,1,-1836.303488180158
64208,SELL,7615.131161301304,1,-7615.131161301304
64214,BUY,7630.54543944515,1,7630.54543944515
64222,BUY,6078.249958340813,1,6078.249958340813
64223,BUY,1106.5117344092755,1,1106.5117344092755
64237,BUY,2537.141906531879,1,2537.141906531879
64239,BUY,547.774920695574,1,547.774920695574
64242,SELL,22868.725888999357,1,-22868.725888999357
64253,BUY,3159.2838241939735,1,3159.2838241939735
64262,BUY,1700.6498426269713,1,1700.6498426269713
64265,SELL,1677.087561301316,1,-1677.087561301316
64269,BUY,6877.923124877706,1,6877.923124877706
64271,BUY,12880.87367060743,1,12880.87367060743
64280,BUY,24592.122622417046,1,24592.122622417046
64286,BUY,2867.246310594961,1,2867.246310594961
64305,SELL,102487.650318326,1,-102487.650318326
64306,SELL,611.1061304152155,1,-611.1061304152155
64308,BUY,3624.2232826814443,1,3624.2232826814443
64309,SELL,2959.4919815492526,1,-2959.4919815492526
64322,BUY,6550.185200841832,1,6550.185200841832
64327,BUY,3201.8715484440745,1,3201.8715484440745
64397,SELL,6915.912816276381,1,-6915.912816276381
64421,SELL,3055.4214686000537,1,-3055.4214686000537
64453,BUY,3665.2327423067904,1,3665.2327423067904
64462,SELL,76887.17909149201,1,-76887.17909149201
64488,SELL,6583.155157526409,1,-6583.155157526409
64542,BUY,3868.7625078509636,1,3868.7625078509636
64546,BUY,8917.31181594616,1,8917.31181594616
64561,SELL,24615.864480485798,1,-24615.864480485798
64615,SELL,380.0416118821243,1,-380.0416118821243
64644,BUY,6270.162478280566,1,6270.162478280566
64660,BUY,4653.577918330062,1,4653.577918330062
64738,BUY,16202.139246457798,1,16202.139246457798
64758,BUY,9887.246756394727,1,9887.246756394727
64766,BUY,9600.897981476575,1,9600.897981476575
64779,BUY,4556.247553338254,1,4556.247553338254
64810,BUY,26821.505340406475,1,26821.505340406475
64814,SELL,38211.941724415796,1,-38211.941724415796
64823,BUY,7733.117557226122,1,7733.117557226122
64826,BUY,8531.473775429587,1,8531.473775429587
64839,SELL,4062.0099675934225,1,-4062.0099675934225
64877,BUY,14019.943444267808,1,14019.943444267808
64894,BUY,883.5894725257505,1,883.5894725257505
64895,BUY,2320.692306288874,1,2320.692306288874
64907,BUY,522.8252423717008,1,522.8252423717008
64962,SELL,13558.38684008566,1,-13558.38684008566
64972,BUY,3171.959772950425,1,3171.959772950425
65012,BUY,4185.315542458293,1,4185.315542458293
65033,BUY,3554.725740988457,1,3554.725740988457
65037,BUY,959.1017841661425,1,959.1017841661425
65038,SELL,25257.429535494455,1,-25257.429535494455
65039,BUY,13351.264809925346,1,13351.264809925346
65042,BUY,4310.23133473048,1,4310.23133473048
65043,BUY,156.85159877405516,1,156.85159877405516
65044,BUY,5508.25899052704,1,5508.25899052704
65046,SELL,2193.4338554763594,1,-2193.4338554763594
65048,SELL,756.6916468621322,1,-756.6916468621322
65049,SELL,2917.5640851357616,1,-2917.5640851357616
65050,BUY,4133.803614144262,1,4133.803614144262
65051,BUY,8722.810772964136,1,8722.810772964136
65053,BUY,8717.031443915841,1,8717.031443915841
65056,SELL,8884.814418420237,1,-8884.814418420237
65057,BUY,9494.3297573547,1,9494.3297573547
65062,SELL,7271.406938048332,1,-7271.406938048332
65067,BUY,6486.081765213347,1,6486.081765213347
65068,SELL,2745.3282190835016,1,-2745.3282190835016
65071,BUY,2119.635494677994,1,2119.635494677994
65073,BUY,3630.522146260937,1,3630.522146260937
65079,SELL,10932.144423209864,1,-10932.144423209864
65087,SELL,25150.572438888215,1,-25150.572438888215
65088,BUY,2354.9640960884904,1,2354.9640960884904
65089,SELL,7311.744258579079,1,-7311.744258579079
65093,SELL,1037.61001772473,1,-1037.61001772473
65095,BUY,10202.623339967053,1,10202.623339967053
65100,SELL,18264.80878076671,1,-18264.80878076671
65103,BUY,4439.68583001662,1,4439.68583001662
65123,SELL,5488.202333911454,1,-5488.202333911454
65128,SELL,2517.6728530247383,1,-2517.6728530247383
65129,BUY,2177.800294912392,1,2177.800294912392
65130,BUY,1482.2714155417768,1,1482.2714155417768
65141,SELL,2423.4349816975155,1,-2423.4349816975155
65152,SELL,2459.2136150602178,1,-2459.2136150602178
65170,SELL,6162.211518179893,1,-6162.211518179893
65171,BUY,4304.154079966687,1,4304.154079966687
65197,BUY,10519.59515422024,1,10519.59515422024
65270,BUY,9825.02967036291,1,9825.02967036291
65300,BUY,3884.3535580467924,1,3884.3535580467924
65305,BUY,4057.2205957918854,1,4057.2205957918854
65333,SELL,1206.80871856998,1,-1206.80871856998
65359,SELL,2114.520719883837,1,-2114.520719883837
65418,BUY,14574.178697229907,1,14574.178697229907
65597,SELL,3060.0359252538124,1,-3060.0359252538124
65613,SELL,6414.538220031458,1,-6414.538220031458
65726,BUY,9764.855002944281,1,9764.855002944281
65765,BUY,3767.3941645977616,1,3767.3941645977616
65802,BUY,7063.7777878574525,1,7063.7777878574525
65849,BUY,11311.790084955119,1,11311.790084955119
65896,BUY,997.3687467767891,1,997.3687467767891
65923,SELL,8587.590705924333,1,-8587.590705924333
65943,BUY,353.0159124819339,1,353.0159124819339
66050,BUY,12538.114790548714,1,12538.114790548714
66063,BUY,243.91406149290017,1,243.91406149290017
66080,SELL,1632.7848145430992,1,-1632.7848145430992
66086,SELL,3469.2454726601636,1,-3469.2454726601636
66088,SELL,903.5725466886412,1,-903.5725466886412
66151,BUY,5463.146757395962,1,5463.146757395962
66158,BUY,5422.523091837564,1,5422.523091837564
66265,SELL,4302.182087907876,1,-4302.182087907876
66281,SELL,4436.395096114444,1,-4436.395096114444
66353,SELL,3095.1963282871116,1,-3095.1963282871116
66443,SELL,4906.265975409558,1,-4906.265975409558
66550,SELL,5970.500997235673,1,-5970.500997235673
66623,SELL,633.0097685133283,1,-633.0097685133283
66658,BUY,4955.163478737756,1,4955.163478737756
66664,SELL,67.71964183662561,1,-67.71964183662561
66667,BUY,7253.450274914972,1,7253.450274914972
66678,SELL,4540.609272211607,1,-4540.609272211607
66714,BUY,5679.389769939859,1,5679.389769939859
66726,BUY,120.04105318319257,1,120.04105318319257
66761,SELL,9406.792198524594,1,-9406.792198524594
66771,BUY,1482.5333412130105,1,1482.5333412130105
66806,BUY,3530.020601806561,1,3530.020601806561
66821,SELL,10153.913027652292,1,-10153.913027652292
66837,BUY,2969.887382267933,1,2969.887382267933
66846,SELL,1401.5636059735446,1,-1401.5636059735446
66980,SELL,15708.835376214036,1,-15708.835376214036
66982,SELL,558.3250940973928,1,-558.3250940973928
66988,BUY,7813.2228101334185,1,7813.2228101334185
67009,SELL,3608.7332729814425,1,-3608.7332729814425
67024,SELL,15899.630498576966,1,-15899.630498576966
67055,BUY,1667.3888477300873,1,1667.3888477300873
67060,BUY,3514.613688320092,1,3514.613688320092
67070,SELL,44802.806744250316,1,-44802.806744250316
67091,BUY,3636.566161897872,1,3636.566161897872
67102,SELL,4038.3568758807996,1,-4038.3568758807996
67118,BUY,1877.724826653888,1,1877.724826653888
67129,SELL,6629.72937367116,1,-6629.72937367116
67131,BUY,12300.334986746171,1,12300.334986746171
67140,SELL,1723.5431855929228,1,-1723.5431855929228
67141,SELL,5128.247781056383,1,-5128.247781056383
67144,SELL,1401.1893244389057,1,-1401.1893244389057
67147,SELL,4767.664613924174,1,-4767.664613924174
67153,BUY,2137.3455403211947,1,2137.3455403211947
67155,BUY,3808.9717030478096,1,3808.9717030478096
67157,SELL,703.6088253744147,1,-703.6088253744147
67164,BUY,4875.461153620503,1,4875.461153620503
67166,SELL,982.3501608190512,1,-982.3501608190512
67171,BUY,340.6329804062581,1,340.6329804062581
67176,SELL,13697.394760176423,1,-13697.394760176423
67186,BUY,1272.2579829259132,1,1272.2579829259132
67191,BUY,63265.1522103473,1,63265.1522103473
67193,BUY,6274.737779240119,1,6274.737779240119
67194,BUY,1845.1290520133186,1,1845.1290520133186
67195,BUY,2053.61018579805,1,2053.61018579805
67206,SELL,6161.272561097702,1,-6161.272561097702
67215,SELL,2290.788746080473,1,-2290.788746080473
67223,BUY,7170.633879671381,1,7170.633879671381
67228,SELL,3803.4429778561475,1,-3803.4429778561475
67235,SELL,16072.70764313045,1,-16072.70764313045
67241,BUY,2388.9629666057153,1,2388.9629666057153
67254,BUY,1013.8628552646292,1,1013.8628552646292
67306,BUY,13686.09570246317,1,13686.09570246317
67370,SELL,1080.9181387071785,1,-1080.9181387071785
67396,BUY,11825.882305914487,1,11825.882305914487
67415,BUY,2936.745968564838,1,2936.745968564838
67443,BUY,3457.784915805151,1,3457.784915805151
67470,BUY,1103.212816574764,1,1103.212816574764
67477,BUY,6703.514530073289,1,6703.514530073289
67489,BUY,3644.985183386733,1,3644.985183386733
67501,BUY,11615.898377107687,1,11615.898377107687
67527,SELL,7567.4654700322,1,-7567.4654700322
67534,SELL,14301.436452123462,1,-14301.436452123462
67563,SELL,7770.636921363738,1,-7770.636921363738
67574,BUY,10925.825964621472,1,10925.825964621472
67624,SELL,4169.511504701033,1,-4169.511504701033
67640,SELL,4902.745309777691,1,-4902.745309777691
67681,SELL,2195.5185432585918,1,-2195.5185432585918
67744,BUY,4478.509335203781,1,4478.509335203781
67756,SELL,3996.8804456299663,1,-3996.8804456299663
67773,BUY,6810.559441064771,1,6810.559441064771
67815,BUY,5637.616305179516,1,5637.616305179516
67855,BUY,7866.955067255199,1,7866.955067255199
67890,BUY,10953.710080830424,1,10953.710080830424
67975,BUY,2798.647395191018,1,2798.647395191018
67980,SELL,1060.6550007455612,1,-1060.6550007455612
67981,SELL,3728.5966574486265,1,-3728.5966574486265
67986,SELL,1063.6047728741164,1,-1063.6047728741164
68009,BUY,5784.028674988659,1,5784.028674988659
68011,BUY,2769.6821192268962,1,2769.6821192268962
68019,SELL,850.9493281294343,1,-850.9493281294343
68027,SELL,2754.166337454295,1,-2754.166337454295
68049,BUY,983.4515405195789,1,983.4515405195789
68055,SELL,3756.03922762919,1,-3756.03922762919
68056,SELL,3349.6934891212263,1,-3349.6934891212263
68067,SELL,5171.450021448164,1,-5171.450021448164
68148,SELL,7611.5717249335,1,-7611.5717249335
68204,SELL,4141.452156751222,1,-4141.452156751222
68208,BUY,1933.271406533833,1,1933.271406533833
68212,SELL,20504.97243333101,1,-20504.97243333101
68214,BUY,3173.6609002987093,1,3173.6609002987093
68220,SELL,2479.028843098559,1,-2479.028843098559
68229,BUY,8679.08508734649,1,8679.08508734649
68230,SELL,18615.757940921656,1,-18615.757940921656
68246,SELL,13412.728589866936,1,-13412.728589866936
68262,SELL,36780.27926959923,1,-36780.27926959923
68404,SELL,4267.793507420313,1,-4267.793507420313
68447,SELL,279.7423863053994,1,-279.7423863053994
68461,SELL,1470.8377062243164,1,-1470.8377062243164
68473,SELL,7623.205866015299,1,-7623.205866015299
68475,SELL,836.1105042478101,1,-836.1105042478101
68509,SELL,4716.911360389566,1,-4716.911360389566
68513,SELL,7486.704259656496,1,-7486.704259656496
68519,SELL,2549.1457096753566,1,-2549.1457096753566
68522,SELL,1066.6194264260173,1,-1066.6194264260173
68526,SELL,4344.877429963124,1,-4344.877429963124
68567,BUY,2592.6717242892296,1,2592.6717242892296
68578,SELL,9599.257304629826,1,-9599.257304629826
68606,SELL,1201.9547678686154,1,-1201.9547678686154
68629,SELL,433.27931475040407,1,-433.27931475040407
68644,BUY,5092.327506662868,1,5092.327506662868
68650,BUY,11399.6021760753,1,11399.6021760753
68669,SELL,2216.6446096249583,1,-2216.6446096249583
68768,BUY,14563.81786111121,1,14563.81786111121
68826,BUY,4271.269266633971,1,4271.269266633971
68904,BUY,3968.4196877438458,1,3968.4196877438458
68958,SELL,2369.53878754056,1,-2369.53878754056
68990,BUY,671.6585873826915,1,671.6585873826915
69030,BUY,1817.552466679112,1,1817.552466679112
69073,SELL,9019.035257788657,1,-9019.035257788657
69189,BUY,2912.5362330849384,1,2912.5362330849384
69204,SELL,6514.520432607404,1,-6514.520432607404
69333,SELL,18838.197671826067,1,-18838.197671826067
69444,BUY,49248.48251421558,1,49248.48251421558
69527,SELL,6452.430710202705,1,-6452.430710202705
69543,SELL,646.8173770068286,1,-646.8173770068286
69564,BUY,13539.56372332303,1,13539.56372332303
69570,SELL,13853.424960284941,1,-13853.424960284941
69583,SELL,5812.770915865933,1,-5812.770915865933
69598,SELL,1604.5866180649025,1,-1604.5866180649025
69660,SELL,4045.425736847331,1,-4045.425736847331
69661,BUY,4052.038299223236,1,4052.038299223236
69663,BUY,459.1062247236329,1,459.1062247236329
69664,BUY,7222.320771524516,1,7222.320771524516
69665,SELL,4.514437750247811,1,-4.514437750247811
69670,BUY,13619.216999520942,1,13619.216999520942
69671,SELL,4979.319656389009,1,-4979.319656389009
69672,BUY,5125.763691774688,1,5125.763691774688
69676,SELL,1712.6325633262336,1,-1712.6325633262336
69680,BUY,4625.041375566243,1,4625.041375566243
69686,SELL,6925.373647898064,1,-6925.373647898064
69689,SELL,853.5303274258762,1,-853.5303274258762
69690,SELL,6352.4185489113215,1,-6352.4185489113215
69692,SELL,3006.1036536068455,1,-3006.1036536068455
69695,BUY,2834.4851277667944,1,2834.4851277667944
69698,BUY,2986.500046977658,1,2986.500046977658
69708,BUY,4792.36112850701,1,4792.36112850701
69710,SELL,11742.951379384891,1,-11742.951379384891
69711,SELL,4351.437687179158,1,-4351.437687179158
69718,BUY,9594.444578151682,1,9594.444578151682
69724,BUY,9510.04535809028,1,9510.04535809028
69732,BUY,2658.532493551734,1,2658.532493551734
69735,SELL,11860.704743971974,1,-11860.704743971974
69738,SELL,2362.7773824224455,1,-2362.7773824224455
69740,SELL,3629.496591206327,1,-3629.496591206327
69744,BUY,11022.46763205144,1,11022.46763205144
69750,BUY,4675.786946067475,1,4675.786946067475
69755,BUY,6063.408647626925,1,6063.408647626925
69763,SELL,2584.1597273588836,1,-2584.1597273588836
69769,BUY,8327.490113359976,1,8327.490113359976
69772,SELL,9449.324560141418,1,-9449.324560141418
69859,BUY,4340.144949230442,1,4340.144949230442
69869,BUY,6392.143367422712,1,6392.143367422712
69882,BUY,1350.3777120929376,1,1350.3777120929376
69887,BUY,608.7634248585134,1,608.7634248585134
69897,SELL,1703.5603947769334,1,-1703.5603947769334
69901,BUY,2173.7397508929403,1,2173.7397508929403
69904,BUY,12093.09124940311,1,12093.09124940311
69907,BUY,5449.405972104711,1,5449.405972104711
69957,SELL,3588.5622688964113,1,-3588.5622688964113
69980,SELL,60938.74542524438,1,-60938.74542524438
69990,BUY,7413.942353667932,1,7413.942353667932
69999,SELL,10869.998727069773,1,-10869.998727069773
70064,BUY,387.7650371381933,1,387.7650371381933
70074,BUY,7276.997263434396,1,7276.997263434396
70087,SELL,3761.7193038578584,1,-3761.7193038578584
70120,BUY,5091.745283280898,1,5091.745283280898
70122,SELL,2224.4232189119766,1,-2224.4232189119766
70159,SELL,4708.344361849026,1,-4708.344361849026
70252,SELL,329.6311305146621,1,-329.6311305146621
70269,BUY,2600.9623019330215,1,2600.9623019330215
70270,SELL,2305.066371614936,1,-2305.066371614936
70273,SELL,2401.1354702743047,1,-2401.1354702743047
70285,SELL,19246.264255173173,1,-19246.264255173173
70294,SELL,4097.383518540828,1,-4097.383518540828
70304,SELL,1439.095044666534,1,-1439.095044666534
70307,BUY,2449.573697365912,1,2449.573697365912
70312,SELL,2728.5888375727736,1,-2728.5888375727736
70317,SELL,1395.5545530857312,1,-1395.5545530857312
70338,SELL,1106.2935486666547,1,-1106.2935486666547
70356,SELL,4782.062130768631,1,-4782.062130768631
70369,BUY,209.37647348325456,1,209.37647348325456
70451,SELL,5283.456548956056,1,-5283.456548956056
70459,BUY,13064.526965921046,1,13064.526965921046
70469,SELL,11029.027423080866,1,-11029.027423080866
70485,BUY,31245.66027069266,1,31245.66027069266
70569,SELL,4215.6909503063225,1,-4215.6909503063225
70617,BUY,1946.4174693085477,1,1946.4174693085477
70699,SELL,292.884036150319,1,-292.884036150319
70848,BUY,4104.1788230398515,1,4104.1788230398515
70925,SELL,1059.9516606658342,1,-1059.9516606658342
70960,BUY,10257.145693463151,1,10257.145693463151
71049,BUY,7894.1904783483005,1,7894.1904783483005
71055,BUY,7093.206210516674,1,7093.206210516674
71287,BUY,20966.469101189814,1,20966.469101189814
71288,BUY,513.911494807348,1,513.911494807348
71290,SELL,12766.24950270875,1,-12766.24950270875
71301,BUY,1040.8210093666742,1,1040.8210093666742
71316,BUY,10176.856456092577,1,10176.856456092577
71322,SELL,8967.544614136412,1,-8967.544614136412
71332,SELL,3806.274181915495,1,-3806.274181915495
71386,BUY,27062.54010516452,1,27062.54010516452
71388,BUY,6889.514992967585,1,6889.514992967585
71412,SELL,1482.827842459188,1,-1482.827842459188
71454,SELL,9493.615916833656,1,-9493.615916833656
71461,SELL,12321.604204163808,1,-12321.604204163808
71484,BUY,1985.5110884251947,1,1985.5110884251947
71490,BUY,5542.802068532463,1,5542.802068532463
71492,BUY,2936.982377360354,1,2936.982377360354
71508,BUY,19253.139790898313,1,19253.139790898313
71532,BUY,9744.730038695316,1,9744.730038695316
71540,BUY,501.11909677377565,1,501.11909677377565
71590,BUY,6939.644703824856,1,6939.644703824856
71596,BUY,5857.0097328048505,1,5857.0097328048505
71617,BUY,13837.421201802998,1,13837.421201802998
71618,SELL,974.5774482338563,1,-974.5774482338563
71623,BUY,1345.5637970250357,1,1345.5637970250357
71659,SELL,9495.89058506899,1,-9495.89058506899
71672,SELL,13979.18529551585,1,-13979.18529551585
71685,BUY,14057.870283748782,1,14057.870283748782
71693,SELL,3710.70279559277,1,-3710.70279559277
71700,BUY,1224.9786343103904,1,1224.9786343103904
71734,BUY,1596.1899245236732,1,1596.1899245236732
71735,BUY,8809.678622306636,1,8809.678622306636
71775,SELL,6526.7250647720875,1,-6526.7250647720875
71789,BUY,827.8974123678067,1,827.8974123678067
71822,SELL,1506.5852566868439,1,-1506.5852566868439
71833,SELL,3848.0720587192695,1,-3848.0720587192695
71836,SELL,2240.817928765864,1,-2240.817928765864
71932,BUY,4118.914916472696,1,4118.914916472696
71939,SELL,2130.590822321487,1,-2130.590822321487
71981,SELL,2932.8414948878985,1,-2932.8414948878985
71986,BUY,1151.780872511803,1,1151.780872511803
72001,SELL,1430.8021757649972,1,-1430.8021757649972
72004,SELL,2449.276060667881,1,-2449.276060667881
72168,BUY,2217.1140806250573,1,2217.1140806250573
72195,BUY,2452.857299557256,1,2452.857299557256
72234,BUY,6474.755374792241,1,6474.755374792241
72316,BUY,3959.728687364645,1,3959.728687364645
72380,SELL,3309.7039461704267,1,-3309.7039461704267
72412,SELL,11961.208366405432,1,-11961.208366405432
72457,BUY,17056.182405049443,1,17056.182405049443
72548,BUY,5293.723420217379,1,5293.723420217379
72558,BUY,2451.73533823163,1,2451.73533823163
72573,SELL,4887.28895562361,1,-4887.28895562361
72600,BUY,7152.722365778716,1,7152.722365778716
72629,BUY,2721.19597243748,1,2721.19597243748
72671,SELL,5533.626559104826,1,-5533.626559104826
72846,BUY,3232.1563929109375,1,3232.1563929109375
72872,BUY,2267.6687517595865,1,2267.6687517595865
72874,BUY,888.4197487738537,1,888.4197487738537
72877,SELL,239.09396117213967,1,-239.09396117213967
72878,SELL,6319.872518502515,1,-6319.872518502515
72881,BUY,1646.5274546460148,1,1646.5274546460148
72882,BUY,2739.53874694133,1,2739.53874694133
72883,SELL,20289.13719153355,1,-20289.13719153355
72884,BUY,2490.295302993206,1,2490.295302993206
72885,SELL,4564.20767898064,1,-4564.20767898064
72886,SELL,522.9767559660679,1,-522.9767559660679
72888,BUY,2334.4056847294623,1,2334.4056847294623
72890,SELL,46723.33248283707,1,-46723.33248283707
72891,SELL,1837.983829927827,1,-1837.983829927827
72893,BUY,6405.427906833621,1,6405.427906833621
72900,BUY,3844.7979773716625,1,3844.7979773716625
72902,SELL,2112.671429831191,1,-2112.671429831191
72903,SELL,5177.428868772922,1,-5177.428868772922
72908,BUY,8159.453540988547,1,8159.453540988547
72910,BUY,5181.658558105365,1,5181.658558105365
72915,BUY,9703.30105869312,1,9703.30105869312
72918,BUY,2389.879186596139,1,2389.879186596139
72919,BUY,6371.637058594488,1,6371.637058594488
72920,SELL,25334.92926230502,1,-25334.92926230502
72922,SELL,3100.796416736344,1,-3100.796416736344
72928,SELL,7117.4423563597775,1,-7117.4423563597775
72937,SELL,1922.7627387374075,1,-1922.7627387374075
72940,SELL,38792.272258965604,1,-38792.272258965604
72943,SELL,1166.4999039861827,1,-1166.4999039861827
72951,BUY,12728.01027899274,1,12728.01027899274
72952,SELL,5485.812476571868,1,-5485.812476571868
72973,SELL,5204.884225771978,1,-5204.884225771978
72976,BUY,2561.4701110778324,1,2561.4701110778324
72977,BUY,266.18288056498653,1,266.18288056498653
72979,SELL,1843.792685942657,1,-1843.792685942657
72981,BUY,5291.527183945572,1,5291.527183945572
72983,SELL,11489.036557842977,1,-11489.036557842977
72988,BUY,11293.173085049633,1,11293.173085049633
72990,SELL,13477.001560232326,1,-13477.001560232326
73061,BUY,6633.018616186808,1,6633.018616186808
73113,SELL,10994.970570347601,1,-10994.970570347601
73264,BUY,3015.1663925934668,1,3015.1663925934668
74139,BUY,256.13649880414175,1,256.13649880414175
74209,BUY,850.6881270289999,1,850.6881270289999
74213,SELL,617.525165159598,1,-617.525165159598
74240,SELL,3232.8869787965978,1,-3232.8869787965978
74302,SELL,130.2463551138298,1,-130.2463551138298
74442,SELL,7974.203377421946,1,-7974.203377421946
74538,SELL,33495.453501240074,1,-33495.453501240074
74604,BUY,44938.24760097502,1,44938.24760097502
74660,BUY,2568.419811806481,1,2568.419811806481
136431,SELL,275.50140003835884,1,-275.50140003835884
136643,SELL,3766.237971063273,1,-3766.237971063273
136743,BUY,12412.263920568588,1,12412.263920568588
136748,BUY,5107.972834803828,1,5107.972834803828
137115,SELL,4866.4415794820625,1,-4866.4415794820625
137341,SELL,4405.617287359091,1,-4405.617287359091
137411,SELL,4278.642153606205,1,-4278.642153606205
137887,BUY,12403.060112144905,1,12403.060112144905
138373,SELL,12212.425162895794,1,-12212.425162895794
138494,SELL,518.1836619647293,1,-518.1836619647293
139032,BUY,8421.661725542197,1,8421.661725542197
139836,BUY,6701.690341832535,1,6701.690341832535
139857,BUY,9658.297990334877,1,9658.297990334877
140095,BUY,2517.683373010676,1,2517.683373010676
140169,BUY,974.3336119672127,1,974.3336119672127
140201,BUY,26002.226444176693,1,26002.226444176693
140224,BUY,2646.673841198707,1,2646.673841198707
147424,SELL,4632.823265460737,1,-4632.823265460737
147427,BUY,230.46852197697876,1,230.46852197697876
147429,BUY,553.8279359298921,1,553.8279359298921
147746,BUY,527.4609991481524,1,527.4609991481524
147750,BUY,419.75864490909777,1,419.75864490909777
147786,BUY,5777.646403395977,1,5777.646403395977
147787,SELL,33703.548913319755,1,-33703.548913319755
148533,SELL,1604.8134300969978,1,-1604.8134300969978
148710,SELL,1196.8816378451593,1,-1196.8816378451593
149055,SELL,11310.209967676306,1,-11310.209967676306
149659,SELL,1847.8729705497813,1,-1847.8729705497813
149690,SELL,850.4064911306049,1,-850.4064911306049
149752,SELL,732.9934887111322,1,-732.9934887111322
149782,BUY,10498.906129612018,1,10498.906129612018
150187,SELL,2966.871270631574,1,-2966.871270631574
150254,SELL,1774.443618228017,1,-1774.443618228017
151431,SELL,788.4818655624655,1,-788.4818655624655
151798,SELL,357.19185484104986,1,-357.19185484104986
151923,SELL,6090.387856100109,1,-6090.387856100109
152751,BUY,7204.087382734469,1,7204.087382734469
153004,SELL,7457.27047448621,1,-7457.27047448621
153451,BUY,7020.891593193927,1,7020.891593193927
153452,BUY,596.8152747186471,1,596.8152747186471
153495,BUY,964.2158170529651,1,964.2158170529651
169130,SELL,6467.233162154962,1,-6467.233162154962
169204,SELL,3883.052102157361,1,-3883.052102157361
170478,SELL,1597.1577167145545,1,-1597.1577167145545
170967,BUY,1264.473980078005,1,1264.473980078005
174045,BUY,3292.3572499982047,1,3292.3572499982047
182723,SELL,14669.700254571664,1,-14669.700254571664
196789,SELL,1442.8862570974304,1,-1442.8862570974304
209869,SELL,25413.350277930997,1,-25413.350277930997
213845,BUY,7323.334714041239,1,7323.334714041239
213945,BUY,495.3939330108803,1,495.3939330108803
214872,BUY,8201.35343043326,1,8201.35343043326
215062,SELL,5933.102729575067,1,-5933.102729575067
215556,BUY,119.97131107676077,1,119.97131107676077
216044,SELL,20753.211040494145,1,-20753.211040494145
216197,SELL,45972.45735553487,1,-45972.45735553487
216209,BUY,7196.968055967339,1,7196.968055967339
216562,BUY,7950.896287546928,1,7950.896287546928
217232,BUY,7743.005105740185,1,7743.005105740185
217737,BUY,4683.7221810049505,1,4683.7221810049505
217855,BUY,552.704444477632,1,552.704444477632
218471,SELL,4192.319716777613,1,-4192.319716777613
228976,SELL,4948.3721071035525,1,-4948.3721071035525
228982,SELL,2730.61179081385,1,-2730.61179081385
229000,SELL,80286.84304368333,1,-80286.84304368333
229001,SELL,11432.976950767415,1,-11432.976950767415
229496,SELL,4032.8029154411884,1,-4032.8029154411884
230039,BUY,6776.27983542861,1,6776.27983542861
230040,BUY,15951.96818734642,1,15951.96818734642
230074,SELL,2559.955745118956,1,-2559.955745118956
230093,SELL,745.2999670136153,1,-745.2999670136153
230189,SELL,10223.793176420617,1,-10223.793176420617
230233,BUY,4104.9787258644865,1,4104.9787258644865
230289,SELL,1808.4543088452222,1,-1808.4543088452222
230574,BUY,1737.7869137303328,1,1737.7869137303328
230821,BUY,11776.259948737074,1,11776.259948737074
230971,BUY,16230.467359563965,1,16230.467359563965
231025,BUY,11178.564330887419,1,11178.564330887419
231323,BUY,4230.030290397632,1,4230.030290397632
231337,BUY,9866.034018353004,1,9866.034018353004
232337,SELL,2484.4152461973263,1,-2484.4152461973263
234475,SELL,1330.2184223208583,1,-1330.2184223208583
234659,BUY,229.88904568283874,1,229.88904568283874
234679,SELL,6683.601512976902,1,-6683.601512976902
234767,BUY,3756.1825829969807,1,3756.1825829969807
235005,BUY,3693.574803443841,1,3693.574803443841
235089,SELL,1603.9535464170515,1,-1603.9535464170515
241195,BUY,5209.167966214944,1,5209.167966214944
241473,SELL,14643.909698377513,1,-14643.909698377513
241600,BUY,574.0495152423696,1,574.0495152423696
242608,BUY,7323.239235071436,1,7323.239235071436
242627,BUY,5924.367515479852,1,5924.367515479852
242655,SELL,8308.237379181643,1,-8308.237379181643
242870,BUY,14660.728668113325,1,14660.728668113325
243193,BUY,1262.6271084332557,1,1262.6271084332557
243265,BUY,706.1582199587356,1,706.1582199587356
243505,SELL,3243.962301470753,1,-3243.962301470753
243526,BUY,4857.35184731381,1,4857.35184731381
243544,BUY,2934.6565235987086,1,2934.6565235987086
244033,SELL,1419.7110557901874,1,-1419.7110557901874
244403,SELL,7786.753841945195,1,-7786.753841945195
244407,BUY,4279.059659544049,1,4279.059659544049
247036,SELL,3141.69905005908,1,-3141.69905005908
248046,SELL,2103.1598173023217,1,-2103.1598173023217
248049,BUY,5742.406079629597,1,5742.406079629597
248823,BUY,20316.06841565272,1,20316.06841565272
249020,BUY,3989.0903818399197,1,3989.0903818399197
249420,SELL,7085.7554257716565,1,-7085.7554257716565
249641,SELL,1199.6955112581118,1,-1199.6955112581118
249919,BUY,69597.32626393183,1,69597.32626393183
250122,BUY,2901.528233293239,1,2901.528233293239
250329,BUY,6380.617522890001,1,6380.617522890001
250625,SELL,7824.7160495249445,1,-7824.7160495249445
250664,SELL,5247.82304267301,1,-5247.82304267301
250829,SELL,14471.88727965935,1,-14471.88727965935
251185,BUY,3510.9769880362783,1,3510.9769880362783
251186,SELL,12.846357471926265,1,-12.846357471926265
251534,SELL,1490.170855558437,1,-1490.170855558437
252173,SELL,3797.6481599297445,1,-3797.6481599297445
254268,BUY,5770.752068079316,1,5770.752068079316
254453,SELL,23851.069041876708,1,-23851.069041876708
255406,BUY,922.6759737283148,1,922.6759737283148
255914,BUY,1256.1984121313055,1,1256.1984121313055
255979,BUY,13089.763851076934,1,13089.763851076934
257167,BUY,4108.375606831911,1,4108.375606831911
257955,SELL,5025.986007553762,1,-5025.986007553762
257991,BUY,4477.196692184343,1,4477.196692184343
258464,SELL,745.5514812034178,1,-745.5514812034178
258717,SELL,2641.3938350929166,1,-2641.3938350929166
258877,SELL,3470.823652986792,1,-3470.823652986792
259401,SELL,1806.7376667417873,1,-1806.7376667417873
259430,SELL,8289.395544785524,1,-8289.395544785524
259497,BUY,3091.204833947433,1,3091.204833947433
259581,BUY,5758.569093814278,1,5758.569093814278
259632,SELL,9819.494127580314,1,-9819.494127580314
259851,BUY,5304.793794323268,1,5304.793794323268
259974,BUY,3298.7176634895554,1,3298.7176634895554
260110,SELL,6382.978243633002,1,-6382.978243633002
260365,SELL,1498.7663175839814,1,-1498.7663175839814
260398,SELL,1198.3729715513796,1,-1198.3729715513796
260534,SELL,183.0295235724237,1,-183.0295235724237
260635,BUY,1797.2095930172802,1,1797.2095930172802
260654,BUY,17319.80856585845,1,17319.80856585845
260801,SELL,699.5066731921141,1,-699.5066731921141
261113,BUY,9.72484014800774,1,9.72484014800774
261151,SELL,4013.4509017672212,1,-4013.4509017672212
261267,SELL,18704.492333600072,1,-18704.492333600072
261387,SELL,20602.52156660322,1,-20602.52156660322
261481,SELL,166.28920143908704,1,-166.28920143908704
261708,SELL,5841.2565611469545,1,-5841.2565611469545
262026,BUY,8485.060087744883,1,8485.060087744883
262331,BUY,2299.0272651959085,1,2299.0272651959085
262346,BUY,4876.486036050597,1,4876.486036050597
262368,BUY,4682.219789900315,1,4682.219789900315
262597,SELL,6184.616955834561,1,-6184.616955834561
262649,BUY,2729.307885038447,1,2729.307885038447
262670,SELL,9159.142159614188,1,-9159.142159614188
262945,BUY,9964.044438436811,1,9964.044438436811
263154,BUY,4079.863436029028,1,4079.863436029028
263157,BUY,1467.175905377124,1,1467.175905377124
263280,BUY,16252.804809688289,1,16252.804809688289
263844,SELL,9048.729602741632,1,-9048.729602741632
263875,SELL,168438.04433294432,1,-168438.04433294432
263886,SELL,7569.209721565562,1,-7569.209721565562
264126,SELL,6238.807269608157,1,-6238.807269608157
264211,BUY,1665.9492653578736,1,1665.9492653578736
264410,SELL,17773.50175087478,1,-17773.50175087478
264639,BUY,2963.4106852749283,1,2963.4106852749283
264656,BUY,4442.612677968096,1,4442.612677968096
264705,BUY,3868.146183115132,1,3868.146183115132
265027,SELL,224.12399124410967,1,-224.12399124410967
265079,BUY,1468.9912902079743,1,1468.9912902079743
265148,SELL,6512.348039977203,1,-6512.348039977203
265337,SELL,3458.3006317476315,1,-3458.3006317476315
265414,BUY,10427.85469752962,1,10427.85469752962
265458,BUY,5727.1861949818285,1,5727.1861949818285
265592,BUY,4884.0954723152145,1,4884.0954723152145
265899,BUY,1806.1140461207008,1,1806.1140461207008
266302,SELL,6199.418816252755,1,-6199.418816252755
266330,SELL,9686.087553268952,1,-9686.087553268952
266394,SELL,7299.335743220024,1,-7299.335743220024
266459,SELL,6302.714227870182,1,-6302.714227870182
266490,SELL,2034.5079015139897,1,-2034.5079015139897
266563,BUY,1852.1809689860142,1,1852.1809689860142
266655,BUY,4236.359968156701,1,4236.359968156701
266666,BUY,3953.6081809696134,1,3953.6081809696134
266769,SELL,11750.63065655179,1,-11750.63065655179
266770,SELL,114260.75587675115,1,-114260.75587675115
266919,BUY,798.6237088095467,1,798.6237088095467
267035,SELL,2006.2508150307008,1,-2006.2508150307008
267316,BUY,6887.368646539419,1,6887.368646539419
267386,SELL,26658.112777064125,1,-26658.112777064125
267403,SELL,3292.096967054082,1,-3292.096967054082
267416,SELL,645.9050024642556,1,-645.9050024642556
267521,BUY,4361.6839166907985,1,4361.6839166907985
267619,BUY,10556.930677957282,1,10556.930677957282
267837,SELL,5374.4997585747615,1,-5374.4997585747615
267906,SELL,8862.354228604145,1,-8862.354228604145
268002,BUY,19815.44447054313,1,19815.44447054313
268003,BUY,3867.073860975825,1,3867.073860975825
268066,SELL,1237.1504741362687,1,-1237.1504741362687
268068,BUY,4077.036917091627,1,4077.036917091627
268082,SELL,10360.32796051352,1,-10360.32796051352
268120,SELL,2929.537282034837,1,-2929.537282034837
268153,SELL,15997.707582916186,1,-15997.707582916186
268179,BUY,8840.13843772324,1,8840.13843772324
268479,BUY,2087.928551507634,1,2087.928551507634
268592,SELL,5974.921255985205,1,-5974.921255985205
268606,SELL,5624.767280796304,1,-5624.767280796304
268629,SELL,11865.007501219527,1,-11865.007501219527
268677,SELL,13232.406346049,1,-13232.406346049
268681,BUY,2713.3789809583595,1,2713.3789809583595
268900,BUY,5273.791334760247,1,5273.791334760247
268936,BUY,2259.670093089692,1,2259.670093089692
269012,BUY,4328.725984786012,1,4328.725984786012
269017,BUY,27751.412892186912,1,27751.412892186912
269020,BUY,7676.1036670387975,1,7676.1036670387975
269023,SELL,7049.537802307446,1,-7049.537802307446
269086,BUY,7965.066116990295,1,7965.066116990295
269201,SELL,601.8820960180697,1,-601.8820960180697
269353,SELL,29027.758204707723,1,-29027.758204707723
269355,BUY,932.486922784656,1,932.486922784656
269356,BUY,5740.2221392413985,1,5740.2221392413985
269379,SELL,698.9575119232586,1,-698.9575119232586
269420,SELL,5261.577060006568,1,-5261.577060006568
269481,SELL,45040.60201634864,1,-45040.60201634864
269508,SELL,22306.66563515046,1,-22306.66563515046
269541,SELL,2104.119428256588,1,-2104.119428256588
269638,BUY,8565.534874348896,1,8565.534874348896
269685,SELL,1401.5901596855945,1,-1401.5901596855945
269706,BUY,13709.736579290351,1,13709.736579290351
269904,SELL,5744.104201301278,1,-5744.104201301278
269980,BUY,7024.307390593013,1,7024.307390593013
270034,SELL,6487.083111253689,1,-6487.083111253689
270061,SELL,160.30574011835367,1,-160.30574011835367
270062,BUY,1086.1307516443042,1,1086.1307516443042
270171,SELL,6080.300610887942,1,-6080.300610887942
270662,SELL,1051.9281186080086,1,-1051.9281186080086
270767,BUY,9695.899044252157,1,9695.899044252157
270878,SELL,5676.599713012125,1,-5676.599713012125
271295,SELL,134.57962204641143,1,-134.57962204641143
272269,BUY,1736.3111860161318,1,1736.3111860161318
272789,BUY,10791.978389246564,1,10791.978389246564
273566,BUY,196.32354948660063,1,196.32354948660063
273772,BUY,7636.874793216811,1,7636.874793216811
273831,SELL,3538.7332123154,1,-3538.7332123154
273879,BUY,23743.152772378748,1,23743.152772378748
273892,BUY,414.1352957867485,1,414.1352957867485
274008,SELL,8716.581410431092,1,-8716.581410431092
274033,BUY,7042.463230904808,1,7042.463230904808
274120,BUY,2902.3552747063923,1,2902.3552747063923
274211,SELL,8092.192295118124,1,-8092.192295118124
274681,SELL,8440.39327073962,1,-8440.39327073962
274736,BUY,12315.23456629579,1,12315.23456629579
274778,BUY,4852.942915119394,1,4852.942915119394
274779,BUY,2185.1953816485902,1,2185.1953816485902
274808,SELL,3075.6013284959245,1,-3075.6013284959245
274898,SELL,4833.335901527316,1,-4833.335901527316
274924,SELL,1276.161984013641,1,-1276.161984013641
274996,BUY,876.0540321456127,1,876.0540321456127
275041,SELL,28631.50809697016,1,-28631.50809697016
275185,SELL,3980.690238840145,1,-3980.690238840145
275224,SELL,3752.2531958156796,1,-3752.2531958156796
275245,SELL,936.8556800049417,1,-936.8556800049417
275280,BUY,4320.556882963443,1,4320.556882963443
275281,SELL,5677.371573267596,1,-5677.371573267596
275485,SELL,4906.592523008224,1,-4906.592523008224
275595,SELL,151.57995332302423,1,-151.57995332302423
275908,BUY,1158.9105376498728,1,1158.9105376498728
276039,BUY,12870.869602985318,1,12870.869602985318
276083,SELL,2384.0448669903294,1,-2384.0448669903294
276215,SELL,2336.2767494685227,1,-2336.2767494685227
276380,SELL,2112.525184150268,1,-2112.525184150268
276566,BUY,3257.07027858114,1,3257.07027858114
276567,SELL,7593.164098074471,1,-7593.164098074471
276573,SELL,9735.244256632308,1,-9735.244256632308
276609,SELL,713.4987790301485,1,-713.4987790301485
276709,BUY,5151.918583688296,1,5151.918583688296
276766,BUY,8688.368161583181,1,8688.368161583181
276767,BUY,3630.348654750947,1,3630.348654750947
277212,BUY,104.35120776594124,1,104.35120776594124
277225,SELL,4075.6215352150466,1,-4075.6215352150466
277226,SELL,4716.617763115569,1,-4716.617763115569
277331,SELL,8484.810677852382,1,-8484.810677852382
277335,SELL,3433.630339297321,1,-3433.630339297321
277423,BUY,3713.138112632405,1,3713.138112632405
277431,BUY,12261.34161105462,1,12261.34161105462
277585,SELL,7627.693497298078,1,-7627.693497298078
278145,SELL,18748.252479986448,1,-18748.252479986448
278176,BUY,312.45554583948183,1,312.45554583948183
278225,SELL,537.6867289958537,1,-537.6867289958537
278243,BUY,10398.974948068799,1,10398.974948068799
278295,BUY,83.09879210625984,1,83.09879210625984
278431,SELL,14570.418208728754,1,-14570.418208728754
278567,BUY,2393.471484791605,1,2393.471484791605
278571,BUY,2476.782572189655,1,2476.782572189655
278788,BUY,2925.478426073094,1,2925.478426073094
279021,BUY,1987.079497033294,1,1987.079497033294
279022,BUY,7953.089193106274,1,7953.089193106274
279107,BUY,11587.156419096878,1,11587.156419096878
279126,SELL,1509.8500077968795,1,-1509.8500077968795
279180,SELL,5496.382233240887,1,-5496.382233240887
279182,BUY,9929.568475097363,1,9929.568475097363
279267,SELL,1598.6813665125437,1,-1598.6813665125437
279836,BUY,2681.5842586405342,1,2681.5842586405342
279859,SELL,6956.007899817716,1,-6956.007899817716
279862,SELL,310.52028567055174,1,-310.52028567055174
279902,SELL,7100.1067263306295,1,-7100.1067263306295
280197,SELL,86214.62295315282,1,-86214.62295315282
280248,SELL,17334.697921203802,1,-17334.697921203802
280249,SELL,7112.6782463631025,1,-7112.6782463631025
280257,SELL,1981.145920821119,1,-1981.145920821119
280550,SELL,3727.843347812323,1,-3727.843347812323
280623,SELL,1481.3549727846028,1,-1481.3549727846028
280665,BUY,611.1188674682737,1,611.1188674682737
280684,BUY,5539.33832242279,1,5539.33832242279
280696,SELL,5230.4113838588055,1,-5230.4113838588055
280752,SELL,5105.371333868126,1,-5105.371333868126
281262,BUY,7930.605765882118,1,7930.605765882118
281545,SELL,7768.797537881164,1,-7768.797537881164
281669,BUY,20616.505835158554,1,20616.505835158554
281809,BUY,140503.22224221556,1,140503.22224221556
281861,BUY,1789.0348517196337,1,1789.0348517196337
282039,BUY,6358.209164148349,1,6358.209164148349
282040,BUY,2861.4194950890346,1,2861.4194950890346
282041,BUY,14128.71792791488,1,14128.71792791488
282101,SELL,1573.5162060923453,1,-1573.5162060923453
282300,SELL,4208.290224851395,1,-4208.290224851395
282343,BUY,5758.667792158185,1,5758.667792158185
282449,BUY,720.8787980021002,1,720.8787980021002
282602,BUY,24.264360881550676,1,24.264360881550676
282606,BUY,2828.8104294261007,1,2828.8104294261007
282629,SELL,652.8119850543834,1,-652.8119850543834
282712,SELL,16456.076440861114,1,-16456.076440861114
283365,BUY,2544.295388289548,1,2544.295388289548
283427,BUY,11257.40790656029,1,11257.40790656029
283583,BUY,3826.2928052228294,1,3826.2928052228294
283589,SELL,1929.391121425432,1,-1929.391121425432
283661,BUY,3351.845218489419,1,3351.845218489419
283713,BUY,7670.486245935711,1,7670.486245935711
283851,SELL,4937.801348187521,1,-4937.801348187521
283856,SELL,8490.335661955174,1,-8490.335661955174
283857,SELL,13936.679262462301,1,-13936.679262462301
283887,BUY,6172.503193908986,1,6172.503193908986
283890,SELL,21943.756108137513,1,-21943.756108137513
284029,SELL,25193.74192176816,1,-25193.74192176816
284106,SELL,2311.2793269225403,1,-2311.2793269225403
284109,SELL,658.779518542891,1,-658.779518542891
284411,BUY,15486.6880206204,1,15486.6880206204
284500,SELL,4996.104595042797,1,-4996.104595042797
284524,SELL,2026.015705061965,1,-2026.015705061965
284546,BUY,5360.513324166324,1,5360.513324166324
284584,BUY,10608.623747768825,1,10608.623747768825
284799,BUY,14110.097168921504,1,14110.097168921504
284815,BUY,6520.037155162915,1,6520.037155162915
284902,SELL,10792.38286142743,1,-10792.38286142743
285293,BUY,3886.5329308849987,1,3886.5329308849987
285308,BUY,5852.023640385476,1,5852.023640385476
285325,BUY,1200.2009966460287,1,1200.2009966460287
285376,BUY,3599.06809666487,1,3599.06809666487
285509,BUY,3128.8595716773802,1,3128.8595716773802
285534,SELL,2541.898535108481,1,-2541.898535108481
285536,SELL,339.2270544323829,1,-339.2270544323829
285557,SELL,14280.396059170756,1,-14280.396059170756
285614,BUY,1748.0775116827162,1,1748.0775116827162
285632,BUY,2004.3386661297448,1,2004.3386661297448
285790,BUY,4902.331624633447,1,4902.331624633447
285828,SELL,11868.41237649082,1,-11868.41237649082
285982,BUY,1577.663057612391,1,1577.663057612391
286133,SELL,432.31215533479275,1,-432.31215533479275
286253,SELL,13668.140245476645,1,-13668.140245476645
286315,SELL,4937.67869359512,1,-4937.67869359512
286451,SELL,1856.7584439753246,1,-1856.7584439753246
286452,SELL,7659.396925515155,1,-7659.396925515155
286465,SELL,7028.064938089835,1,-7028.064938089835
286883,SELL,1349.1172243936426,1,-1349.1172243936426
287143,BUY,1333.5120679316003,1,1333.5120679316003
288606,BUY,1559.7814831334451,1,1559.7814831334451
289030,BUY,1584.0625605440728,1,1584.0625605440728
289138,SELL,3640.341440092818,1,-3640.341440092818
289247,SELL,8905.74363586314,1,-8905.74363586314
289530,BUY,31038.58293787235,1,31038.58293787235
289745,BUY,5814.700028329059,1,5814.700028329059
289873,BUY,363.3655738394378,1,363.3655738394378
289972,SELL,9795.181999919148,1,-9795.181999919148
290022,SELL,6678.4637619893065,1,-6678.4637619893065
290278,BUY,1924.2534572523268,1,1924.2534572523268
290557,BUY,2090.4706974058845,1,2090.4706974058845
290589,SELL,64892.410730189455,1,-64892.410730189455
290899,BUY,2117.6102072115214,1,2117.6102072115214
291621,BUY,4556.253941070411,1,4556.253941070411
291757,BUY,7174.470207359861,1,7174.470207359861
291872,BUY,8332.2146137151,1,8332.2146137151
292017,BUY,6566.270174102274,1,6566.270174102274
292018,SELL,38806.15735053435,1,-38806.15735053435
292097,BUY,4601.85408397938,1,4601.85408397938
292443,SELL,5271.8858379254325,1,-5271.8858379254325
292620,BUY,4178.907949898341,1,4178.907949898341
292621,BUY,4052.0448404359754,1,4052.0448404359754
292693,SELL,2673.8864005074465,1,-2673.8864005074465
292713,SELL,8087.8737216932905,1,-8087.8737216932905
292741,BUY,880.7719827775915,1,880.7719827775915
292862,SELL,7752.107919976032,1,-7752.107919976032
292885,SELL,8376.103803481845,1,-8376.103803481845
292895,SELL,4371.361142068477,1,-4371.361142068477
292971,BUY,8189.057813629988,1,8189.057813629988
293141,BUY,5.5253777013598615,1,5.5253777013598615
293142,BUY,2096.344900503845,1,2096.344900503845
293228,BUY,8591.520555953844,1,8591.520555953844
293261,SELL,3502.7130693603726,1,-3502.7130693603726
293384,BUY,62527.8524586939,1,62527.8524586939
293433,SELL,2767.7514898981585,1,-2767.7514898981585
293436,BUY,939.45087053655,1,939.45087053655
293452,BUY,2977.5989601641463,1,2977.5989601641463
293499,SELL,4051.1543951888307,1,-4051.1543951888307
293733,BUY,3514.2386251642065,1,3514.2386251642065
293756,BUY,450.1548004382051,1,450.1548004382051
294014,BUY,5846.48059982528,1,5846.48059982528
294227,BUY,266.42692309103967,1,266.42692309103967
294251,BUY,2528.272797227102,1,2528.272797227102
294252,SELL,11053.100008436582,1,-11053.100008436582
294908,BUY,6460.33975720541,1,6460.33975720541
295151,BUY,17292.227535247275,1,17292.227535247275
295239,BUY,2369.16563441639,1,2369.16563441639
295240,BUY,9270.097995307515,1,9270.097995307515
295272,SELL,5671.545054412358,1,-5671.545054412358
295277,BUY,1255.1536967190827,1,1255.1536967190827
295748,SELL,7125.065994005777,1,-7125.065994005777
295761,SELL,5028.918267034725,1,-5028.918267034725
296076,SELL,8932.339146149505,1,-8932.339146149505
296242,BUY,23263.576631922744,1,23263.576631922744
296497,SELL,15227.050483726942,1,-15227.050483726942
296509,BUY,2698.8514212589102,1,2698.8514212589102
296542,BUY,11200.910382829908,1,11200.910382829908
296581,BUY,2602.718443846753,1,2602.718443846753
296684,BUY,936.340594252211,1,936.340594252211
296823,BUY,7791.587561150378,1,7791.587561150378
296918,BUY,3044.771321293787,1,3044.771321293787
296935,SELL,3889.216382531085,1,-3889.216382531085
296936,BUY,3053.867348569324,1,3053.867348569324
296977,BUY,512.9581845984054,1,512.9581845984054
297018,SELL,6384.640262593606,1,-6384.640262593606
297021,BUY,4857.250909994437,1,4857.250909994437
297220,SELL,2762.5983242809693,1,-2762.5983242809693
297221,BUY,8064.866382224692,1,8064.866382224692
297324,SELL,32330.20473335912,1,-32330.20473335912
297580,BUY,11890.200661616693,1,11890.200661616693
297582,BUY,3615.8864221573776,1,3615.8864221573776
297733,SELL,2446.682245862323,1,-2446.682245862323
298339,BUY,40610.25667358845,1,40610.25667358845
298509,SELL,1175.7154958112978,1,-1175.7154958112978
298592,BUY,7033.294631780217,1,7033.294631780217
298778,BUY,10127.996604248556,1,10127.996604248556
299592,SELL,6143.471604524614,1,-6143.471604524614
299724,BUY,10681.929237676764,1,10681.929237676764
300198,BUY,11299.062095137466,1,11299.062095137466
300199,SELL,1555.3852345140715,1,-1555.3852345140715
300200,BUY,2404.9674801180277,1,2404.9674801180277
300460,BUY,13241.795847763602,1,13241.795847763602
300477,BUY,2545.9314070454843,1,2545.9314070454843
300674,SELL,3881.5218460914275,1,-3881.5218460914275
300827,BUY,5290.571185444432,1,5290.571185444432
300938,SELL,7773.555932745294,1,-7773.555932745294
301143,SELL,224.68501652256688,1,-224.68501652256688
301222,SELL,56746.47723649961,1,-56746.47723649961
301251,SELL,2981.7823952184913,1,-2981.7823952184913
301383,BUY,6539.689759325181,1,6539.689759325181
301416,BUY,39453.818971056025,1,39453.818971056025
301600,BUY,4747.230768713622,1,4747.230768713622
301813,SELL,2073.593524642361,1,-2073.593524642361
301816,BUY,17768.95252985257,1,17768.95252985257
301890,SELL,2000.4918595253785,1,-2000.4918595253785
301999,SELL,10229.802014558729,1,-10229.802014558729
302018,SELL,7300.169859895164,1,-7300.169859895164
302549,SELL,2780.1412374190786,1,-2780.1412374190786
302550,SELL,5897.637406024261,1,-5897.637406024261
302961,SELL,5937.584982198708,1,-5937.584982198708
303340,BUY,1485.4190629836264,1,1485.4190629836264
303526,SELL,110515.58738357935,1,-110515.58738357935
303838,BUY,2002.8127413144364,1,2002.8127413144364
303840,BUY,10644.761043834735,1,10644.761043834735
303930,SELL,2339.4786112353604,1,-2339.4786112353604
303958,BUY,8959.827666442603,1,8959.827666442603
304230,SELL,8060.579660824024,1,-8060.579660824024
304236,BUY,3592.9964166778063,1,3592.9964166778063
304724,BUY,14357.584340560186,1,14357.584340560186
304768,SELL,5166.381950361666,1,-5166.381950361666
304839,BUY,10281.402635136232,1,10281.402635136232
304874,BUY,1302.9988908193593,1,1302.9988908193593
304963,BUY,0.8969370679953786,1,0.8969370679953786
305109,SELL,4504.475517847336,1,-4504.475517847336
305229,SELL,4854.939449721265,1,-4854.939449721265
305265,SELL,18286.899804616958,1,-18286.899804616958
305272,SELL,7744.304993036466,1,-7744.304993036466
305321,SELL,18433.879952673055,1,-18433.879952673055
305737,BUY,5600.557552969951,1,5600.557552969951
305959,SELL,2199.779832595384,1,-2199.779832595384
305960,SELL,1081.9678674041938,1,-1081.9678674041938
305965,BUY,9175.654837244589,1,9175.654837244589
306021,BUY,9804.005234584689,1,9804.005234584689
306055,BUY,4759.195878009863,1,4759.195878009863
306200,SELL,1001.0073388928815,1,-1001.0073388928815
306206,SELL,16973.764466395765,1,-16973.764466395765
306417,BUY,3384.1442140076338,1,3384.1442140076338
306450,SELL,17299.00928986155,1,-17299.00928986155
306507,BUY,5196.811221242113,1,5196.811221242113
306508,SELL,4231.468190236613,1,-4231.468190236613
306510,BUY,4439.176480483253,1,4439.176480483253
307092,SELL,1534.0684974314322,1,-1534.0684974314322
307093,BUY,4565.479595743732,1,4565.479595743732
307095,SELL,7311.512344049846,1,-7311.512344049846
307096,SELL,5423.946834196351,1,-5423.946834196351
307225,BUY,5179.80696111814,1,5179.80696111814
307264,SELL,1697.5221803725935,1,-1697.5221803725935
307266,SELL,2755.64399613723,1,-2755.64399613723
307273,BUY,3580.5188018390254,1,3580.5188018390254
307386,BUY,27.784926785220243,1,27.784926785220243
307733,SELL,2042.6444864047112,1,-2042.6444864047112
307735,BUY,9453.995194521565,1,9453.995194521565
307782,BUY,764.2461648814568,1,764.2461648814568
307784,BUY,6791.715442544602,1,6791.715442544602
307899,BUY,16571.33446955,1,16571.33446955
307923,BUY,16551.020309972842,1,16551.020309972842
307925,SELL,3723.233292151471,1,-3723.233292151471
307931,SELL,11611.089143711224,1,-11611.089143711224
307978,SELL,19536.4626774527,1,-19536.4626774527
308012,SELL,10230.019798222698,1,-10230.019798222698
308040,SELL,24788.92631175594,1,-24788.92631175594
308055,SELL,1790.1616807773705,1,-1790.1616807773705
308068,BUY,7104.921428711078,1,7104.921428711078
308617,BUY,4260.103151091976,1,4260.103151091976
308686,SELL,1463.8434357734984,1,-1463.8434357734984
308747,BUY,16324.252516730447,1,16324.252516730447
308822,BUY,97.47967526510983,1,97.47967526510983
308945,SELL,1209.5305391504812,1,-1209.5305391504812
309036,SELL,12251.143049778137,1,-12251.143049778137
309061,SELL,5207.655348095158,1,-5207.655348095158
309066,BUY,13143.212233095883,1,13143.212233095883
309093,BUY,26420.45168332939,1,26420.45168332939
309183,BUY,20678.07255547403,1,20678.07255547403
312270,SELL,8117.700175597888,1,-8117.700175597888
312434,BUY,3630.7443318258083,1,3630.7443318258083
312437,SELL,9402.01180060827,1,-9402.01180060827
312438,BUY,3487.6125733624776,1,3487.6125733624776
312486,SELL,6837.038993269341,1,-6837.038993269341
312511,BUY,10043.959235654946,1,10043.959235654946
312514,SELL,2346.7437201397665,1,-2346.7437201397665
312525,BUY,4045.3119382099694,1,4045.3119382099694
312538,BUY,11591.203140629486,1,11591.203140629486
313647,SELL,4013.674952658488,1,-4013.674952658488
313919,BUY,4987.507583915856,1,4987.507583915856
314005,SELL,769.4905294260919,1,-769.4905294260919
314059,BUY,1.8282329612067327,1,1.8282329612067327
315465,SELL,2743.6242851782436,1,-2743.6242851782436
315531,BUY,5067.114435136651,1,5067.114435136651
315715,BUY,12923.561406655543,1,12923.561406655543
315716,SELL,2664.560457508078,1,-2664.560457508078
315739,SELL,8161.371926120255,1,-8161.371926120255
315894,SELL,7672.42557559861,1,-7672.42557559861
316011,SELL,11992.750110598157,1,-11992.750110598157
316146,BUY,252.2747569369832,1,252.2747569369832
316171,SELL,4520.462598241881,1,-4520.462598241881
316243,SELL,5357.946253402272,1,-5357.946253402272
316273,SELL,1214.3335663443972,1,-1214.3335663443972
316279,SELL,3965.0665784301264,1,-3965.0665784301264
316297,BUY,13280.047051764135,1,13280.047051764135
316524,SELL,2974.149565288677,1,-2974.149565288677
316636,BUY,28060.704174515286,1,28060.704174515286
316677,BUY,275533.0213285105,1,275533.0213285105
316708,SELL,13066.514841446584,1,-13066.514841446584
316725,SELL,7489.8990474158545,1,-7489.8990474158545
316880,BUY,1376.7269109411493,1,1376.7269109411493
316881,SELL,1734.2675139715989,1,-1734.2675139715989
316988,BUY,3307.0292996238045,1,3307.0292996238045
317025,SELL,17666.30946864155,1,-17666.30946864155
317296,SELL,2218.014720894457,1,-2218.014720894457
317354,SELL,11224.217945855604,1,-11224.217945855604
317383,SELL,9940.83764196346,1,-9940.83764196346
317431,BUY,6508.724744213746,1,6508.724744213746
317546,SELL,8471.114231810463,1,-8471.114231810463
317576,BUY,6508.702798963566,1,6508.702798963566
317619,BUY,16293.816058269254,1,16293.816058269254
317624,BUY,5006.474210940036,1,5006.474210940036
317738,SELL,1454.7546346348624,1,-1454.7546346348624
317756,BUY,2343.710141373641,1,2343.710141373641
317764,SELL,102.7724150121131,1,-102.7724150121131
317806,BUY,1078.173432626949,1,1078.173432626949
318283,SELL,8465.135854774426,1,-8465.135854774426
318285,SELL,1563.5827990503062,1,-1563.5827990503062
318322,BUY,8379.712831519157,1,8379.712831519157
318490,BUY,4862.293127473619,1,4862.293127473619
318491,BUY,24376.518169108444,1,24376.518169108444
318634,BUY,258.031031670096,1,258.031031670096
318639,BUY,1555.4845786918004,1,1555.4845786918004
318749,SELL,1830.2615109365254,1,-1830.2615109365254
319245,BUY,4630.841650508945,1,4630.841650508945
319263,BUY,4436.58413442755,1,4436.58413442755
319272,SELL,7232.139552523407,1,-7232.139552523407
319338,SELL,3084.2984642016318,1,-3084.2984642016318
319362,BUY,861.4991387072891,1,861.4991387072891
319614,SELL,13295.033197820181,1,-13295.033197820181
319809,SELL,2124.4478681983956,1,-2124.4478681983956
319883,BUY,2212.1692953257175,1,2212.1692953257175
319898,BUY,9239.384531600432,1,9239.384531600432
320043,SELL,100.03812738401064,1,-100.03812738401064
320171,SELL,492.8252728046278,1,-492.8252728046278
320203,SELL,35193.17138000858,1,-35193.17138000858
320204,BUY,9172.064914172754,1,9172.064914172754
320320,SELL,5605.727862113092,1,-5605.727862113092
320357,SELL,1815.9758518337455,1,-1815.9758518337455
320816,BUY,4446.980018407212,1,4446.980018407212
321294,BUY,6275.1163646919085,1,6275.1163646919085
321378,SELL,11938.141517362503,1,-11938.141517362503
321600,BUY,4531.031515056021,1,4531.031515056021
321601,SELL,4555.17279634821,1,-4555.17279634821
321623,SELL,6472.174579970241,1,-6472.174579970241
321925,SELL,16589.846265649176,1,-16589.846265649176
321953,BUY,7147.340459544459,1,7147.340459544459
322747,SELL,2014.2418221673163,1,-2014.2418221673163
322748,BUY,4510.812518231627,1,4510.812518231627
322908,SELL,1978.071864948179,1,-1978.071864948179
322910,BUY,3071.8740528364647,1,3071.8740528364647
323127,BUY,4372.278915981311,1,4372.278915981311
323456,BUY,23773.103334438798,1,23773.103334438798
324138,BUY,3786.4471902784667,1,3786.4471902784667
324434,BUY,9585.010268410058,1,9585.010268410058
324435,SELL,3957.812861996569,1,-3957.812861996569
324609,SELL,3187.737325628854,1,-3187.737325628854
324772,SELL,8789.149377061289,1,-8789.149377061289
324941,SELL,1356.015608334009,1,-1356.015608334009
325214,SELL,4004.5817163250795,1,-4004.5817163250795
325251,SELL,9344.264502455679,1,-9344.264502455679
325566,SELL,316.8876492916352,1,-316.8876492916352
326321,SELL,6701.688569638079,1,-6701.688569638079
326322,BUY,6822.070680636664,1,6822.070680636664
326420,SELL,9186.458485372199,1,-9186.458485372199
326472,SELL,16024.981045829616,1,-16024.981045829616
326480,BUY,13618.86016670932,1,13618.86016670932
326618,BUY,510.8841183567433,1,510.8841183567433
326752,BUY,11838.935591091238,1,11838.935591091238
326845,BUY,8997.134393645129,1,8997.134393645129
326909,BUY,3827.28283360571,1,3827.28283360571
326923,BUY,1959.987954234367,1,1959.987954234367
327035,BUY,205.1310114905413,1,205.1310114905413
327038,BUY,6414.979774163541,1,6414.979774163541
327193,SELL,1127.9335884776451,1,-1127.9335884776451
327455,SELL,10432.249659701898,1,-10432.249659701898
327498,BUY,7813.855853526699,1,7813.855853526699
327499,SELL,4448.105717980352,1,-4448.105717980352
327574,BUY,5540.599516076131,1,5540.599516076131
327814,BUY,5656.782223554202,1,5656.782223554202
327959,SELL,1374.678414529757,1,-1374.678414529757
327960,BUY,16951.364107719033,1,16951.364107719033
327968,BUY,2791.0277174007033,1,2791.0277174007033
328318,BUY,1823.4835804753793,1,1823.4835804753793
328520,SELL,7654.630209999209,1,-7654.630209999209
328899,SELL,792.9000380017735,1,-792.9000380017735
328948,BUY,30299.200427918713,1,30299.200427918713
328971,SELL,6322.078596690083,1,-6322.078596690083
328989,BUY,10063.745725001472,1,10063.745725001472
329074,BUY,6831.483535244768,1,6831.483535244768
329088,SELL,9411.02816140453,1,-9411.02816140453
329184,BUY,4155.822979256921,1,4155.822979256921
329236,SELL,12200.3292544242,1,-12200.3292544242
329402,BUY,11328.825500276673,1,11328.825500276673
329700,SELL,7725.809757491547,1,-7725.809757491547
329703,BUY,15948.436240564584,1,15948.436240564584
329706,BUY,490.8951990501122,1,490.8951990501122
329744,SELL,19993.558176960596,1,-19993.558176960596
329750,SELL,10282.64228382761,1,-10282.64228382761
329822,BUY,105646.12839943219,1,105646.12839943219
329823,SELL,3153.943582989134,1,-3153.943582989134
329825,BUY,4971.184745256633,1,4971.184745256633
329911,BUY,599.004158393523,1,599.004158393523
329944,BUY,4084.703201768235,1,4084.703201768235
329951,SELL,9917.499943775947,1,-9917.499943775947
329954,SELL,438.87435584238114,1,-438.87435584238114
329999,BUY,13760.818138060149,1,13760.818138060149
330011,BUY,4823.243901221637,1,4823.243901221637
330162,BUY,2468.2862536783296,1,2468.2862536783296
330201,SELL,8155.372639474447,1,-8155.372639474447
330202,SELL,5341.923824956993,1,-5341.923824956993
330258,SELL,2780.2372522653677,1,-2780.2372522653677
330328,SELL,6046.186294535886,1,-6046.186294535886
330341,SELL,942.6568952767082,1,-942.6568952767082
330366,SELL,17452.01324101087,1,-17452.01324101087
330367,BUY,7742.306937302776,1,7742.306937302776
330512,BUY,15981.938144897867,1,15981.938144897867
330705,BUY,421.51548691624254,1,421.51548691624254
330706,BUY,5189.342480490867,1,5189.342480490867
330711,SELL,8318.087291750431,1,-8318.087291750431
330733,BUY,12460.60006674664,1,12460.60006674664
330736,BUY,10492.562003263347,1,10492.562003263347
330737,SELL,10518.408006987604,1,-10518.408006987604
330814,BUY,6616.508424006572,1,6616.508424006572
331154,BUY,15326.784314429473,1,15326.784314429473
331157,SELL,5671.574218125285,1,-5671.574218125285
331212,SELL,40110.83006723591,1,-40110.83006723591
331258,SELL,10695.963452161719,1,-10695.963452161719
331316,SELL,6698.119513954442,1,-6698.119513954442
331372,BUY,5748.676096005162,1,5748.676096005162
331412,BUY,27496.06048314061,1,27496.06048314061
331479,SELL,9461.34387641853,1,-9461.34387641853
331525,BUY,10211.311566588329,1,10211.311566588329
331834,BUY,1982.5488979664726,1,1982.5488979664726
331836,SELL,4512.470351217509,1,-4512.470351217509
331885,SELL,2713.1286273176697,1,-2713.1286273176697
331887,SELL,5237.946500494531,1,-5237.946500494531
331888,BUY,2381.7820190690377,1,2381.7820190690377
331889,SELL,13143.707388195935,1,-13143.707388195935
331890,SELL,27424.851863396776,1,-27424.851863396776
331926,SELL,8814.057183915513,1,-8814.057183915513
331927,SELL,4740.976202618204,1,-4740.976202618204
331979,BUY,4317.268631908069,1,4317.268631908069
331996,SELL,4758.541960192249,1,-4758.541960192249
332157,SELL,2468.1596694809896,1,-2468.1596694809896
332227,SELL,9370.108051981677,1,-9370.108051981677
332335,SELL,8193.073091098215,1,-8193.073091098215
332372,BUY,8255.954763103287,1,8255.954763103287
332424,BUY,4657.03043153182,1,4657.03043153182
332513,BUY,432.57598481046125,1,432.57598481046125
332573,BUY,9525.074600934795,1,9525.074600934795
332579,SELL,2791.800391074044,1,-2791.800391074044
332580,BUY,6305.160622154974,1,6305.160622154974
332643,BUY,2380.911183478467,1,2380.911183478467
332697,SELL,371.2334351257588,1,-371.2334351257588
332702,SELL,8989.58626839947,1,-8989.58626839947
332707,BUY,24815.64380851312,1,24815.64380851312
332857,SELL,12165.435867779437,1,-12165.435867779437
332999,BUY,1046.696104128787,1,1046.696104128787
333125,SELL,10445.5282670371,1,-10445.5282670371
333614,BUY,8390.10646617027,1,8390.10646617027
333683,BUY,7730.818226889636,1,7730.818226889636
333943,BUY,6530.108819935986,1,6530.108819935986
334098,SELL,4562.536140937785,1,-4562.536140937785
334153,BUY,2227.972316480474,1,2227.972316480474
334154,SELL,13541.183356196792,1,-13541.183356196792
334163,BUY,6643.456514555118,1,6643.456514555118
334218,BUY,9424.807511524616,1,9424.807511524616
334219,BUY,12065.045167166785,1,12065.045167166785
334503,SELL,23638.772242672807,1,-23638.772242672807
334534,BUY,4455.854262390966,1,4455.854262390966
334590,SELL,4098.075963953511,1,-4098.075963953511
334750,BUY,11370.541197857803,1,11370.541197857803
334784,SELL,5351.95563275604,1,-5351.95563275604
334815,SELL,3911.0328840019647,1,-3911.0328840019647
334872,SELL,6801.689618813501,1,-6801.689618813501
335123,SELL,4197.981316768063,1,-4197.981316768063
335199,BUY,12788.526959210254,1,12788.526959210254
335266,BUY,3465.2843834981836,1,3465.2843834981836
335377,BUY,8427.78519205979,1,8427.78519205979
335446,SELL,16780.942964719816,1,-16780.942964719816
336272,SELL,56835.66717996352,1,-56835.66717996352
336621,BUY,11072.957531916782,1,11072.957531916782
336622,SELL,5198.650896404161,1,-5198.650896404161
336684,SELL,23713.409225931246,1,-23713.409225931246
336737,BUY,8756.97874615464,1,8756.97874615464
336813,SELL,2041.0654007043377,1,-2041.0654007043377
337152,BUY,661.4852069675242,1,661.4852069675242
337372,SELL,18897.50237584724,1,-18897.50237584724
337375,BUY,7431.077791000416,1,7431.077791000416
337512,BUY,3409.2260733196995,1,3409.2260733196995
337513,SELL,9959.453847925295,1,-9959.453847925295
337515,SELL,3968.505946994632,1,-3968.505946994632
337517,BUY,8760.001486437563,1,8760.001486437563
337579,BUY,214.7902738603097,1,214.7902738603097
337733,SELL,15598.021839285124,1,-15598.021839285124
337804,SELL,14737.679257234344,1,-14737.679257234344
337830,BUY,5001.879383403379,1,5001.879383403379
337852,SELL,4723.469757019677,1,-4723.469757019677
338306,SELL,14018.65066461258,1,-14018.65066461258
338318,SELL,228.5570505973708,1,-228.5570505973708
338320,BUY,72282.38700962464,1,72282.38700962464
338363,SELL,117214.63134468645,1,-117214.63134468645
338364,SELL,595.7170312410523,1,-595.7170312410523
338416,SELL,19745.78821742532,1,-19745.78821742532
338481,BUY,14057.102680028178,1,14057.102680028178
338649,BUY,13056.462157218937,1,13056.462157218937
338651,BUY,92737.9334608197,1,92737.9334608197
338653,BUY,10223.687410205477,1,10223.687410205477
338708,BUY,3402.028607284159,1,3402.028607284159
338812,SELL,14400.111395072012,1,-14400.111395072012
338818,SELL,4679.067756995486,1,-4679.067756995486
338982,BUY,414.07070025793325,1,414.07070025793325
338985,BUY,4937.719447172897,1,4937.719447172897
339106,SELL,5185.6660202510175,1,-5185.6660202510175
339463,BUY,4251.178193982513,1,4251.178193982513
339573,BUY,5001.288649617439,1,5001.288649617439
339677,BUY,25840.013474666488,1,25840.013474666488
339762,SELL,945.4707363645512,1,-945.4707363645512
339767,BUY,6816.985477948412,1,6816.985477948412
339786,BUY,4208.341662357679,1,4208.341662357679
339898,BUY,11420.326832836472,1,11420.326832836472
340085,BUY,102161.23297719094,1,102161.23297719094
340097,BUY,4284.359267716637,1,4284.359267716637
340199,SELL,4928.070481244981,1,-4928.070481244981
340432,SELL,5412.493981669483,1,-5412.493981669483
340460,SELL,14562.65923020295,1,-14562.65923020295
340640,BUY,242105.0492219168,1,242105.0492219168
340644,BUY,10928.66694681947,1,10928.66694681947
340696,BUY,2823.818292044105,1,2823.818292044105
340698,SELL,10518.619553985196,1,-10518.619553985196
340699,SELL,3513.025315241286,1,-3513.025315241286
340752,SELL,32858.442436546095,1,-32858.442436546095
340754,BUY,9122.373007624192,1,9122.373007624192
340757,BUY,556.5807819739879,1,556.5807819739879
341208,BUY,29195.396982144255,1,29195.396982144255
341326,SELL,5574.009865739722,1,-5574.009865739722
341384,SELL,7389.13292353333,1,-7389.13292353333
341387,SELL,19199.002672257353,1,-19199.002672257353
341431,SELL,13304.00376537681,1,-13304.00376537681
341434,SELL,48440.181727242976,1,-48440.181727242976
341568,SELL,7776.335172713136,1,-7776.335172713136
341660,BUY,10843.347876003316,1,10843.347876003316
341661,BUY,1786.9547084967355,1,1786.9547084967355
341662,SELL,1565.5385319470781,1,-1565.5385319470781
341663,BUY,5359.891551368908,1,5359.891551368908
341664,BUY,3057.8102756967173,1,3057.8102756967173
341692,SELL,18100.818204733114,1,-18100.818204733114
341740,BUY,11546.18923738028,1,11546.18923738028
341783,BUY,7689.256816381109,1,7689.256816381109
341999,SELL,4819.127302999285,1,-4819.127302999285
342309,BUY,8951.974422970263,1,8951.974422970263
342349,SELL,1379.0119779531556,1,-1379.0119779531556
342359,SELL,38452.45607318325,1,-38452.45607318325
342467,BUY,17078.198904104836,1,17078.198904104836
342520,SELL,4005.4755719941245,1,-4005.4755719941245
342566,BUY,3393.3100863125924,1,3393.3100863125924
342573,BUY,21732.777699837497,1,21732.777699837497
342630,BUY,10473.041284129416,1,10473.041284129416
342723,SELL,905.0288299968771,1,-905.0288299968771
342770,SELL,11817.571754073957,1,-11817.571754073957
342772,SELL,5331.3563591277825,1,-5331.3563591277825
342820,BUY,301.7240802949201,1,301.7240802949201
342877,SELL,21791.199706261454,1,-21791.199706261454
342915,SELL,5013.861044775746,1,-5013.861044775746
342937,SELL,2850.0156468135874,1,-2850.0156468135874
343833,BUY,11221.051877003369,1,11221.051877003369
344199,SELL,10486.789163417425,1,-10486.789163417425
344245,BUY,31641.53680908154,1,31641.53680908154
344246,SELL,7806.455064665363,1,-7806.455064665363
344247,BUY,655.9127817752727,1,655.9127817752727
344249,BUY,22466.26772003599,1,22466.26772003599
344320,BUY,34680.981428655345,1,34680.981428655345
344507,BUY,6710.977839182095,1,6710.977839182095
344512,SELL,4963.811818572394,1,-4963.811818572394
344567,BUY,5320.487961788803,1,5320.487961788803
344713,BUY,6748.348041392915,1,6748.348041392915
344770,BUY,3542.1075769532035,1,3542.1075769532035
344842,BUY,7193.13652996428,1,7193.13652996428
344915,BUY,5391.693894069427,1,5391.693894069427
344920,BUY,8230.768301355529,1,8230.768301355529
345187,BUY,3105.8898414703467,1,3105.8898414703467
345366,SELL,22290.72965355572,1,-22290.72965355572
345369,BUY,12624.073093430734,1,12624.073093430734
345615,BUY,7289.383718501157,1,7289.383718501157
345800,BUY,5308.929656634503,1,5308.929656634503
345824,BUY,16152.184171932673,1,16152.184171932673
345849,BUY,8111.079676936491,1,8111.079676936491
345850,BUY,28568.345362110726,1,28568.345362110726
345951,BUY,6338.204170699759,1,6338.204170699759
346113,SELL,9413.617741808852,1,-9413.617741808852
346115,BUY,334.61458940793085,1,334.61458940793085
346158,SELL,10935.173433183878,1,-10935.173433183878
346373,SELL,53171.194418529856,1,-53171.194418529856
346408,BUY,5064.06219253369,1,5064.06219253369
346421,BUY,1797.566578370798,1,1797.566578370798
346493,SELL,2362.4753905789316,1,-2362.4753905789316
347764,BUY,562.5513283966337,1,562.5513283966337
347771,SELL,648.8227473094236,1,-648.8227473094236
347773,BUY,1664.780828419795,1,1664.780828419795
347878,BUY,5016.409972696852,1,5016.409972696852
348774,SELL,10679.344482887875,1,-10679.344482887875
348839,BUY,41185.31695297221,1,41185.31695297221
349257,SELL,6343.5462217810555,1,-6343.5462217810555
349540,SELL,8341.547020097958,1,-8341.547020097958
349778,SELL,898.7588630384918,1,-898.7588630384918
350129,SELL,16010.809161028472,1,-16010.809161028472
350311,BUY,99755.84975804416,1,99755.84975804416
350459,SELL,2918.152656524674,1,-2918.152656524674
350719,BUY,10150.655899691032,1,10150.655899691032
352061,SELL,11967.976042289374,1,-11967.976042289374
352733,BUY,4379.932471986453,1,4379.932471986453
353719,SELL,10474.403273529493,1,-10474.403273529493
353971,BUY,8597.1818339111,1,8597.1818339111
354493,SELL,17112.064856173132,1,-17112.064856173132
354518,BUY,6073.24270406609,1,6073.24270406609
354767,SELL,9901.32203343137,1,-9901.32203343137
355698,SELL,8604.374084276535,1,-8604.374084276535
355809,SELL,1513.037895063085,1,-1513.037895063085
357118,BUY,1824.4535757236092,1,1824.4535757236092
357126,SELL,378.2008471917066,1,-378.2008471917066
357766,BUY,4938.607365126254,1,4938.607365126254
357770,BUY,11633.712777486122,1,11633.712777486122
358205,SELL,15528.931152228914,1,-15528.931152228914
358708,BUY,5033.079823696797,1,5033.079823696797
358837,BUY,1850.0018527782786,1,1850.0018527782786
358930,BUY,3591.7531823114823,1,3591.7531823114823
359120,SELL,7011.049195747548,1,-7011.049195747548
359145,BUY,528.0513191939057,1,528.0513191939057
359692,BUY,7591.340363684112,1,7591.340363684112
359752,SELL,16711.471092242493,1,-16711.471092242493
360035,SELL,9361.067430079467,1,-9361.067430079467
360151,SELL,9485.436673377188,1,-9485.436673377188
360681,BUY,1281.4352797353563,1,1281.4352797353563
360739,SELL,1716.1332206651048,1,-1716.1332206651048
361071,SELL,21151.627798048594,1,-21151.627798048594
361072,BUY,10302.57551735461,1,10302.57551735461
361194,BUY,2478.8980507926162,1,2478.8980507926162
361195,SELL,4630.424311117072,1,-4630.424311117072
361212,SELL,7014.2539661522205,1,-7014.2539661522205
361732,BUY,5978.509426220977,1,5978.509426220977
363049,BUY,6741.911969671084,1,6741.911969671084
363621,BUY,19944.74123577772,1,19944.74123577772
363882,SELL,3108.376425484797,1,-3108.376425484797
364326,SELL,9468.79407438546,1,-9468.79407438546
364383,SELL,12689.795622664284,1,-12689.795622664284
364488,BUY,6929.961461697081,1,6929.961461697081
364519,BUY,6258.254779632532,1,6258.254779632532
364783,SELL,62078.136995865774,1,-62078.136995865774
364985,BUY,5608.747423595164,1,5608.747423595164
365179,SELL,10556.895406858548,1,-10556.895406858548
365180,BUY,10508.983828354365,1,10508.983828354365
365181,BUY,29710.14000988823,1,29710.14000988823
365304,SELL,31529.71143546514,1,-31529.71143546514
365577,SELL,3687.5649838401287,1,-3687.5649838401287
365644,BUY,10670.127681179529,1,10670.127681179529
365930,SELL,18874.228364954855,1,-18874.228364954855
366217,BUY,6732.780860260102,1,6732.780860260102
366529,BUY,5128.339046661298,1,5128.339046661298
366834,SELL,795.3542217125618,1,-795.3542217125618
366971,SELL,48173.008234424,1,-48173.008234424
367002,SELL,1296.4880535998882,1,-1296.4880535998882
367252,BUY,1327.2162286632317,1,1327.2162286632317
367253,SELL,6112.272544324724,1,-6112.272544324724
367496,SELL,15905.393811119424,1,-15905.393811119424
367599,BUY,4367.935270299998,1,4367.935270299998
368279,SELL,10889.862493933015,1,-10889.862493933015
369200,BUY,17914.095213939214,1,17914.095213939214
369880,SELL,17606.88767228465,1,-17606.88767228465
370353,SELL,8150.318850609215,1,-8150.318850609215
370363,SELL,4231.098105476223,1,-4231.098105476223
370390,SELL,159.82072655613703,1,-159.82072655613703
370423,SELL,25639.75852441443,1,-25639.75852441443
370522,BUY,248887.22251177215,1,248887.22251177215
370643,SELL,10995.199840873125,1,-10995.199840873125
370690,SELL,1767.0387708157955,1,-1767.0387708157955
371064,SELL,3208.8137285501193,1,-3208.8137285501193
371480,BUY,38982.83508645624,1,38982.83508645624
371512,BUY,67372.16210517587,1,67372.16210517587
371731,BUY,3205.139919688508,1,3205.139919688508
371776,BUY,12181.498385815896,1,12181.498385815896
371969,SELL,2188.9413849494695,1,-2188.9413849494695
371995,SELL,3960.260083216429,1,-3960.260083216429
372117,BUY,25806.513640487206,1,25806.513640487206
372293,BUY,9936.746927925684,1,9936.746927925684
372302,BUY,7944.488978385525,1,7944.488978385525
372303,SELL,4385.080243912616,1,-4385.080243912616
372423,BUY,274.445522960661,1,274.445522960661
372583,SELL,165.30334952253733,1,-165.30334952253733
372909,BUY,682.2278417824182,1,682.2278417824182
373124,BUY,11704.889790181254,1,11704.889790181254
373282,SELL,18611.047835603116,1,-18611.047835603116
373314,SELL,8346.874550370027,1,-8346.874550370027
373317,BUY,12.627241270370645,1,12.627241270370645
373454,BUY,11329.14647771613,1,11329.14647771613
373667,SELL,35635.40584635516,1,-35635.40584635516
373821,BUY,8976.550688441068,1,8976.550688441068
373835,SELL,2838.6039615279196,1,-2838.6039615279196
374561,BUY,20291.604760352893,1,20291.604760352893
374571,BUY,5361.538512102224,1,5361.538512102224
375687,SELL,11111.490402495483,1,-11111.490402495483
375697,BUY,7958.519196880898,1,7958.519196880898
376033,SELL,3247.787430356273,1,-3247.787430356273
376036,BUY,3534.056792771721,1,3534.056792771721
376130,BUY,8488.69451097982,1,8488.69451097982
376149,BUY,1016.1074103085278,1,1016.1074103085278
376205,BUY,188.71860331198772,1,188.71860331198772
376415,SELL,6732.503717782058,1,-6732.503717782058
376716,BUY,9063.559587576456,1,9063.559587576456
376760,BUY,7545.361765651375,1,7545.361765651375
376909,BUY,19269.052272611876,1,19269.052272611876
377605,SELL,15572.545350192477,1,-15572.545350192477
378032,BUY,11694.201150873561,1,11694.201150873561
378473,SELL,1334.366327746611,1,-1334.366327746611
378825,BUY,2040.773647247118,1,2040.773647247118
378859,BUY,5432.111379407876,1,5432.111379407876
379038,BUY,7609.387338775857,1,7609.387338775857
379074,BUY,3743.3572925406775,1,3743.3572925406775
379200,BUY,3991.8968852017315,1,3991.8968852017315
379423,SELL,12654.29047844023,1,-12654.29047844023
379425,BUY,29997.83683183406,1,29997.83683183406
379598,SELL,460.5784011188483,1,-460.5784011188483
379631,BUY,5197.170232871039,1,5197.170232871039
379905,SELL,9779.13550473535,1,-9779.13550473535
380064,SELL,3213.231630427886,1,-3213.231630427886
380955,BUY,7226.100895102575,1,7226.100895102575
380996,BUY,5060.0323570042265,1,5060.0323570042265
381058,BUY,338.0544738850111,1,338.0544738850111
381468,BUY,4850.090629509998,1,4850.090629509998
382748,BUY,13132.372544971939,1,13132.372544971939
382749,BUY,456.50119180690575,1,456.50119180690575
383210,BUY,4543.076219599667,1,4543.076219599667
383248,BUY,11595.598172098806,1,11595.598172098806
383363,SELL,2383.984652788694,1,-2383.984652788694
383407,SELL,12580.245694579558,1,-12580.245694579558
383421,BUY,6923.977148258228,1,6923.977148258228
383443,SELL,88442.45591437396,1,-88442.45591437396
383602,SELL,5021.19829039319,1,-5021.19829039319
383605,BUY,20815.897222569398,1,20815.897222569398
383854,SELL,113581.6657059628,1,-113581.6657059628
384028,BUY,20990.855508205605,1,20990.855508205605
384367,SELL,2778.784686490148,1,-2778.784686490148
384969,BUY,1987.6493185120185,1,1987.6493185120185
385014,BUY,1524247.3618191087,1,1524247.3618191087
385159,BUY,4318.50964804588,1,4318.50964804588
385213,SELL,62772.393118726744,1,-62772.393118726744
385445,SELL,5313.638732385275,1,-5313.638732385275
385448,SELL,2397.1423441121656,1,-2397.1423441121656
385482,BUY,1025.0009241030498,1,1025.0009241030498
385602,BUY,3216.7870771453186,1,3216.7870771453186
385635,BUY,7267.6077503227925,1,7267.6077503227925
386603,SELL,11838.25708340521,1,-11838.25708340521
386669,BUY,4070.245416724475,1,4070.245416724475
386700,BUY,17568.989826417128,1,17568.989826417128
386701,SELL,1463.836951206705,1,-1463.836951206705
386711,SELL,4954.309391563334,1,-4954.309391563334
386899,BUY,2355.160980569111,1,2355.160980569111
386900,BUY,5672.683386724661,1,5672.683386724661
386955,SELL,6220.813540033914,1,-6220.813540033914
387014,SELL,10117.782958427182,1,-10117.782958427182
387533,SELL,3364.4395321878105,1,-3364.4395321878105
387563,SELL,159.53721634461834,1,-159.53721634461834
387887,BUY,12449.515602509095,1,12449.515602509095
387915,BUY,2712.2205270969257,1,2712.2205270969257
388587,SELL,7409.414642184751,1,-7409.414642184751
388715,SELL,1209.2637293476118,1,-1209.2637293476118
388717,BUY,25748.94614149822,1,25748.94614149822
388803,BUY,14747.853174092343,1,14747.853174092343
388873,BUY,1464.1219013665227,1,1464.1219013665227
389013,SELL,2911.3077715519366,1,-2911.3077715519366
390033,SELL,6818.246012859841,1,-6818.246012859841
390348,BUY,1753.6808583467644,1,1753.6808583467644
390510,BUY,389.97368442322426,1,389.97368442322426
390650,SELL,11836.350620483166,1,-11836.350620483166
390681,SELL,6881.970126847603,1,-6881.970126847603
390686,SELL,2335.1749914394504,1,-2335.1749914394504
391245,SELL,4015.8515126018715,1,-4015.8515126018715
392065,SELL,1767.0773963429635,1,-1767.0773963429635
392199,SELL,1128.6190514345622,1,-1128.6190514345622
392428,SELL,9505.490303507473,1,-9505.490303507473
392465,SELL,4257.681118924778,1,-4257.681118924778
392466,SELL,1429.8337676763256,1,-1429.8337676763256
392529,SELL,3557.1264092459733,1,-3557.1264092459733
392726,SELL,782.7700465294696,1,-782.7700465294696
